Student_ID,Hours_Studied,Attendance,Parental_Involvement,Access_to_Resources,Extracurricular_Activities,Sleep_Hours,Previous_Scores,Motivation_Level,Internet_Access,Tutoring_Sessions,Family_Income,Teacher_Quality,School_Type,Peer_Influence,Physical_Activity,Learning_Disabilities,Parental_Education_Level,Distance_from_Home,Gender,Exam_Score,Study_Hours_Range,Study_Range_Order,Attendance_Band,Attendance_Band_Order,Tutoring_Group,Score_Quality_Flag
1,23,84,Low,High,No,7,73,Low,Yes,0,Low,Medium,Public,Positive,3,No,High School,Near,Male,67,16+ hours,4,80-89%,3,No tutoring,Within 0-100
2,19,64,Low,Medium,No,8,59,Low,Yes,2,Medium,Medium,Public,Negative,4,No,College,Moderate,Female,61,16+ hours,4,60-69%,1,1+ sessions,Within 0-100
3,24,98,Medium,Medium,Yes,7,91,Medium,Yes,2,Medium,Medium,Public,Neutral,4,No,Postgraduate,Near,Male,74,16+ hours,4,90-100%,4,1+ sessions,Within 0-100
4,29,89,Low,Medium,Yes,8,98,Medium,Yes,1,Medium,Medium,Public,Negative,4,No,High School,Moderate,Male,71,16+ hours,4,80-89%,3,1+ sessions,Within 0-100
5,19,92,Medium,Medium,Yes,6,65,Medium,Yes,3,Medium,High,Public,Neutral,4,No,College,Near,Female,70,16+ hours,4,90-100%,4,1+ sessions,Within 0-100
6,19,88,Medium,Medium,Yes,8,89,Medium,Yes,3,Medium,Medium,Public,Positive,3,No,Postgraduate,Near,Male,71,16+ hours,4,80-89%,3,1+ sessions,Within 0-100
7,29,84,Medium,Low,Yes,7,68,Low,Yes,1,Low,Medium,Private,Neutral,2,No,High School,Moderate,Male,67,16+ hours,4,80-89%,3,1+ sessions,Within 0-100
8,25,78,Low,High,Yes,6,50,Medium,Yes,1,High,High,Public,Negative,2,No,High School,Far,Male,66,16+ hours,4,70-79%,2,1+ sessions,Within 0-100
9,17,94,Medium,High,No,6,80,High,Yes,0,Medium,Low,Private,Neutral,1,No,College,Near,Male,69,16+ hours,4,90-100%,4,No tutoring,Within 0-100
10,23,98,Medium,Medium,Yes,8,71,Medium,Yes,0,High,High,Public,Positive,5,No,High School,Moderate,Male,72,16+ hours,4,90-100%,4,No tutoring,Within 0-100
11,17,80,Low,High,No,8,88,Medium,No,4,Medium,High,Private,Neutral,4,No,College,Moderate,Male,68,16+ hours,4,80-89%,3,1+ sessions,Within 0-100
12,17,97,Medium,High,Yes,6,87,Low,Yes,2,Low,High,Private,Neutral,2,No,High School,Near,Male,71,16+ hours,4,90-100%,4,1+ sessions,Within 0-100
13,21,83,Medium,Medium,Yes,8,97,Low,Yes,2,Medium,Medium,Public,Positive,4,No,High School,Near,Male,70,16+ hours,4,80-89%,3,1+ sessions,Within 0-100
14,9,82,Medium,Medium,Yes,8,72,Medium,Yes,2,Medium,Medium,Private,Positive,3,No,Postgraduate,Near,Male,66,6-10 hours,2,80-89%,3,1+ sessions,Within 0-100
15,10,78,Medium,High,Yes,8,74,Medium,Yes,1,Low,Medium,Private,Neutral,4,No,Postgraduate,Near,Male,65,6-10 hours,2,70-79%,2,1+ sessions,Within 0-100
16,17,68,Medium,Medium,No,8,70,Medium,Yes,2,Medium,Medium,Private,Positive,4,No,High School,Near,Female,64,16+ hours,4,60-69%,1,1+ sessions,Within 0-100
17,14,60,Medium,Low,Yes,10,65,Low,Yes,0,High,Medium,Private,Positive,3,No,College,Near,Male,60,11-15 hours,3,60-69%,1,No tutoring,Within 0-100
18,22,70,Low,Medium,Yes,6,82,Medium,Yes,1,Low,High,Public,Neutral,3,No,High School,Near,Female,65,16+ hours,4,70-79%,2,1+ sessions,Within 0-100
19,15,80,Medium,Medium,Yes,9,91,Low,Yes,3,Low,Medium,Public,Positive,2,No,College,Moderate,Female,67,11-15 hours,3,80-89%,3,1+ sessions,Within 0-100
20,12,75,Medium,High,Yes,7,58,Medium,Yes,3,Medium,Medium,Private,Positive,4,No,College,Near,Male,66,11-15 hours,3,70-79%,2,1+ sessions,Within 0-100
21,29,78,Medium,Medium,No,5,99,High,Yes,0,High,Medium,Public,Negative,1,No,High School,Moderate,Female,69,16+ hours,4,70-79%,2,No tutoring,Within 0-100
22,19,99,Medium,High,No,6,84,Medium,Yes,1,Medium,High,Public,Neutral,3,No,High School,Near,Male,72,16+ hours,4,90-100%,4,1+ sessions,Within 0-100
23,20,74,Medium,High,No,8,89,Low,Yes,1,Medium,Medium,Public,Negative,2,No,College,Moderate,Female,66,16+ hours,4,70-79%,2,1+ sessions,Within 0-100
24,11,78,High,Medium,Yes,8,100,High,Yes,1,Low,Medium,Public,Neutral,3,No,High School,Moderate,Male,66,11-15 hours,3,70-79%,2,1+ sessions,Within 0-100
25,17,65,Low,High,Yes,5,75,Medium,Yes,2,Low,Medium,Public,Positive,3,No,High School,Near,Female,63,16+ hours,4,60-69%,1,1+ sessions,Within 0-100
26,21,62,High,Low,Yes,6,54,High,Yes,0,High,High,Public,Positive,3,No,Postgraduate,Far,Male,64,16+ hours,4,60-69%,1,No tutoring,Within 0-100
27,13,91,Low,Medium,No,6,90,Medium,Yes,1,High,Medium,Public,Negative,2,Yes,High School,Moderate,Female,65,11-15 hours,3,90-100%,4,1+ sessions,Within 0-100
28,22,83,High,High,Yes,6,94,Medium,Yes,0,High,Medium,Public,Neutral,2,No,College,Moderate,Male,71,16+ hours,4,80-89%,3,No tutoring,Within 0-100
29,16,90,Medium,Medium,No,4,58,Medium,Yes,1,Low,Medium,Public,Neutral,3,No,High School,Moderate,Female,66,16+ hours,4,90-100%,4,1+ sessions,Within 0-100
30,18,66,High,High,No,4,51,Low,Yes,2,Low,Medium,Private,Neutral,2,No,College,Near,Male,64,16+ hours,4,60-69%,1,1+ sessions,Within 0-100
31,16,83,Low,Medium,No,6,57,Medium,Yes,0,High,Low,Public,Positive,4,Yes,High School,Near,Female,63,16+ hours,4,80-89%,3,No tutoring,Within 0-100
32,31,70,Medium,High,Yes,7,66,Medium,Yes,1,High,Medium,Public,Negative,3,No,College,Near,Male,69,16+ hours,4,70-79%,2,1+ sessions,Within 0-100
33,20,69,Medium,Medium,Yes,8,96,Medium,Yes,2,Medium,High,Public,Positive,3,No,High School,Near,Male,67,16+ hours,4,60-69%,1,1+ sessions,Within 0-100
34,14,60,High,Medium,No,5,50,Medium,Yes,2,Medium,Medium,Public,Neutral,3,No,College,Unknown,Female,61,11-15 hours,3,60-69%,1,1+ sessions,Within 0-100
35,25,65,High,Medium,No,5,90,Medium,Yes,2,Medium,Medium,Public,Positive,3,No,College,Moderate,Female,68,16+ hours,4,60-69%,1,1+ sessions,Within 0-100
36,13,72,Low,Medium,No,6,93,Low,Yes,1,Low,Medium,Public,Negative,3,No,High School,Near,Male,61,11-15 hours,3,70-79%,2,1+ sessions,Within 0-100
37,21,65,Medium,Low,Yes,7,91,Low,Yes,2,Medium,High,Public,Positive,3,No,High School,Far,Female,64,16+ hours,4,60-69%,1,1+ sessions,Within 0-100
38,8,99,Medium,Medium,No,9,54,Low,Yes,2,Low,Medium,Public,Neutral,5,No,Postgraduate,Near,Female,67,6-10 hours,2,90-100%,4,1+ sessions,Within 0-100
39,12,72,Low,Medium,Yes,8,84,Medium,Yes,1,Low,Medium,Public,Positive,5,No,High School,Near,Female,63,11-15 hours,3,70-79%,2,1+ sessions,Within 0-100
40,21,65,Low,Medium,Yes,6,98,Low,Yes,1,Medium,High,Public,Negative,4,No,High School,Near,Male,64,16+ hours,4,60-69%,1,1+ sessions,Within 0-100
41,24,68,High,Medium,No,8,56,Low,Yes,3,High,High,Public,Neutral,1,No,College,Near,Male,67,16+ hours,4,60-69%,1,1+ sessions,Within 0-100
42,21,84,Medium,Medium,Yes,6,52,Low,Yes,1,Medium,High,Public,Neutral,2,Yes,College,Far,Female,65,16+ hours,4,80-89%,3,1+ sessions,Within 0-100
43,19,63,Low,High,No,7,94,Medium,Yes,1,Medium,Medium,Private,Positive,3,No,High School,Moderate,Male,64,16+ hours,4,60-69%,1,1+ sessions,Within 0-100
44,18,94,Medium,High,Yes,7,82,Medium,Yes,3,Medium,Medium,Private,Negative,2,Yes,College,Near,Male,70,16+ hours,4,90-100%,4,1+ sessions,Within 0-100
45,11,98,Medium,Medium,Yes,9,82,Low,Yes,1,Medium,Medium,Private,Positive,3,No,Postgraduate,Far,Male,68,11-15 hours,3,90-100%,4,1+ sessions,Within 0-100
46,16,70,Medium,Medium,Yes,8,98,Medium,Yes,2,Medium,Medium,Public,Positive,3,No,High School,Moderate,Male,65,16+ hours,4,70-79%,2,1+ sessions,Within 0-100
47,17,78,Medium,Medium,Yes,6,88,Medium,Yes,1,Medium,High,Private,Positive,3,No,College,Near,Female,68,16+ hours,4,70-79%,2,1+ sessions,Within 0-100
48,26,61,Medium,Low,Yes,6,70,Medium,Yes,2,Low,Medium,Public,Positive,3,No,High School,Moderate,Female,64,16+ hours,4,60-69%,1,1+ sessions,Within 0-100
49,22,86,Low,Medium,Yes,7,72,Low,Yes,3,Low,High,Public,Positive,2,No,High School,Moderate,Male,68,16+ hours,4,80-89%,3,1+ sessions,Within 0-100
50,9,77,Medium,Medium,No,5,57,Medium,Yes,2,Medium,High,Public,Neutral,3,No,High School,Near,Male,63,6-10 hours,2,70-79%,2,1+ sessions,Within 0-100
51,22,71,Low,Medium,Yes,7,65,Low,Yes,1,Medium,Low,Public,Positive,4,No,College,Moderate,Male,64,16+ hours,4,70-79%,2,1+ sessions,Within 0-100
52,18,68,High,Medium,No,7,72,Medium,Yes,0,Medium,Medium,Public,Neutral,3,No,College,Near,Male,64,16+ hours,4,60-69%,1,No tutoring,Within 0-100
53,16,86,Low,Medium,Yes,8,63,Medium,Yes,2,Medium,Medium,Public,Positive,4,No,High School,Near,Male,67,16+ hours,4,80-89%,3,1+ sessions,Within 0-100
54,24,77,High,Low,No,8,96,Medium,Yes,0,Medium,Medium,Public,Neutral,3,No,High School,Near,Female,67,16+ hours,4,70-79%,2,No tutoring,Within 0-100
55,26,67,Medium,High,Yes,7,51,Low,Yes,2,High,High,Private,Neutral,4,Yes,Postgraduate,Far,Female,66,16+ hours,4,60-69%,1,1+ sessions,Within 0-100
56,26,88,Medium,High,Yes,5,79,Medium,Yes,1,Low,High,Private,Positive,4,No,College,Moderate,Male,72,16+ hours,4,80-89%,3,1+ sessions,Within 0-100
57,15,83,Medium,High,No,5,89,Low,No,1,Medium,High,Public,Neutral,2,Yes,High School,Near,Female,65,11-15 hours,3,80-89%,3,1+ sessions,Within 0-100
58,18,94,Medium,Medium,Yes,6,87,High,Yes,1,Medium,Medium,Public,Positive,4,No,High School,Near,Male,71,16+ hours,4,90-100%,4,1+ sessions,Within 0-100
59,22,65,High,Low,No,8,82,Medium,Yes,2,Medium,High,Public,Positive,1,No,Postgraduate,Near,Female,66,16+ hours,4,60-69%,1,1+ sessions,Within 0-100
60,26,91,Medium,Low,Yes,8,71,Medium,Yes,0,Low,Medium,Private,Neutral,3,No,High School,Moderate,Male,68,16+ hours,4,90-100%,4,No tutoring,Within 0-100
61,17,87,Medium,Medium,No,7,96,Medium,Yes,1,High,Medium,Public,Negative,5,No,Postgraduate,Near,Female,70,16+ hours,4,80-89%,3,1+ sessions,Within 0-100
62,19,65,Medium,Medium,Yes,10,66,Low,Yes,0,Low,Medium,Public,Positive,3,No,High School,Moderate,Male,62,16+ hours,4,60-69%,1,No tutoring,Within 0-100
63,13,88,Low,High,Yes,9,88,High,Yes,2,Low,High,Private,Negative,4,No,Postgraduate,Far,Male,68,11-15 hours,3,80-89%,3,1+ sessions,Within 0-100
64,13,78,Medium,High,Yes,9,96,High,Yes,2,Low,Medium,Public,Neutral,3,No,College,Moderate,Male,67,11-15 hours,3,70-79%,2,1+ sessions,Within 0-100
65,25,98,Low,High,Yes,8,56,Medium,No,0,Medium,High,Private,Neutral,3,No,Postgraduate,Near,Male,71,16+ hours,4,90-100%,4,No tutoring,Within 0-100
66,28,66,Medium,High,Yes,8,97,Medium,Yes,0,Medium,Medium,Public,Neutral,2,No,High School,Near,Male,68,16+ hours,4,60-69%,1,No tutoring,Within 0-100
67,20,86,Medium,Medium,Yes,8,89,Medium,Yes,1,Low,Medium,Public,Negative,3,No,Postgraduate,Near,Male,69,16+ hours,4,80-89%,3,1+ sessions,Within 0-100
68,26,75,Low,High,Yes,4,81,High,Yes,3,Medium,High,Private,Positive,2,No,High School,Moderate,Male,70,16+ hours,4,70-79%,2,1+ sessions,Within 0-100
69,22,98,Medium,High,No,5,69,Low,No,1,Low,High,Public,Negative,4,No,High School,Moderate,Female,69,16+ hours,4,90-100%,4,1+ sessions,Within 0-100
70,16,73,Medium,Medium,No,7,95,Medium,Yes,1,Low,Medium,Public,Negative,4,No,College,Near,Male,65,16+ hours,4,70-79%,2,1+ sessions,Within 0-100
71,22,98,Medium,Low,Yes,7,52,Medium,No,3,Medium,Medium,Public,Positive,3,No,College,Near,Female,70,16+ hours,4,90-100%,4,1+ sessions,Within 0-100
72,29,96,Medium,Low,Yes,7,72,Medium,Yes,1,Low,Medium,Public,Positive,3,No,High School,Moderate,Male,71,16+ hours,4,90-100%,4,1+ sessions,Within 0-100
73,20,71,Medium,Medium,Yes,7,88,Medium,Yes,1,Low,Low,Public,Neutral,4,No,College,Near,Female,65,16+ hours,4,70-79%,2,1+ sessions,Within 0-100
74,29,92,Low,Medium,No,4,91,Medium,Yes,2,Medium,Medium,Public,Negative,1,No,Postgraduate,Near,Female,72,16+ hours,4,90-100%,4,1+ sessions,Within 0-100
75,4,100,High,High,Yes,8,60,High,Yes,0,Medium,High,Private,Positive,4,No,College,Moderate,Male,69,1-5 hours,1,90-100%,4,No tutoring,Within 0-100
76,25,70,Medium,Medium,No,7,52,Medium,Yes,1,Medium,Medium,Public,Positive,3,No,Postgraduate,Near,Female,66,16+ hours,4,70-79%,2,1+ sessions,Within 0-100
77,21,77,Low,Medium,Yes,7,90,Medium,Yes,4,Medium,Medium,Private,Neutral,3,No,Postgraduate,Moderate,Male,68,16+ hours,4,70-79%,2,1+ sessions,Within 0-100
78,18,81,High,Low,Yes,8,71,Medium,Yes,0,Medium,Medium,Public,Neutral,3,No,High School,Moderate,Female,65,16+ hours,4,80-89%,3,No tutoring,Within 0-100
79,21,72,Medium,Medium,Yes,5,57,Medium,Yes,1,High,Medium,Public,Neutral,5,Yes,College,Moderate,Male,64,16+ hours,4,70-79%,2,1+ sessions,Within 0-100
80,8,61,Medium,Medium,Yes,7,54,Medium,Yes,1,High,Medium,Public,Positive,3,No,College,Near,Male,60,6-10 hours,2,60-69%,1,1+ sessions,Within 0-100
81,19,69,Medium,High,Yes,7,82,High,Yes,1,Low,Medium,Public,Negative,2,No,High School,Near,Male,65,16+ hours,4,60-69%,1,1+ sessions,Within 0-100
82,22,71,High,Medium,No,6,79,High,Yes,1,Low,Low,Public,Positive,3,No,High School,Near,Male,66,16+ hours,4,70-79%,2,1+ sessions,Within 0-100
83,29,78,High,High,Yes,4,93,Low,Yes,5,Medium,High,Public,Neutral,3,No,College,Near,Male,74,16+ hours,4,70-79%,2,1+ sessions,Within 0-100
84,17,67,Medium,Medium,Yes,5,52,High,Yes,2,Medium,Medium,Private,Negative,3,No,High School,Far,Female,62,16+ hours,4,60-69%,1,1+ sessions,Within 0-100
85,15,95,Medium,Medium,No,7,93,Medium,Yes,2,Low,Medium,Public,Positive,4,No,College,Moderate,Male,70,11-15 hours,3,90-100%,4,1+ sessions,Within 0-100
86,17,88,Medium,High,Yes,7,94,Low,Yes,0,Medium,Medium,Public,Neutral,3,No,High School,Near,Male,69,16+ hours,4,80-89%,3,No tutoring,Within 0-100
87,25,63,Medium,High,Yes,7,72,Medium,Yes,3,Medium,High,Private,Negative,4,No,College,Far,Male,67,16+ hours,4,60-69%,1,1+ sessions,Within 0-100
88,22,86,Low,Low,No,6,54,Medium,Yes,2,Medium,Medium,Public,Neutral,0,No,High School,Moderate,Male,64,16+ hours,4,80-89%,3,1+ sessions,Within 0-100
89,17,86,Medium,High,No,5,97,High,Yes,3,High,Medium,Public,Neutral,3,No,College,Near,Male,71,16+ hours,4,80-89%,3,1+ sessions,Within 0-100
90,23,98,Medium,Low,Yes,7,54,Low,Yes,0,Medium,Medium,Public,Negative,3,No,College,Near,Female,68,16+ hours,4,90-100%,4,No tutoring,Within 0-100
91,21,60,High,Medium,No,7,80,Medium,Yes,0,Medium,High,Public,Neutral,4,Yes,College,Near,Male,64,16+ hours,4,60-69%,1,No tutoring,Within 0-100
92,26,70,Medium,Low,Yes,8,75,Medium,Yes,1,Medium,Low,Private,Neutral,4,Yes,High School,Far,Female,63,16+ hours,4,70-79%,2,1+ sessions,Within 0-100
93,16,97,Medium,Medium,Yes,6,92,Low,Yes,0,High,Medium,Private,Positive,4,No,College,Near,Male,71,16+ hours,4,90-100%,4,No tutoring,Within 0-100
94,18,97,High,Medium,Yes,4,75,Low,Yes,0,Low,Medium,Public,Positive,3,No,High School,Moderate,Male,69,16+ hours,4,90-100%,4,No tutoring,Within 0-100
95,18,89,High,Medium,Yes,4,73,Medium,Yes,3,High,Medium,Private,Positive,2,No,College,Near,Female,100,16+ hours,4,80-89%,3,1+ sessions,Within 0-100
96,11,91,Medium,Medium,No,6,94,Medium,Yes,3,Medium,Medium,Public,Neutral,3,No,College,Moderate,Male,68,11-15 hours,3,90-100%,4,1+ sessions,Within 0-100
97,22,64,Low,Medium,No,7,98,Low,No,1,Medium,Medium,Public,Negative,3,No,High School,Near,Male,62,16+ hours,4,60-69%,1,1+ sessions,Within 0-100
98,22,81,Medium,Medium,Yes,7,77,Low,Yes,2,Medium,Medium,Public,Positive,3,No,Postgraduate,Far,Female,68,16+ hours,4,80-89%,3,1+ sessions,Within 0-100
99,20,69,High,High,Yes,6,73,Medium,Yes,2,Low,Medium,Private,Positive,3,No,High School,Far,Male,66,16+ hours,4,60-69%,1,1+ sessions,Within 0-100
100,19,67,Low,Medium,No,5,92,High,Yes,0,Medium,Medium,Public,Positive,3,No,College,Near,Male,64,16+ hours,4,60-69%,1,No tutoring,Within 0-100
101,12,92,Medium,Medium,No,4,92,High,Yes,2,Medium,High,Public,Neutral,3,Yes,High School,Moderate,Male,67,11-15 hours,3,90-100%,4,1+ sessions,Within 0-100
102,17,65,Medium,High,Yes,8,66,Medium,Yes,1,High,High,Public,Neutral,4,Yes,Postgraduate,Moderate,Female,65,16+ hours,4,60-69%,1,1+ sessions,Within 0-100
103,18,79,Medium,Medium,Yes,7,79,Medium,Yes,0,Low,High,Private,Neutral,3,No,College,Far,Male,65,16+ hours,4,70-79%,2,No tutoring,Within 0-100
104,15,98,High,Medium,No,6,58,High,Yes,0,Low,High,Public,Positive,3,No,College,Near,Male,69,11-15 hours,3,90-100%,4,No tutoring,Within 0-100
105,19,67,Medium,Medium,No,5,82,High,Yes,1,Low,Low,Private,Negative,3,No,High School,Near,Male,63,16+ hours,4,60-69%,1,1+ sessions,Within 0-100
106,22,99,Medium,Low,Yes,6,92,Low,Yes,3,Medium,Medium,Public,Negative,4,No,Postgraduate,Moderate,Male,72,16+ hours,4,90-100%,4,1+ sessions,Within 0-100
107,31,100,Medium,Medium,No,7,59,Medium,Yes,2,High,High,Public,Positive,5,No,Postgraduate,Moderate,Male,76,16+ hours,4,90-100%,4,1+ sessions,Within 0-100
108,21,82,Medium,High,Yes,7,66,High,Yes,3,Low,Medium,Public,Positive,3,Yes,College,Near,Female,69,16+ hours,4,80-89%,3,1+ sessions,Within 0-100
109,22,67,Medium,Medium,Yes,7,72,High,Yes,3,Low,High,Public,Positive,2,No,Postgraduate,Moderate,Female,67,16+ hours,4,60-69%,1,1+ sessions,Within 0-100
110,20,73,High,Medium,Yes,9,92,Medium,Yes,2,Medium,High,Public,Positive,3,No,College,Near,Male,69,16+ hours,4,70-79%,2,1+ sessions,Within 0-100
111,8,77,High,Medium,Yes,6,87,Medium,Yes,0,Low,Medium,Public,Neutral,2,No,High School,Moderate,Male,63,6-10 hours,2,70-79%,2,No tutoring,Within 0-100
112,20,72,Medium,Medium,No,9,66,Medium,Yes,3,Low,High,Private,Positive,3,No,Postgraduate,Near,Male,67,16+ hours,4,70-79%,2,1+ sessions,Within 0-100
113,20,71,Low,High,Yes,7,62,High,Yes,2,Medium,Medium,Public,Negative,5,No,College,Near,Male,66,16+ hours,4,70-79%,2,1+ sessions,Within 0-100
114,35,99,High,High,Yes,7,85,Low,Yes,2,Medium,High,Private,Neutral,2,No,Postgraduate,Near,Female,79,16+ hours,4,90-100%,4,1+ sessions,Within 0-100
115,19,66,Medium,Medium,No,8,74,Medium,Yes,1,High,Medium,Public,Neutral,3,No,High School,Near,Female,64,16+ hours,4,60-69%,1,1+ sessions,Within 0-100
116,22,89,High,High,Yes,6,80,Medium,Yes,1,High,High,Public,Positive,3,No,High School,Near,Female,73,16+ hours,4,80-89%,3,1+ sessions,Within 0-100
117,20,60,Low,High,No,7,82,High,Yes,2,Low,High,Public,Positive,4,Yes,High School,Near,Male,63,16+ hours,4,60-69%,1,1+ sessions,Within 0-100
118,13,84,Medium,Medium,No,5,78,Medium,Yes,1,Low,High,Public,Positive,2,No,High School,Near,Male,65,11-15 hours,3,80-89%,3,1+ sessions,Within 0-100
119,27,97,Low,High,Yes,8,81,Medium,Yes,0,High,Medium,Public,Positive,5,No,High School,Near,Female,73,16+ hours,4,90-100%,4,No tutoring,Within 0-100
120,25,72,High,High,Yes,8,94,Low,Yes,2,Low,Medium,Private,Positive,4,No,College,Moderate,Female,70,16+ hours,4,70-79%,2,1+ sessions,Within 0-100
121,25,67,High,Medium,No,9,93,High,Yes,2,Low,High,Public,Positive,3,Yes,High School,Near,Female,68,16+ hours,4,60-69%,1,1+ sessions,Within 0-100
122,15,86,Medium,Medium,Yes,7,57,Medium,Yes,1,Medium,Medium,Public,Negative,3,No,College,Near,Male,65,11-15 hours,3,80-89%,3,1+ sessions,Within 0-100
123,28,89,Low,High,Yes,9,79,High,Yes,0,Low,Medium,Private,Positive,1,No,College,Moderate,Female,71,16+ hours,4,80-89%,3,No tutoring,Within 0-100
124,12,88,Low,Medium,No,6,72,Low,Yes,2,Medium,Medium,Public,Positive,2,No,College,Far,Male,64,11-15 hours,3,80-89%,3,1+ sessions,Within 0-100
125,24,73,Medium,High,Yes,8,64,Medium,Yes,4,High,Medium,Private,Neutral,3,Yes,College,Moderate,Male,68,16+ hours,4,70-79%,2,1+ sessions,Within 0-100
126,33,70,Medium,Medium,Yes,6,82,Low,Yes,1,Low,High,Public,Neutral,4,No,College,Near,Male,69,16+ hours,4,70-79%,2,1+ sessions,Within 0-100
127,14,98,Medium,Medium,No,7,76,Medium,Yes,0,Medium,High,Private,Positive,4,No,College,Moderate,Female,69,11-15 hours,3,90-100%,4,No tutoring,Within 0-100
128,17,97,Medium,Medium,No,8,89,Medium,Yes,1,Low,Unknown,Public,Neutral,4,No,High School,Far,Male,69,16+ hours,4,90-100%,4,1+ sessions,Within 0-100
129,21,78,Medium,Medium,Yes,10,55,Medium,Yes,1,High,Low,Private,Positive,2,No,College,Near,Male,67,16+ hours,4,70-79%,2,1+ sessions,Within 0-100
130,17,94,Low,Medium,Yes,8,65,Low,Yes,4,Medium,Medium,Public,Neutral,6,No,High School,Far,Female,68,16+ hours,4,90-100%,4,1+ sessions,Within 0-100
131,11,78,Medium,High,Yes,8,51,Medium,Yes,2,Low,Medium,Public,Neutral,3,No,Postgraduate,Near,Male,64,11-15 hours,3,70-79%,2,1+ sessions,Within 0-100
132,20,77,Medium,Medium,No,6,87,Low,Yes,0,Low,High,Public,Positive,4,No,High School,Near,Female,66,16+ hours,4,70-79%,2,No tutoring,Within 0-100
133,14,66,High,Low,No,7,96,Medium,Yes,3,Low,High,Public,Negative,3,No,High School,Near,Male,63,11-15 hours,3,60-69%,1,1+ sessions,Within 0-100
134,23,77,Medium,Medium,Yes,7,79,Medium,Yes,0,Low,High,Public,Neutral,2,No,High School,Moderate,Male,66,16+ hours,4,70-79%,2,No tutoring,Within 0-100
135,14,81,Medium,Medium,No,9,81,Medium,Yes,1,Low,High,Private,Negative,3,No,Postgraduate,Near,Female,66,11-15 hours,3,80-89%,3,1+ sessions,Within 0-100
136,29,61,Medium,High,Yes,7,52,Low,Yes,3,Low,Medium,Private,Positive,3,No,College,Near,Female,67,16+ hours,4,60-69%,1,1+ sessions,Within 0-100
137,15,78,High,High,No,9,75,Low,Yes,1,Low,Medium,Public,Negative,1,No,High School,Near,Male,65,11-15 hours,3,70-79%,2,1+ sessions,Within 0-100
138,18,91,Low,Medium,Yes,5,76,Medium,Yes,1,Medium,Medium,Public,Neutral,3,No,High School,Near,Female,68,16+ hours,4,90-100%,4,1+ sessions,Within 0-100
139,25,87,Medium,Low,No,9,52,High,Yes,1,Low,High,Private,Positive,2,No,High School,Near,Male,68,16+ hours,4,80-89%,3,1+ sessions,Within 0-100
140,13,85,High,Medium,No,6,89,Medium,Yes,0,High,Medium,Private,Neutral,1,Yes,High School,Near,Male,65,11-15 hours,3,80-89%,3,No tutoring,Within 0-100
141,21,96,Medium,Medium,No,8,64,High,Yes,2,Medium,High,Public,Neutral,0,No,College,Near,Male,71,16+ hours,4,90-100%,4,1+ sessions,Within 0-100
142,28,61,Medium,High,No,6,86,High,Yes,1,Low,Medium,Private,Negative,3,Yes,Postgraduate,Far,Male,65,16+ hours,4,60-69%,1,1+ sessions,Within 0-100
143,10,82,Medium,Low,No,8,70,Medium,Yes,3,Low,High,Public,Positive,1,Yes,Postgraduate,Near,Female,64,6-10 hours,2,80-89%,3,1+ sessions,Within 0-100
144,21,91,High,Medium,No,6,100,Medium,Yes,0,High,Medium,Private,Neutral,2,No,Postgraduate,Near,Female,72,16+ hours,4,90-100%,4,No tutoring,Within 0-100
145,22,82,Medium,Medium,No,9,61,Medium,Yes,2,Low,Medium,Public,Negative,2,Yes,High School,Near,Female,65,16+ hours,4,80-89%,3,1+ sessions,Within 0-100
146,25,73,Medium,High,No,8,53,High,No,0,Low,High,Private,Negative,5,No,Postgraduate,Near,Female,66,16+ hours,4,70-79%,2,No tutoring,Within 0-100
147,13,65,Low,High,No,6,99,Medium,Yes,0,Low,Medium,Private,Negative,4,No,High School,Near,Male,61,11-15 hours,3,60-69%,1,No tutoring,Within 0-100
148,12,96,Low,High,Yes,8,62,Medium,Yes,2,Medium,High,Public,Negative,3,No,College,Near,Female,68,11-15 hours,3,90-100%,4,1+ sessions,Within 0-100
149,23,79,High,High,Yes,8,82,Low,Yes,3,Medium,Medium,Public,Negative,3,Yes,Postgraduate,Moderate,Female,69,16+ hours,4,70-79%,2,1+ sessions,Within 0-100
150,22,95,Medium,High,Yes,6,69,Medium,Yes,1,Low,Medium,Public,Positive,3,No,College,Near,Female,72,16+ hours,4,90-100%,4,1+ sessions,Within 0-100
151,22,83,Medium,High,Yes,5,82,Medium,Yes,2,Low,High,Public,Positive,3,No,Postgraduate,Near,Female,71,16+ hours,4,80-89%,3,1+ sessions,Within 0-100
152,22,87,High,High,No,5,80,Low,Yes,2,Low,High,Public,Negative,3,No,High School,Near,Female,70,16+ hours,4,80-89%,3,1+ sessions,Within 0-100
153,16,92,Medium,High,Yes,5,85,Low,Yes,1,Low,Medium,Public,Neutral,2,No,High School,Moderate,Male,68,16+ hours,4,90-100%,4,1+ sessions,Within 0-100
154,21,86,Low,Medium,Yes,5,51,Medium,Yes,2,Low,High,Public,Positive,2,No,High School,Moderate,Female,67,16+ hours,4,80-89%,3,1+ sessions,Within 0-100
155,22,76,Medium,Medium,Yes,8,92,Medium,Yes,1,Low,High,Public,Neutral,4,No,High School,Near,Female,68,16+ hours,4,70-79%,2,1+ sessions,Within 0-100
156,16,81,Medium,Medium,Yes,8,74,Medium,Yes,3,Medium,Medium,Public,Positive,2,No,Postgraduate,Near,Female,68,16+ hours,4,80-89%,3,1+ sessions,Within 0-100
157,31,92,Medium,Medium,Yes,4,76,Medium,Yes,2,Medium,High,Public,Positive,4,Yes,High School,Far,Male,72,16+ hours,4,90-100%,4,1+ sessions,Within 0-100
158,23,75,Low,High,No,6,71,Low,Yes,0,Medium,Medium,Public,Neutral,2,No,College,Near,Male,65,16+ hours,4,70-79%,2,No tutoring,Within 0-100
159,13,76,Medium,High,No,5,99,Low,Yes,2,Medium,Medium,Private,Positive,4,No,High School,Near,Female,66,11-15 hours,3,70-79%,2,1+ sessions,Within 0-100
160,24,64,Medium,Medium,Yes,8,90,High,Yes,0,Low,High,Public,Negative,3,No,High School,Near,Male,65,16+ hours,4,60-69%,1,No tutoring,Within 0-100
161,14,97,Medium,Medium,Yes,6,66,Medium,Yes,2,Medium,Medium,Public,Negative,3,Yes,College,Near,Female,67,11-15 hours,3,90-100%,4,1+ sessions,Within 0-100
162,25,64,Medium,High,No,5,89,Low,Yes,2,Medium,Medium,Public,Neutral,4,No,College,Far,Male,66,16+ hours,4,60-69%,1,1+ sessions,Within 0-100
163,27,86,Medium,Medium,No,7,72,Low,Yes,1,Medium,High,Public,Positive,4,No,High School,Far,Male,69,16+ hours,4,80-89%,3,1+ sessions,Within 0-100
164,15,77,Medium,Medium,Yes,8,94,Low,Yes,0,High,High,Public,Positive,3,No,College,Moderate,Male,66,11-15 hours,3,70-79%,2,No tutoring,Within 0-100
165,26,76,Medium,High,Yes,6,52,Medium,Yes,4,High,Low,Public,Neutral,3,No,High School,Near,Male,69,16+ hours,4,70-79%,2,1+ sessions,Within 0-100
166,22,87,High,Low,Yes,7,68,Medium,No,0,Low,Medium,Public,Neutral,2,No,High School,Near,Male,67,16+ hours,4,80-89%,3,No tutoring,Within 0-100
167,25,63,High,Medium,Yes,6,71,Medium,Yes,1,Medium,Low,Private,Positive,3,No,High School,Near,Male,66,16+ hours,4,60-69%,1,1+ sessions,Within 0-100
168,31,84,Medium,Medium,Yes,9,87,Medium,Yes,2,Low,Medium,Private,Neutral,3,No,College,Far,Male,71,16+ hours,4,80-89%,3,1+ sessions,Within 0-100
169,19,91,High,Low,No,6,59,Medium,Yes,5,Medium,High,Public,Neutral,4,No,College,Moderate,Male,70,16+ hours,4,90-100%,4,1+ sessions,Within 0-100
170,15,93,High,Medium,No,6,64,Medium,Yes,2,Medium,High,Public,Positive,4,No,Postgraduate,Near,Male,71,11-15 hours,3,90-100%,4,1+ sessions,Within 0-100
171,15,67,Medium,Medium,Yes,7,86,High,Yes,1,High,Medium,Private,Positive,3,No,Postgraduate,Near,Male,66,11-15 hours,3,60-69%,1,1+ sessions,Within 0-100
172,15,96,Medium,Medium,No,7,54,High,No,3,Medium,High,Public,Negative,2,No,High School,Near,Male,67,11-15 hours,3,90-100%,4,1+ sessions,Within 0-100
173,20,86,High,Low,No,8,60,Medium,Yes,1,Medium,Medium,Public,Neutral,4,Yes,College,Far,Female,66,16+ hours,4,80-89%,3,1+ sessions,Within 0-100
174,22,95,Medium,High,No,9,88,Low,Yes,0,Low,High,Public,Positive,2,No,Postgraduate,Near,Male,72,16+ hours,4,90-100%,4,No tutoring,Within 0-100
175,22,79,Medium,Medium,No,9,94,Medium,Yes,1,Medium,Medium,Public,Positive,3,No,High School,Near,Male,68,16+ hours,4,70-79%,2,1+ sessions,Within 0-100
176,25,82,Medium,Medium,No,6,86,Medium,No,3,Low,High,Public,Positive,3,No,High School,Near,Female,69,16+ hours,4,80-89%,3,1+ sessions,Within 0-100
177,20,97,Medium,Medium,Yes,7,76,Low,Yes,2,Low,Low,Private,Positive,3,No,Postgraduate,Near,Male,71,16+ hours,4,90-100%,4,1+ sessions,Within 0-100
178,29,96,Medium,Medium,Yes,9,55,Low,No,0,Medium,Medium,Public,Neutral,2,No,Postgraduate,Far,Female,70,16+ hours,4,90-100%,4,No tutoring,Within 0-100
179,18,78,Medium,Medium,No,9,91,High,Yes,2,High,Low,Public,Neutral,4,No,College,Far,Female,67,16+ hours,4,70-79%,2,1+ sessions,Within 0-100
180,36,71,Medium,Medium,Yes,6,56,Medium,Yes,2,High,Medium,Public,Positive,2,No,High School,Far,Male,69,16+ hours,4,70-79%,2,1+ sessions,Within 0-100
181,24,76,Low,High,No,8,69,Low,Yes,2,Medium,Medium,Public,Neutral,1,No,High School,Moderate,Male,65,16+ hours,4,70-79%,2,1+ sessions,Within 0-100
182,15,76,High,High,No,8,53,Medium,Yes,1,Low,Medium,Public,Neutral,4,No,College,Near,Male,65,11-15 hours,3,70-79%,2,1+ sessions,Within 0-100
183,14,71,Medium,Medium,Yes,8,85,Low,Yes,2,Medium,High,Public,Neutral,4,No,High School,Near,Male,64,11-15 hours,3,70-79%,2,1+ sessions,Within 0-100
184,23,71,Low,Low,Yes,9,75,Low,Yes,1,Low,Medium,Public,Negative,2,No,College,Near,Male,63,16+ hours,4,70-79%,2,1+ sessions,Within 0-100
185,19,94,Low,Medium,Yes,5,95,Medium,Yes,3,Low,Low,Public,Positive,2,No,High School,Moderate,Male,69,16+ hours,4,90-100%,4,1+ sessions,Within 0-100
186,24,63,Medium,Low,Yes,6,57,Medium,Yes,1,Low,High,Private,Neutral,5,No,College,Near,Female,64,16+ hours,4,60-69%,1,1+ sessions,Within 0-100
187,23,87,High,High,Yes,8,91,High,Yes,0,High,Medium,Private,Positive,3,No,High School,Moderate,Male,72,16+ hours,4,80-89%,3,No tutoring,Within 0-100
188,20,67,Low,Medium,Yes,7,76,Medium,Yes,0,Medium,Medium,Public,Neutral,4,No,High School,Near,Male,63,16+ hours,4,60-69%,1,No tutoring,Within 0-100
189,15,74,Low,High,Yes,4,68,Low,Yes,3,Low,Medium,Public,Positive,3,No,High School,Near,Female,64,11-15 hours,3,70-79%,2,1+ sessions,Within 0-100
190,11,62,Medium,High,Yes,5,82,Medium,Yes,3,High,Medium,Private,Neutral,4,No,College,Moderate,Male,64,11-15 hours,3,60-69%,1,1+ sessions,Within 0-100
191,17,71,Medium,Medium,Yes,8,90,Medium,Yes,5,Medium,Medium,Public,Positive,1,No,Postgraduate,Far,Male,67,16+ hours,4,70-79%,2,1+ sessions,Within 0-100
192,25,91,Medium,Medium,No,8,72,Low,Yes,2,Medium,High,Public,Positive,0,No,Postgraduate,Near,Male,71,16+ hours,4,90-100%,4,1+ sessions,Within 0-100
193,21,95,Medium,Medium,No,5,62,High,Yes,1,Medium,Low,Public,Positive,4,No,High School,Near,Male,70,16+ hours,4,90-100%,4,1+ sessions,Within 0-100
194,13,69,Medium,Low,Yes,9,96,Low,Yes,0,High,Medium,Private,Neutral,4,No,High School,Far,Female,61,11-15 hours,3,60-69%,1,No tutoring,Within 0-100
195,21,79,Medium,High,Yes,7,66,Low,Yes,2,Low,Medium,Public,Negative,4,No,College,Moderate,Male,67,16+ hours,4,70-79%,2,1+ sessions,Within 0-100
196,22,79,High,Medium,No,5,100,Medium,Yes,4,High,High,Public,Negative,3,No,College,Near,Male,72,16+ hours,4,70-79%,2,1+ sessions,Within 0-100
197,15,95,Low,Low,Yes,6,88,Low,Yes,1,Low,Medium,Public,Negative,5,No,High School,Near,Male,66,11-15 hours,3,90-100%,4,1+ sessions,Within 0-100
198,21,91,Medium,High,Yes,5,84,Medium,Yes,1,High,Low,Public,Neutral,2,No,High School,Near,Male,70,16+ hours,4,90-100%,4,1+ sessions,Within 0-100
199,20,81,High,Medium,Yes,6,51,High,No,3,Medium,Medium,Public,Neutral,4,Yes,High School,Near,Male,67,16+ hours,4,80-89%,3,1+ sessions,Within 0-100
200,13,87,High,Low,Yes,4,72,Medium,Yes,2,Medium,High,Public,Neutral,3,No,High School,Moderate,Female,67,11-15 hours,3,80-89%,3,1+ sessions,Within 0-100
201,22,94,Low,Medium,Yes,7,75,High,Yes,2,High,Medium,Public,Neutral,2,No,College,Near,Female,71,16+ hours,4,90-100%,4,1+ sessions,Within 0-100
202,23,60,High,Medium,Yes,8,69,Medium,Yes,1,Low,Medium,Private,Positive,4,No,College,Near,Male,66,16+ hours,4,60-69%,1,1+ sessions,Within 0-100
203,26,76,Medium,Medium,Yes,5,57,Medium,Yes,1,Medium,Medium,Public,Positive,4,No,High School,Near,Male,68,16+ hours,4,70-79%,2,1+ sessions,Within 0-100
204,26,96,Medium,Medium,Yes,7,68,Medium,Yes,3,High,Medium,Private,Positive,3,No,College,Near,Female,74,16+ hours,4,90-100%,4,1+ sessions,Within 0-100
205,12,90,Medium,Low,Yes,6,54,Medium,No,1,High,Medium,Public,Neutral,3,No,High School,Near,Male,64,11-15 hours,3,90-100%,4,1+ sessions,Within 0-100
206,14,82,Medium,Medium,No,8,65,Medium,Yes,1,Low,Medium,Private,Positive,3,No,College,Near,Male,65,11-15 hours,3,80-89%,3,1+ sessions,Within 0-100
207,23,81,Low,Medium,Yes,4,54,Medium,Yes,1,Low,Medium,Public,Neutral,3,No,College,Near,Male,66,16+ hours,4,80-89%,3,1+ sessions,Within 0-100
208,23,74,Medium,High,Yes,8,88,Low,Yes,0,Medium,High,Public,Negative,3,Yes,High School,Near,Male,66,16+ hours,4,70-79%,2,No tutoring,Within 0-100
209,23,81,Medium,Low,No,4,84,Medium,Yes,2,Medium,Medium,Public,Positive,5,No,High School,Near,Male,68,16+ hours,4,80-89%,3,1+ sessions,Within 0-100
210,43,86,High,Medium,Yes,7,97,Medium,Yes,2,Medium,High,Public,Positive,1,No,High School,Near,Female,78,16+ hours,4,80-89%,3,1+ sessions,Within 0-100
211,23,77,Medium,High,Yes,6,69,Low,Yes,1,Medium,Medium,Private,Positive,2,No,High School,Moderate,Female,67,16+ hours,4,70-79%,2,1+ sessions,Within 0-100
212,27,89,Medium,High,Yes,6,89,Medium,Yes,3,Medium,Medium,Private,Positive,3,No,High School,Near,Male,74,16+ hours,4,80-89%,3,1+ sessions,Within 0-100
213,26,94,Medium,High,No,5,79,High,Yes,1,Low,High,Public,Positive,2,No,Postgraduate,Near,Male,74,16+ hours,4,90-100%,4,1+ sessions,Within 0-100
214,24,66,Medium,Low,No,9,82,Low,Yes,1,Medium,Medium,Public,Neutral,2,Yes,High School,Near,Female,62,16+ hours,4,60-69%,1,1+ sessions,Within 0-100
215,18,78,High,Medium,Yes,5,77,Medium,No,2,Medium,Medium,Public,Neutral,4,No,High School,Far,Male,66,16+ hours,4,70-79%,2,1+ sessions,Within 0-100
216,25,76,Medium,Medium,Yes,5,89,High,Yes,3,Medium,High,Public,Neutral,3,No,High School,Far,Female,69,16+ hours,4,70-79%,2,1+ sessions,Within 0-100
217,15,87,Medium,High,Yes,10,52,Medium,Yes,2,Low,High,Private,Positive,3,No,College,Near,Male,68,11-15 hours,3,80-89%,3,1+ sessions,Within 0-100
218,19,70,Medium,Low,No,7,54,High,Yes,0,Medium,Medium,Public,Positive,2,Yes,High School,Moderate,Male,89,16+ hours,4,70-79%,2,No tutoring,Within 0-100
219,17,86,High,Low,No,5,55,Low,No,2,High,Medium,Private,Neutral,4,No,College,Near,Male,66,16+ hours,4,80-89%,3,1+ sessions,Within 0-100
220,20,95,Low,Medium,Yes,7,64,Low,No,2,Medium,High,Public,Neutral,3,No,High School,Near,Female,68,16+ hours,4,90-100%,4,1+ sessions,Within 0-100
221,34,77,Medium,Low,Yes,7,80,Low,Yes,0,Medium,Medium,Public,Positive,3,No,High School,Near,Male,69,16+ hours,4,70-79%,2,No tutoring,Within 0-100
222,9,96,Medium,Medium,Yes,4,82,High,No,0,Low,Medium,Public,Positive,4,No,College,Near,Male,67,6-10 hours,2,90-100%,4,No tutoring,Within 0-100
223,24,100,High,High,Yes,6,86,Low,Yes,2,Medium,Medium,Private,Positive,5,No,High School,Near,Male,75,16+ hours,4,90-100%,4,1+ sessions,Within 0-100
224,10,64,Medium,High,No,7,64,High,Yes,0,Medium,Medium,Public,Positive,4,Yes,High School,Moderate,Female,60,6-10 hours,2,60-69%,1,No tutoring,Within 0-100
225,17,69,High,Medium,Yes,9,83,Medium,Yes,2,Medium,High,Private,Positive,4,Yes,College,Moderate,Female,66,16+ hours,4,60-69%,1,1+ sessions,Within 0-100
226,27,98,Low,High,Yes,7,56,Low,Yes,1,High,Medium,Private,Positive,3,No,College,Near,Female,73,16+ hours,4,90-100%,4,1+ sessions,Within 0-100
227,20,98,Medium,Low,No,7,50,Low,Yes,1,Medium,High,Private,Neutral,2,No,High School,Near,Female,68,16+ hours,4,90-100%,4,1+ sessions,Within 0-100
228,14,64,Medium,Medium,Yes,6,85,Medium,Yes,0,Medium,Medium,Public,Neutral,3,No,High School,Near,Male,62,11-15 hours,3,60-69%,1,No tutoring,Within 0-100
229,16,61,Medium,Medium,No,9,86,Low,Yes,2,Low,High,Public,Positive,2,No,High School,Near,Male,62,16+ hours,4,60-69%,1,1+ sessions,Within 0-100
230,24,66,High,Low,Yes,8,81,High,Yes,1,Medium,Medium,Public,Neutral,4,No,High School,Far,Male,65,16+ hours,4,60-69%,1,1+ sessions,Within 0-100
231,16,100,High,Low,Yes,8,63,High,Yes,2,Low,Medium,Public,Negative,3,No,High School,Moderate,Male,69,16+ hours,4,90-100%,4,1+ sessions,Within 0-100
232,21,67,Medium,Medium,No,7,96,Low,Yes,3,Low,Medium,Public,Neutral,2,No,High School,Far,Female,64,16+ hours,4,60-69%,1,1+ sessions,Within 0-100
233,20,80,Medium,High,No,5,94,Medium,Yes,0,Low,Low,Private,Positive,4,Yes,Postgraduate,Moderate,Female,67,16+ hours,4,80-89%,3,No tutoring,Within 0-100
234,16,94,High,High,Yes,9,76,Medium,Yes,0,Low,High,Public,Neutral,2,No,High School,Near,Male,70,16+ hours,4,90-100%,4,No tutoring,Within 0-100
235,33,61,Medium,Medium,No,7,99,High,Yes,2,Medium,High,Public,Neutral,3,No,College,Near,Female,70,16+ hours,4,60-69%,1,1+ sessions,Within 0-100
236,24,84,High,Low,No,7,65,Low,Yes,3,Medium,High,Public,Positive,3,No,High School,Near,Female,69,16+ hours,4,80-89%,3,1+ sessions,Within 0-100
237,8,71,High,Low,No,8,75,Medium,Yes,0,Medium,High,Public,Positive,3,No,High School,Near,Male,61,6-10 hours,2,70-79%,2,No tutoring,Within 0-100
238,21,94,Medium,Medium,No,7,96,Low,Yes,0,Medium,Medium,Private,Neutral,2,Yes,Postgraduate,Moderate,Male,69,16+ hours,4,90-100%,4,No tutoring,Within 0-100
239,16,71,High,Medium,Yes,5,73,Medium,Yes,1,Medium,Medium,Public,Neutral,0,Yes,High School,Near,Male,63,16+ hours,4,70-79%,2,1+ sessions,Within 0-100
240,25,87,Medium,Low,Yes,7,74,Low,Yes,0,Medium,High,Public,Neutral,4,Yes,High School,Near,Male,67,16+ hours,4,80-89%,3,No tutoring,Within 0-100
241,15,87,Low,Medium,No,4,54,Medium,Yes,1,Medium,Medium,Public,Neutral,6,No,Unknown,Moderate,Male,65,11-15 hours,3,80-89%,3,1+ sessions,Within 0-100
242,19,69,Medium,Medium,Yes,7,61,High,Yes,3,High,High,Public,Neutral,4,No,High School,Moderate,Male,66,16+ hours,4,60-69%,1,1+ sessions,Within 0-100
243,23,61,Low,Medium,No,9,58,Medium,Yes,4,Medium,Medium,Public,Neutral,2,No,High School,Near,Male,63,16+ hours,4,60-69%,1,1+ sessions,Within 0-100
244,25,76,Medium,High,Yes,4,78,Medium,Yes,2,Medium,Medium,Private,Negative,3,No,High School,Moderate,Female,68,16+ hours,4,70-79%,2,1+ sessions,Within 0-100
245,13,72,High,High,No,7,66,Medium,Yes,0,Low,High,Public,Neutral,4,No,Postgraduate,Near,Male,65,11-15 hours,3,70-79%,2,No tutoring,Within 0-100
246,18,92,Low,Medium,Yes,8,54,Medium,Yes,1,Medium,Medium,Public,Positive,3,No,High School,Near,Male,67,16+ hours,4,90-100%,4,1+ sessions,Within 0-100
247,17,92,Low,Low,Yes,8,75,Medium,Yes,2,Medium,High,Public,Neutral,3,No,Postgraduate,Near,Female,68,16+ hours,4,90-100%,4,1+ sessions,Within 0-100
248,16,78,Medium,High,No,6,83,Medium,Yes,0,Low,Low,Public,Neutral,3,Yes,College,Near,Male,64,16+ hours,4,70-79%,2,No tutoring,Within 0-100
249,31,84,Medium,Medium,No,5,87,High,Yes,0,Medium,Medium,Private,Positive,3,No,College,Moderate,Male,71,16+ hours,4,80-89%,3,No tutoring,Within 0-100
250,22,84,Medium,Medium,Yes,6,92,Low,Yes,0,Medium,Medium,Public,Neutral,5,No,High School,Near,Female,69,16+ hours,4,80-89%,3,No tutoring,Within 0-100
251,12,93,Medium,Medium,Yes,9,74,Low,Yes,1,Medium,Medium,Public,Neutral,3,No,Postgraduate,Moderate,Male,67,11-15 hours,3,90-100%,4,1+ sessions,Within 0-100
252,26,77,Low,Medium,No,4,70,Low,Yes,2,High,Low,Public,Neutral,3,Yes,College,Moderate,Female,65,16+ hours,4,70-79%,2,1+ sessions,Within 0-100
253,33,71,Low,Medium,No,5,84,Medium,Yes,1,Medium,Medium,Public,Positive,2,No,High School,Near,Male,68,16+ hours,4,70-79%,2,1+ sessions,Within 0-100
254,26,71,High,Medium,Yes,6,51,Low,No,1,High,Medium,Private,Positive,3,No,Postgraduate,Moderate,Male,67,16+ hours,4,70-79%,2,1+ sessions,Within 0-100
255,11,81,Medium,Medium,Yes,6,82,High,Yes,3,Medium,High,Public,Neutral,4,No,High School,Near,Male,67,11-15 hours,3,80-89%,3,1+ sessions,Within 0-100
256,17,78,Medium,High,Yes,7,70,Medium,No,2,Low,High,Public,Positive,3,No,High School,Near,Male,66,16+ hours,4,70-79%,2,1+ sessions,Within 0-100
257,28,78,High,Medium,No,9,73,High,Yes,2,Medium,Medium,Public,Neutral,4,No,College,Moderate,Female,70,16+ hours,4,70-79%,2,1+ sessions,Within 0-100
258,16,64,High,Low,Yes,5,65,Medium,Yes,3,Medium,High,Private,Positive,4,No,Postgraduate,Moderate,Female,65,16+ hours,4,60-69%,1,1+ sessions,Within 0-100
259,23,89,Low,Low,Yes,7,56,Low,Yes,4,Medium,Low,Private,Positive,4,No,Postgraduate,Near,Female,69,16+ hours,4,80-89%,3,1+ sessions,Within 0-100
260,25,69,Medium,Medium,Yes,7,70,Low,No,1,High,High,Public,Positive,4,No,High School,Far,Female,65,16+ hours,4,60-69%,1,1+ sessions,Within 0-100
261,14,68,High,Medium,No,6,65,Medium,Yes,1,High,Medium,Public,Neutral,3,Yes,College,Near,Male,63,11-15 hours,3,60-69%,1,1+ sessions,Within 0-100
262,20,77,Medium,Medium,No,5,98,Low,Yes,2,Low,High,Private,Neutral,2,No,Postgraduate,Far,Female,67,16+ hours,4,70-79%,2,1+ sessions,Within 0-100
263,1,69,High,Medium,Yes,6,97,Medium,Yes,1,Low,Medium,Public,Positive,3,No,High School,Near,Female,61,1-5 hours,1,60-69%,1,1+ sessions,Within 0-100
264,14,83,Medium,Low,Yes,6,82,Medium,Yes,0,Medium,Medium,Public,Positive,2,No,High School,Near,Female,65,11-15 hours,3,80-89%,3,No tutoring,Within 0-100
265,18,75,Low,High,Yes,8,95,Medium,Yes,1,Low,Low,Public,Neutral,2,No,College,Near,Female,66,16+ hours,4,70-79%,2,1+ sessions,Within 0-100
266,13,78,Medium,High,Yes,8,88,High,Yes,0,High,Low,Public,Neutral,3,No,College,Near,Male,66,11-15 hours,3,70-79%,2,No tutoring,Within 0-100
267,30,81,Medium,Low,Yes,5,67,Medium,Yes,1,High,High,Public,Negative,1,No,High School,Near,Male,69,16+ hours,4,80-89%,3,1+ sessions,Within 0-100
268,11,68,Medium,Medium,No,6,80,Medium,Yes,2,Medium,Medium,Public,Positive,3,No,College,Moderate,Female,63,11-15 hours,3,60-69%,1,1+ sessions,Within 0-100
269,17,66,Low,High,No,6,61,Medium,Yes,1,High,Medium,Public,Positive,6,No,Postgraduate,Near,Male,65,16+ hours,4,60-69%,1,1+ sessions,Within 0-100
270,21,95,Low,Low,No,10,84,Low,Yes,0,High,Medium,Public,Neutral,4,Yes,High School,Near,Male,67,16+ hours,4,90-100%,4,No tutoring,Within 0-100
271,29,77,High,High,Yes,7,52,Medium,Yes,2,High,Medium,Public,Negative,3,Yes,High School,Near,Female,69,16+ hours,4,70-79%,2,1+ sessions,Within 0-100
272,11,76,Low,Medium,Yes,5,92,Medium,Yes,4,Medium,Low,Public,Negative,2,No,Postgraduate,Near,Male,65,11-15 hours,3,70-79%,2,1+ sessions,Within 0-100
273,27,61,Medium,Medium,No,6,79,Medium,Yes,1,Low,Medium,Public,Positive,3,No,High School,Moderate,Male,65,16+ hours,4,60-69%,1,1+ sessions,Within 0-100
274,20,80,High,Low,Yes,6,53,Medium,Yes,0,Low,Medium,Public,Neutral,2,No,College,Moderate,Male,65,16+ hours,4,80-89%,3,No tutoring,Within 0-100
275,14,82,Medium,High,Yes,8,94,Low,Yes,2,Low,High,Public,Negative,5,No,College,Far,Female,67,11-15 hours,3,80-89%,3,1+ sessions,Within 0-100
276,23,82,Low,Medium,Yes,8,94,Medium,Yes,1,Medium,Medium,Public,Negative,2,Yes,High School,Unknown,Male,66,16+ hours,4,80-89%,3,1+ sessions,Within 0-100
277,21,88,Medium,High,No,7,93,Medium,Yes,4,Low,Medium,Public,Positive,3,No,High School,Near,Female,72,16+ hours,4,80-89%,3,1+ sessions,Within 0-100
278,16,67,Medium,High,No,7,89,High,Yes,3,Low,Medium,Public,Positive,3,No,College,Near,Male,66,16+ hours,4,60-69%,1,1+ sessions,Within 0-100
279,20,70,Medium,Medium,Yes,7,84,Low,No,2,Medium,High,Private,Neutral,4,No,College,Far,Male,65,16+ hours,4,70-79%,2,1+ sessions,Within 0-100
280,18,92,High,Medium,Yes,7,70,Medium,Yes,1,Low,Medium,Public,Neutral,3,No,High School,Moderate,Male,69,16+ hours,4,90-100%,4,1+ sessions,Within 0-100
281,21,98,Medium,Low,No,4,57,Medium,Yes,2,High,Low,Public,Neutral,2,No,High School,Near,Female,68,16+ hours,4,90-100%,4,1+ sessions,Within 0-100
282,24,65,Medium,Low,No,7,64,Low,Yes,1,High,Medium,Public,Neutral,1,No,Postgraduate,Near,Male,64,16+ hours,4,60-69%,1,1+ sessions,Within 0-100
283,30,80,Low,High,No,6,67,Medium,Yes,3,Medium,Medium,Public,Negative,4,No,College,Moderate,Female,69,16+ hours,4,80-89%,3,1+ sessions,Within 0-100
284,13,69,Medium,Low,Yes,5,68,Low,Yes,0,High,Medium,Public,Positive,1,Yes,High School,Moderate,Female,59,11-15 hours,3,60-69%,1,No tutoring,Within 0-100
285,33,62,High,Medium,Yes,10,78,Medium,Yes,0,Medium,Medium,Private,Positive,3,No,High School,Moderate,Female,68,16+ hours,4,60-69%,1,No tutoring,Within 0-100
286,8,73,Medium,Medium,No,7,60,Medium,No,0,High,Medium,Private,Neutral,3,No,High School,Near,Female,60,6-10 hours,2,70-79%,2,No tutoring,Within 0-100
287,19,66,Medium,High,No,7,59,Medium,Yes,1,High,Medium,Public,Negative,3,No,High School,Far,Male,62,16+ hours,4,60-69%,1,1+ sessions,Within 0-100
288,24,88,Low,Medium,Yes,6,86,Low,Yes,0,Low,Low,Public,Negative,3,No,College,Near,Male,67,16+ hours,4,80-89%,3,No tutoring,Within 0-100
289,22,81,Low,High,Yes,8,50,High,Yes,4,Medium,Medium,Private,Positive,5,No,High School,Far,Female,68,16+ hours,4,80-89%,3,1+ sessions,Within 0-100
290,16,66,Medium,High,Yes,5,57,High,Yes,3,Medium,Medium,Public,Positive,3,No,High School,Moderate,Female,64,16+ hours,4,60-69%,1,1+ sessions,Within 0-100
291,19,60,Medium,High,Yes,7,72,High,Yes,3,Low,High,Public,Positive,3,No,High School,Moderate,Female,65,16+ hours,4,60-69%,1,1+ sessions,Within 0-100
292,17,92,Low,Low,Yes,6,57,Medium,Yes,2,Medium,Medium,Private,Positive,2,Yes,High School,Moderate,Female,65,16+ hours,4,90-100%,4,1+ sessions,Within 0-100
293,16,67,High,Medium,No,8,98,Medium,Yes,0,Low,Low,Public,Neutral,3,No,High School,Near,Female,63,16+ hours,4,60-69%,1,No tutoring,Within 0-100
294,25,84,Medium,Low,Yes,6,84,Low,Yes,2,Medium,High,Public,Positive,3,No,High School,Near,Male,70,16+ hours,4,80-89%,3,1+ sessions,Within 0-100
295,22,73,Low,Medium,Yes,9,72,Low,Yes,3,Medium,Medium,Public,Positive,3,No,High School,Near,Female,66,16+ hours,4,70-79%,2,1+ sessions,Within 0-100
296,16,83,Medium,High,Yes,7,56,Low,Yes,4,High,Medium,Public,Positive,3,No,High School,Near,Female,68,16+ hours,4,80-89%,3,1+ sessions,Within 0-100
297,25,73,Low,Low,No,8,69,Medium,Yes,3,Medium,Medium,Private,Positive,3,No,High School,Near,Female,66,16+ hours,4,70-79%,2,1+ sessions,Within 0-100
298,22,63,Low,Low,No,8,83,Medium,Yes,3,Medium,Medium,Private,Negative,1,No,College,Near,Male,63,16+ hours,4,60-69%,1,1+ sessions,Within 0-100
299,25,69,High,Medium,Yes,9,98,Medium,Yes,1,Low,Medium,Public,Negative,3,Yes,College,Moderate,Female,66,16+ hours,4,60-69%,1,1+ sessions,Within 0-100
300,24,68,Medium,Medium,Yes,6,74,Medium,Yes,1,Medium,Medium,Public,Neutral,3,No,High School,Near,Female,65,16+ hours,4,60-69%,1,1+ sessions,Within 0-100
301,15,77,Medium,Medium,Yes,8,85,High,Yes,1,Low,Medium,Public,Positive,2,No,Postgraduate,Moderate,Male,66,11-15 hours,3,70-79%,2,1+ sessions,Within 0-100
302,17,86,High,Low,Yes,4,60,High,Yes,2,High,Low,Private,Positive,3,Yes,College,Moderate,Female,67,16+ hours,4,80-89%,3,1+ sessions,Within 0-100
303,24,71,Medium,Medium,Yes,7,81,Medium,Yes,0,Low,Medium,Private,Positive,3,No,High School,Near,Male,66,16+ hours,4,70-79%,2,No tutoring,Within 0-100
304,24,60,Low,Medium,No,6,62,High,Yes,4,Low,High,Public,Negative,3,No,High School,Near,Female,63,16+ hours,4,60-69%,1,1+ sessions,Within 0-100
305,20,81,Medium,Medium,Yes,5,60,Low,Yes,3,Medium,Medium,Public,Positive,4,Yes,High School,Near,Male,66,16+ hours,4,80-89%,3,1+ sessions,Within 0-100
306,21,84,Medium,Medium,No,6,75,Low,No,1,High,Medium,Public,Positive,3,No,College,Moderate,Male,67,16+ hours,4,80-89%,3,1+ sessions,Within 0-100
307,28,99,Medium,Medium,Yes,6,61,Medium,No,1,Low,Medium,Public,Positive,3,No,High School,Near,Male,71,16+ hours,4,90-100%,4,1+ sessions,Within 0-100
308,16,84,Medium,High,Yes,7,86,Medium,Yes,1,Low,Medium,Private,Neutral,2,No,High School,Near,Female,67,16+ hours,4,80-89%,3,1+ sessions,Within 0-100
309,23,79,Medium,High,Yes,6,97,Medium,Yes,1,High,Low,Public,Neutral,4,No,High School,Moderate,Male,69,16+ hours,4,70-79%,2,1+ sessions,Within 0-100
310,19,83,Medium,Medium,Yes,7,70,Medium,Yes,2,Low,Medium,Public,Negative,4,Yes,Postgraduate,Near,Female,67,16+ hours,4,80-89%,3,1+ sessions,Within 0-100
311,19,97,High,Medium,Yes,6,66,High,Yes,2,Medium,Medium,Private,Positive,2,No,College,Moderate,Female,72,16+ hours,4,90-100%,4,1+ sessions,Within 0-100
312,27,93,High,Low,No,6,59,High,Yes,2,Low,Medium,Private,Negative,4,No,High School,Near,Female,70,16+ hours,4,90-100%,4,1+ sessions,Within 0-100
313,25,73,Medium,High,Yes,7,70,Low,Yes,0,Low,Medium,Private,Neutral,4,No,Postgraduate,Moderate,Male,67,16+ hours,4,70-79%,2,No tutoring,Within 0-100
314,25,69,Low,High,Yes,7,78,Medium,Yes,0,Low,High,Public,Negative,3,No,High School,Far,Female,64,16+ hours,4,60-69%,1,No tutoring,Within 0-100
315,28,71,Medium,Medium,No,8,69,High,Yes,1,Medium,High,Private,Neutral,1,No,College,Moderate,Female,67,16+ hours,4,70-79%,2,1+ sessions,Within 0-100
316,20,80,Low,High,No,8,81,Medium,Yes,3,Medium,Medium,Private,Negative,4,No,Postgraduate,Near,Male,69,16+ hours,4,80-89%,3,1+ sessions,Within 0-100
317,24,90,Low,Low,No,7,83,Medium,Yes,0,Low,Medium,Private,Positive,3,No,College,Unknown,Male,68,16+ hours,4,90-100%,4,No tutoring,Within 0-100
318,18,80,Medium,Medium,No,8,55,Low,Yes,2,Low,Low,Public,Neutral,3,No,High School,Moderate,Male,63,16+ hours,4,80-89%,3,1+ sessions,Within 0-100
319,22,63,Medium,High,Yes,7,85,Medium,Yes,4,High,High,Public,Negative,3,No,College,Near,Female,68,16+ hours,4,60-69%,1,1+ sessions,Within 0-100
320,19,89,High,Medium,Yes,7,95,Medium,Yes,0,Medium,Medium,Public,Positive,3,No,High School,Near,Male,70,16+ hours,4,80-89%,3,No tutoring,Within 0-100
321,21,92,Medium,Low,Yes,8,51,Low,Yes,0,Medium,Medium,Public,Neutral,2,No,College,Moderate,Male,66,16+ hours,4,90-100%,4,No tutoring,Within 0-100
322,24,72,High,High,No,6,78,High,Yes,0,Low,High,Public,Negative,6,No,High School,Near,Female,68,16+ hours,4,70-79%,2,No tutoring,Within 0-100
323,15,87,High,Low,Yes,4,80,High,Yes,0,Low,Medium,Private,Positive,3,No,College,Near,Male,67,11-15 hours,3,80-89%,3,No tutoring,Within 0-100
324,33,77,Low,High,Yes,5,85,Medium,Yes,0,Low,Medium,Private,Neutral,5,No,High School,Far,Female,69,16+ hours,4,70-79%,2,No tutoring,Within 0-100
325,14,96,Medium,Low,Yes,9,69,High,Yes,0,Medium,Medium,Private,Negative,3,Yes,College,Near,Female,66,11-15 hours,3,90-100%,4,No tutoring,Within 0-100
326,13,94,Medium,Medium,Yes,7,91,Low,Yes,3,Low,Medium,Public,Neutral,3,No,High School,Near,Male,68,11-15 hours,3,90-100%,4,1+ sessions,Within 0-100
327,27,81,Medium,Medium,Yes,7,77,Medium,Yes,2,Medium,Low,Public,Neutral,2,Yes,Postgraduate,Moderate,Female,69,16+ hours,4,80-89%,3,1+ sessions,Within 0-100
328,25,88,Medium,Medium,Yes,7,70,Low,Yes,1,Medium,Medium,Private,Positive,3,No,Postgraduate,Moderate,Male,70,16+ hours,4,80-89%,3,1+ sessions,Within 0-100
329,24,95,Medium,High,Yes,8,86,High,Yes,1,Medium,High,Private,Neutral,3,No,College,Near,Male,74,16+ hours,4,90-100%,4,1+ sessions,Within 0-100
330,24,80,Medium,High,Yes,7,96,High,Yes,0,Low,High,Public,Positive,0,No,College,Moderate,Female,70,16+ hours,4,80-89%,3,No tutoring,Within 0-100
331,20,73,Medium,Medium,Yes,7,91,Low,Yes,1,Medium,High,Public,Neutral,2,No,Postgraduate,Moderate,Male,66,16+ hours,4,70-79%,2,1+ sessions,Within 0-100
332,15,90,High,Medium,Yes,8,97,Medium,Yes,1,Low,High,Private,Negative,3,No,College,Near,Female,69,11-15 hours,3,90-100%,4,1+ sessions,Within 0-100
333,20,69,Medium,High,No,6,63,Low,Yes,0,Low,Medium,Public,Negative,3,No,Postgraduate,Near,Male,64,16+ hours,4,60-69%,1,No tutoring,Within 0-100
334,16,76,Low,High,Yes,8,56,Medium,No,1,Low,Medium,Public,Positive,1,No,High School,Near,Male,62,16+ hours,4,70-79%,2,1+ sessions,Within 0-100
335,26,95,Low,High,No,7,77,Medium,Yes,0,Medium,Medium,Public,Neutral,3,No,High School,Moderate,Female,70,16+ hours,4,90-100%,4,No tutoring,Within 0-100
336,19,89,High,Medium,Yes,7,52,Medium,Yes,2,Medium,Medium,Public,Negative,4,No,High School,Moderate,Male,68,16+ hours,4,80-89%,3,1+ sessions,Within 0-100
337,15,76,Medium,Medium,Yes,6,84,Low,Yes,0,Medium,High,Public,Neutral,3,No,College,Near,Female,65,11-15 hours,3,70-79%,2,No tutoring,Within 0-100
338,18,69,High,High,No,7,62,Low,Yes,3,Medium,Medium,Public,Positive,3,No,High School,Moderate,Male,65,16+ hours,4,60-69%,1,1+ sessions,Within 0-100
339,22,74,High,High,Yes,6,73,Low,Yes,3,High,High,Public,Positive,4,No,Postgraduate,Moderate,Female,71,16+ hours,4,70-79%,2,1+ sessions,Within 0-100
340,17,71,High,Medium,Yes,9,83,Low,Yes,2,Medium,Medium,Public,Neutral,5,No,High School,Near,Male,66,16+ hours,4,70-79%,2,1+ sessions,Within 0-100
341,15,67,Medium,Medium,No,4,74,Medium,Yes,0,Low,Medium,Public,Negative,3,No,College,Moderate,Male,61,11-15 hours,3,60-69%,1,No tutoring,Within 0-100
342,21,90,Low,Medium,Yes,8,62,Low,Yes,2,Medium,High,Public,Negative,5,Yes,High School,Near,Male,67,16+ hours,4,90-100%,4,1+ sessions,Within 0-100
343,21,70,Low,High,Yes,4,94,Medium,Yes,0,Low,High,Private,Neutral,2,No,College,Far,Male,65,16+ hours,4,70-79%,2,No tutoring,Within 0-100
344,17,78,Medium,High,No,8,88,Medium,Yes,0,Low,Medium,Public,Negative,3,No,High School,Near,Female,65,16+ hours,4,70-79%,2,No tutoring,Within 0-100
345,17,75,Medium,High,Yes,6,80,Medium,No,1,Low,Medium,Private,Positive,5,No,High School,Moderate,Male,65,16+ hours,4,70-79%,2,1+ sessions,Within 0-100
346,21,99,Medium,Medium,No,8,85,High,Yes,4,Medium,Medium,Public,Positive,4,No,High School,Moderate,Male,73,16+ hours,4,90-100%,4,1+ sessions,Within 0-100
347,11,76,Medium,Medium,Yes,7,71,Medium,No,1,Medium,Low,Public,Neutral,2,No,College,Near,Male,62,11-15 hours,3,70-79%,2,1+ sessions,Within 0-100
348,12,63,Medium,High,Yes,5,69,Low,Yes,0,Medium,High,Public,Negative,2,No,College,Moderate,Female,60,11-15 hours,3,60-69%,1,No tutoring,Within 0-100
349,16,64,Low,Medium,Yes,9,58,Low,Yes,1,Medium,Medium,Public,Positive,3,No,College,Moderate,Female,61,16+ hours,4,60-69%,1,1+ sessions,Within 0-100
350,19,84,Low,Medium,Yes,8,90,High,Yes,2,Low,Medium,Private,Neutral,3,No,Postgraduate,Far,Male,67,16+ hours,4,80-89%,3,1+ sessions,Within 0-100
351,22,84,High,Medium,No,8,69,Medium,No,3,Medium,High,Private,Neutral,4,No,College,Near,Male,70,16+ hours,4,80-89%,3,1+ sessions,Within 0-100
352,29,77,Low,High,No,6,85,Medium,Yes,1,Medium,Medium,Public,Positive,1,No,College,Near,Male,69,16+ hours,4,70-79%,2,1+ sessions,Within 0-100
353,25,77,Medium,Low,Yes,8,65,High,No,0,Medium,Medium,Public,Positive,5,No,College,Far,Female,66,16+ hours,4,70-79%,2,No tutoring,Within 0-100
354,19,62,Medium,Medium,No,5,90,Low,Yes,2,Low,High,Public,Positive,3,No,College,Moderate,Male,64,16+ hours,4,60-69%,1,1+ sessions,Within 0-100
355,20,81,High,Medium,Yes,4,55,Medium,Yes,1,High,Medium,Private,Positive,2,No,Postgraduate,Moderate,Male,68,16+ hours,4,80-89%,3,1+ sessions,Within 0-100
356,14,80,High,Medium,Yes,5,81,Medium,Yes,1,Low,Medium,Public,Positive,4,No,Postgraduate,Far,Female,67,11-15 hours,3,80-89%,3,1+ sessions,Within 0-100
357,20,66,Medium,Medium,No,6,90,High,Yes,0,Medium,Medium,Public,Neutral,1,No,College,Near,Female,64,16+ hours,4,60-69%,1,No tutoring,Within 0-100
358,18,64,Medium,Medium,Yes,6,83,High,Yes,2,Low,Medium,Public,Positive,2,No,College,Near,Male,65,16+ hours,4,60-69%,1,1+ sessions,Within 0-100
359,22,65,Low,High,Yes,6,85,Medium,Yes,2,High,Medium,Public,Positive,3,Yes,Postgraduate,Near,Female,66,16+ hours,4,60-69%,1,1+ sessions,Within 0-100
360,15,64,Medium,Medium,Yes,6,76,High,Yes,2,Medium,Medium,Private,Positive,4,Yes,High School,Unknown,Female,63,11-15 hours,3,60-69%,1,1+ sessions,Within 0-100
361,23,84,High,Medium,Yes,6,78,Low,Yes,2,Low,Low,Public,Negative,2,No,High School,Moderate,Female,68,16+ hours,4,80-89%,3,1+ sessions,Within 0-100
362,29,68,Medium,High,Yes,4,53,Medium,Yes,1,Medium,Medium,Private,Negative,4,No,High School,Far,Male,66,16+ hours,4,60-69%,1,1+ sessions,Within 0-100
363,19,70,Medium,Medium,No,7,63,Low,No,3,Low,Low,Public,Neutral,5,No,High School,Near,Male,63,16+ hours,4,70-79%,2,1+ sessions,Within 0-100
364,22,67,Low,Medium,No,7,86,Low,Yes,1,Low,Medium,Public,Positive,3,No,High School,Moderate,Female,63,16+ hours,4,60-69%,1,1+ sessions,Within 0-100
365,24,98,High,Medium,Yes,6,97,Medium,Yes,1,Medium,Medium,Public,Positive,4,No,College,Far,Male,74,16+ hours,4,90-100%,4,1+ sessions,Within 0-100
366,18,94,Medium,High,Yes,9,77,Low,Yes,1,Medium,High,Public,Positive,2,No,College,Moderate,Male,70,16+ hours,4,90-100%,4,1+ sessions,Within 0-100
367,21,69,High,High,Yes,7,86,Medium,Yes,2,Low,Medium,Private,Neutral,3,No,High School,Near,Male,68,16+ hours,4,60-69%,1,1+ sessions,Within 0-100
368,20,73,Medium,Medium,Yes,7,84,Medium,Yes,0,Medium,Medium,Public,Neutral,4,No,Postgraduate,Moderate,Female,66,16+ hours,4,70-79%,2,No tutoring,Within 0-100
369,21,68,Medium,Low,No,8,100,Low,Yes,0,Medium,Medium,Public,Positive,4,No,High School,Far,Male,63,16+ hours,4,60-69%,1,No tutoring,Within 0-100
370,15,80,Low,High,No,5,90,Medium,Yes,4,Low,Medium,Public,Positive,3,No,College,Far,Female,67,11-15 hours,3,80-89%,3,1+ sessions,Within 0-100
371,20,61,Medium,Medium,No,7,81,Medium,Yes,1,Medium,Low,Public,Neutral,3,No,High School,Moderate,Male,62,16+ hours,4,60-69%,1,1+ sessions,Within 0-100
372,23,87,High,High,No,8,56,Medium,Yes,1,Medium,High,Public,Positive,3,No,Postgraduate,Moderate,Male,71,16+ hours,4,80-89%,3,1+ sessions,Within 0-100
373,29,81,High,Medium,No,7,68,Medium,Yes,2,Medium,Medium,Public,Neutral,4,No,Postgraduate,Near,Male,72,16+ hours,4,80-89%,3,1+ sessions,Within 0-100
374,26,96,Medium,Medium,Yes,5,63,Medium,No,1,High,Medium,Private,Positive,2,No,Postgraduate,Near,Male,72,16+ hours,4,90-100%,4,1+ sessions,Within 0-100
375,33,67,Medium,Medium,Yes,6,93,High,Yes,0,Low,High,Public,Neutral,3,No,High School,Far,Female,68,16+ hours,4,60-69%,1,No tutoring,Within 0-100
376,15,92,Medium,Low,Yes,7,72,Low,Yes,1,Medium,Medium,Public,Negative,5,No,High School,Near,Female,66,11-15 hours,3,90-100%,4,1+ sessions,Within 0-100
377,25,92,Medium,Medium,No,4,77,Medium,Yes,0,Low,Medium,Public,Positive,3,No,High School,Near,Male,70,16+ hours,4,90-100%,4,No tutoring,Within 0-100
378,21,65,Medium,Low,Yes,5,98,High,No,2,Low,Medium,Private,Positive,4,No,Postgraduate,Near,Male,66,16+ hours,4,60-69%,1,1+ sessions,Within 0-100
379,33,76,Medium,Medium,Yes,10,92,Low,Yes,1,High,Medium,Private,Positive,3,No,Postgraduate,Near,Female,72,16+ hours,4,70-79%,2,1+ sessions,Within 0-100
380,15,67,High,Medium,Yes,8,89,Low,Yes,0,High,High,Public,Neutral,4,No,High School,Moderate,Female,64,11-15 hours,3,60-69%,1,No tutoring,Within 0-100
381,15,70,High,Medium,No,9,57,Medium,Yes,1,Medium,Medium,Private,Negative,3,No,High School,Unknown,Female,63,11-15 hours,3,70-79%,2,1+ sessions,Within 0-100
382,16,71,Medium,Medium,No,8,51,Medium,Yes,0,Low,Medium,Public,Negative,2,No,Postgraduate,Far,Female,61,16+ hours,4,70-79%,2,No tutoring,Within 0-100
383,7,82,High,High,Yes,8,56,Medium,Yes,0,Low,Medium,Private,Negative,2,No,High School,Far,Male,62,6-10 hours,2,80-89%,3,No tutoring,Within 0-100
384,17,76,Medium,High,No,7,87,High,Yes,1,Medium,High,Public,Positive,4,No,High School,Near,Female,68,16+ hours,4,70-79%,2,1+ sessions,Within 0-100
385,15,98,Low,Medium,Yes,8,71,Low,Yes,1,Medium,Medium,Public,Positive,3,No,High School,Near,Male,68,11-15 hours,3,90-100%,4,1+ sessions,Within 0-100
386,21,65,Low,Medium,No,9,56,High,Yes,1,Medium,Medium,Public,Positive,5,No,High School,Moderate,Male,63,16+ hours,4,60-69%,1,1+ sessions,Within 0-100
387,22,99,Medium,Low,Yes,8,87,Low,Yes,1,Medium,Medium,Private,Neutral,4,No,High School,Moderate,Female,70,16+ hours,4,90-100%,4,1+ sessions,Within 0-100
388,31,69,High,Low,Yes,7,60,Medium,Yes,1,Low,Medium,Public,Neutral,3,No,Postgraduate,Near,Female,68,16+ hours,4,60-69%,1,1+ sessions,Within 0-100
389,26,91,High,Medium,Yes,7,79,Medium,Yes,1,Low,Medium,Private,Neutral,5,No,High School,Near,Female,72,16+ hours,4,90-100%,4,1+ sessions,Within 0-100
390,17,74,Medium,Medium,Yes,8,87,Medium,Yes,4,Low,Low,Public,Positive,3,No,College,Near,Male,67,16+ hours,4,70-79%,2,1+ sessions,Within 0-100
391,15,66,Low,High,No,6,80,Medium,No,1,Low,Medium,Private,Neutral,1,No,College,Near,Male,61,11-15 hours,3,60-69%,1,1+ sessions,Within 0-100
392,23,94,Low,Medium,No,8,100,Medium,No,0,Low,Medium,Public,Neutral,3,No,Postgraduate,Near,Male,69,16+ hours,4,90-100%,4,No tutoring,Within 0-100
393,12,72,Medium,Low,Yes,6,72,High,Yes,2,Low,High,Private,Negative,2,No,High School,Moderate,Female,61,11-15 hours,3,70-79%,2,1+ sessions,Within 0-100
394,31,86,High,High,Yes,6,66,Medium,Yes,3,Medium,Medium,Public,Positive,3,No,College,Moderate,Male,75,16+ hours,4,80-89%,3,1+ sessions,Within 0-100
395,27,83,High,Low,No,5,60,Medium,Yes,0,High,Low,Public,Neutral,2,No,College,Moderate,Female,68,16+ hours,4,80-89%,3,No tutoring,Within 0-100
396,17,79,Medium,Low,Yes,6,75,Low,Yes,1,Medium,High,Public,Neutral,4,No,High School,Near,Male,65,16+ hours,4,70-79%,2,1+ sessions,Within 0-100
397,10,80,High,Medium,Yes,6,93,High,Yes,4,Medium,Unknown,Public,Negative,3,No,College,Moderate,Female,67,6-10 hours,2,80-89%,3,1+ sessions,Within 0-100
398,28,89,Medium,High,Yes,10,97,High,Yes,3,Medium,Low,Public,Negative,6,No,High School,Near,Female,75,16+ hours,4,80-89%,3,1+ sessions,Within 0-100
399,19,64,Low,Medium,No,6,99,Medium,Yes,1,Medium,Medium,Public,Positive,3,No,College,Near,Male,64,16+ hours,4,60-69%,1,1+ sessions,Within 0-100
400,27,87,Medium,Medium,No,8,77,Medium,Yes,1,Low,High,Public,Neutral,4,No,High School,Moderate,Male,70,16+ hours,4,80-89%,3,1+ sessions,Within 0-100
401,10,96,High,High,No,6,80,Medium,No,0,Medium,Medium,Public,Neutral,4,No,High School,Moderate,Female,67,6-10 hours,2,90-100%,4,No tutoring,Within 0-100
402,16,62,Medium,Medium,Yes,7,79,Low,Yes,2,Medium,Medium,Public,Neutral,3,No,High School,Near,Male,63,16+ hours,4,60-69%,1,1+ sessions,Within 0-100
403,20,66,High,High,No,7,73,Medium,Yes,1,Medium,Medium,Public,Negative,4,No,College,Unknown,Female,65,16+ hours,4,60-69%,1,1+ sessions,Within 0-100
404,20,89,Medium,Medium,Yes,4,58,Medium,Yes,1,Medium,Medium,Public,Positive,3,No,High School,Far,Female,67,16+ hours,4,80-89%,3,1+ sessions,Within 0-100
405,17,77,Low,High,Yes,5,53,Medium,Yes,2,High,Medium,Public,Neutral,3,No,College,Near,Male,86,16+ hours,4,70-79%,2,1+ sessions,Within 0-100
406,24,76,Low,High,No,6,72,High,Yes,3,Medium,High,Public,Neutral,3,Yes,High School,Moderate,Female,67,16+ hours,4,70-79%,2,1+ sessions,Within 0-100
407,14,65,High,Medium,No,5,59,Low,Yes,1,High,Medium,Public,Positive,4,No,Postgraduate,Far,Male,63,11-15 hours,3,60-69%,1,1+ sessions,Within 0-100
408,19,80,Medium,Medium,No,7,94,Medium,Yes,0,Medium,Low,Public,Neutral,3,No,College,Moderate,Female,66,16+ hours,4,80-89%,3,No tutoring,Within 0-100
409,21,65,High,High,No,7,88,Low,Yes,2,Low,Medium,Private,Neutral,1,No,Unknown,Near,Male,65,16+ hours,4,60-69%,1,1+ sessions,Within 0-100
410,23,79,Medium,Medium,No,5,81,Medium,Yes,1,Medium,Medium,Private,Neutral,3,No,High School,Near,Female,67,16+ hours,4,70-79%,2,1+ sessions,Within 0-100
411,24,91,Medium,Medium,No,7,52,Low,Yes,0,High,High,Public,Neutral,4,No,College,Near,Male,69,16+ hours,4,90-100%,4,No tutoring,Within 0-100
412,13,70,High,High,No,6,81,Medium,Yes,2,Medium,Low,Public,Positive,2,No,Postgraduate,Near,Male,66,11-15 hours,3,70-79%,2,1+ sessions,Within 0-100
413,11,79,Medium,Medium,Yes,7,81,Medium,Yes,1,High,Medium,Public,Neutral,2,No,High School,Moderate,Male,64,11-15 hours,3,70-79%,2,1+ sessions,Within 0-100
414,28,100,High,Low,Yes,6,72,Medium,Yes,1,Low,Medium,Public,Negative,2,No,Postgraduate,Near,Female,73,16+ hours,4,90-100%,4,1+ sessions,Within 0-100
415,22,87,Low,Medium,No,8,83,Low,Yes,1,Low,Medium,Public,Neutral,1,No,College,Far,Male,66,16+ hours,4,80-89%,3,1+ sessions,Within 0-100
416,16,94,Medium,Medium,No,9,93,Low,Yes,1,Low,Medium,Public,Negative,4,No,Postgraduate,Near,Female,68,16+ hours,4,90-100%,4,1+ sessions,Within 0-100
417,29,77,High,Low,Yes,8,88,Low,Yes,0,Medium,High,Public,Positive,4,No,College,Moderate,Male,70,16+ hours,4,70-79%,2,No tutoring,Within 0-100
418,21,91,High,Medium,No,9,74,Medium,Yes,2,Low,Low,Private,Negative,2,No,Unknown,Near,Female,69,16+ hours,4,90-100%,4,1+ sessions,Within 0-100
419,27,62,Medium,High,Yes,5,63,Low,Yes,4,High,Medium,Public,Negative,4,No,High School,Near,Female,67,16+ hours,4,60-69%,1,1+ sessions,Within 0-100
420,20,65,Medium,Low,No,6,74,Low,Yes,0,Medium,Medium,Private,Positive,3,No,College,Moderate,Male,62,16+ hours,4,60-69%,1,No tutoring,Within 0-100
421,32,68,Medium,Low,No,8,97,High,Yes,1,Low,Medium,Public,Positive,2,No,High School,Near,Male,68,16+ hours,4,60-69%,1,1+ sessions,Within 0-100
422,31,76,Medium,High,Yes,9,91,Medium,Yes,1,Low,Medium,Private,Neutral,4,No,Postgraduate,Near,Male,72,16+ hours,4,70-79%,2,1+ sessions,Within 0-100
423,19,94,Low,Medium,No,8,51,Medium,Yes,3,Medium,Low,Private,Positive,5,No,Postgraduate,Near,Male,69,16+ hours,4,90-100%,4,1+ sessions,Within 0-100
424,26,74,Low,Low,No,5,89,Low,Yes,3,High,High,Private,Negative,2,No,High School,Near,Male,66,16+ hours,4,70-79%,2,1+ sessions,Within 0-100
425,24,86,High,High,No,6,59,Medium,Yes,1,Low,Medium,Public,Positive,3,No,High School,Moderate,Female,70,16+ hours,4,80-89%,3,1+ sessions,Within 0-100
426,28,88,High,Medium,No,8,79,Medium,Yes,0,Medium,Medium,Public,Positive,3,No,High School,Far,Male,71,16+ hours,4,80-89%,3,No tutoring,Within 0-100
427,14,83,Medium,Medium,Yes,7,90,Medium,Yes,0,Low,Low,Public,Negative,3,No,College,Near,Female,65,11-15 hours,3,80-89%,3,No tutoring,Within 0-100
428,24,74,High,Medium,Yes,6,78,Medium,Yes,3,Low,High,Public,Positive,3,No,College,Near,Female,70,16+ hours,4,70-79%,2,1+ sessions,Within 0-100
429,26,83,Low,Low,No,7,70,High,No,2,Medium,High,Public,Negative,4,Yes,High School,Moderate,Male,65,16+ hours,4,80-89%,3,1+ sessions,Within 0-100
430,9,74,Medium,High,No,7,66,Low,Yes,1,High,High,Private,Neutral,3,No,High School,Far,Female,62,6-10 hours,2,70-79%,2,1+ sessions,Within 0-100
431,13,63,High,Medium,Yes,5,65,Medium,Yes,2,High,Medium,Private,Neutral,2,No,High School,Far,Male,62,11-15 hours,3,60-69%,1,1+ sessions,Within 0-100
432,8,100,High,Medium,Yes,8,92,Medium,Yes,1,Medium,High,Public,Neutral,3,No,Postgraduate,Moderate,Female,70,6-10 hours,2,90-100%,4,1+ sessions,Within 0-100
433,18,65,Medium,High,Yes,6,91,Medium,No,5,Low,Medium,Private,Neutral,3,No,College,Near,Male,66,16+ hours,4,60-69%,1,1+ sessions,Within 0-100
434,24,63,High,Low,Yes,7,91,Low,Yes,4,Low,Medium,Private,Positive,4,No,High School,Near,Female,67,16+ hours,4,60-69%,1,1+ sessions,Within 0-100
435,29,95,Medium,Low,No,9,64,Medium,Yes,1,Medium,High,Public,Positive,3,No,High School,Near,Female,72,16+ hours,4,90-100%,4,1+ sessions,Within 0-100
436,20,72,High,Low,Yes,7,90,Low,Yes,0,Low,High,Private,Negative,3,No,Postgraduate,Near,Female,66,16+ hours,4,70-79%,2,No tutoring,Within 0-100
437,30,86,Medium,Low,Yes,8,52,Medium,Yes,2,Medium,Medium,Public,Negative,2,Yes,College,Moderate,Female,68,16+ hours,4,80-89%,3,1+ sessions,Within 0-100
438,12,73,High,Medium,No,5,60,Medium,Yes,1,Low,Medium,Public,Negative,4,No,High School,Moderate,Male,62,11-15 hours,3,70-79%,2,1+ sessions,Within 0-100
439,10,76,Low,Medium,Yes,8,76,Medium,Yes,2,High,High,Private,Positive,3,Yes,Postgraduate,Moderate,Male,64,6-10 hours,2,70-79%,2,1+ sessions,Within 0-100
440,20,70,Medium,Medium,No,8,70,Medium,Yes,0,Low,Medium,Public,Neutral,5,No,Postgraduate,Near,Female,65,16+ hours,4,70-79%,2,No tutoring,Within 0-100
441,22,74,Medium,Low,Yes,6,56,Low,Yes,4,Medium,High,Public,Negative,3,No,Postgraduate,Moderate,Male,66,16+ hours,4,70-79%,2,1+ sessions,Within 0-100
442,20,76,Medium,Low,No,7,52,Medium,Yes,2,Low,High,Private,Neutral,3,No,High School,Near,Female,64,16+ hours,4,70-79%,2,1+ sessions,Within 0-100
443,8,89,Medium,High,Yes,7,81,Low,Yes,4,Low,Medium,Public,Neutral,3,No,College,Near,Male,67,6-10 hours,2,80-89%,3,1+ sessions,Within 0-100
444,19,80,High,Medium,Yes,7,66,Low,Yes,4,Medium,Medium,Public,Negative,4,No,College,Near,Female,69,16+ hours,4,80-89%,3,1+ sessions,Within 0-100
445,12,98,High,Medium,Yes,8,51,Medium,Yes,0,Medium,Low,Public,Positive,5,No,Postgraduate,Moderate,Male,68,11-15 hours,3,90-100%,4,No tutoring,Within 0-100
446,24,62,Medium,Medium,No,6,72,High,Yes,2,Low,Low,Public,Neutral,4,No,High School,Near,Male,64,16+ hours,4,60-69%,1,1+ sessions,Within 0-100
447,22,80,High,Medium,Yes,7,65,Medium,Yes,2,High,Medium,Private,Neutral,2,No,High School,Moderate,Female,68,16+ hours,4,80-89%,3,1+ sessions,Within 0-100
448,14,83,Low,Low,Yes,9,79,Medium,Yes,1,Medium,Low,Public,Positive,3,No,High School,Near,Male,64,11-15 hours,3,80-89%,3,1+ sessions,Within 0-100
449,17,97,Medium,High,No,9,96,High,Yes,0,High,Medium,Public,Negative,1,No,Postgraduate,Near,Male,71,16+ hours,4,90-100%,4,No tutoring,Within 0-100
450,14,62,High,High,Yes,8,65,Low,Yes,3,Low,Medium,Public,Negative,2,No,High School,Far,Male,61,11-15 hours,3,60-69%,1,1+ sessions,Within 0-100
451,20,83,Low,Medium,No,7,100,Medium,Yes,4,Low,Medium,Public,Negative,3,No,College,Near,Male,68,16+ hours,4,80-89%,3,1+ sessions,Within 0-100
452,26,94,High,Medium,Yes,10,54,Low,Yes,2,High,Medium,Public,Neutral,5,No,Unknown,Near,Male,73,16+ hours,4,90-100%,4,1+ sessions,Within 0-100
453,14,70,High,Medium,Yes,9,54,Medium,No,3,Medium,Medium,Public,Positive,1,No,College,Near,Male,64,11-15 hours,3,70-79%,2,1+ sessions,Within 0-100
454,23,95,Medium,Medium,Yes,7,86,Medium,Yes,3,Low,Medium,Public,Positive,4,Yes,Postgraduate,Far,Male,72,16+ hours,4,90-100%,4,1+ sessions,Within 0-100
455,17,61,Medium,Medium,Yes,7,87,High,Yes,5,Medium,Medium,Public,Neutral,3,No,High School,Near,Male,65,16+ hours,4,60-69%,1,1+ sessions,Within 0-100
456,15,89,Medium,Medium,Yes,6,71,Medium,Yes,1,Medium,High,Public,Positive,4,No,High School,Near,Female,68,11-15 hours,3,80-89%,3,1+ sessions,Within 0-100
457,19,97,High,Low,Yes,8,64,Medium,Yes,2,Low,High,Public,Positive,3,No,High School,Near,Male,71,16+ hours,4,90-100%,4,1+ sessions,Within 0-100
458,14,86,Medium,Low,Yes,8,90,Medium,No,3,Medium,Unknown,Public,Negative,3,Yes,Postgraduate,Near,Male,65,11-15 hours,3,80-89%,3,1+ sessions,Within 0-100
459,17,78,Medium,Medium,No,8,98,Low,Yes,2,Medium,Medium,Private,Positive,2,No,High School,Near,Male,66,16+ hours,4,70-79%,2,1+ sessions,Within 0-100
460,13,62,Low,High,No,7,99,Medium,Yes,4,Medium,Low,Public,Positive,1,No,Postgraduate,Moderate,Female,63,11-15 hours,3,60-69%,1,1+ sessions,Within 0-100
461,32,97,Medium,High,No,5,82,Medium,Yes,1,Medium,Medium,Public,Neutral,3,No,High School,Moderate,Male,74,16+ hours,4,90-100%,4,1+ sessions,Within 0-100
462,20,79,High,Low,Yes,7,87,Low,No,2,Medium,High,Private,Neutral,4,Yes,High School,Near,Female,66,16+ hours,4,70-79%,2,1+ sessions,Within 0-100
463,16,61,Medium,Low,No,8,91,High,Yes,2,Medium,High,Public,Neutral,3,No,College,Moderate,Male,63,16+ hours,4,60-69%,1,1+ sessions,Within 0-100
464,21,88,High,Medium,Yes,6,90,High,Yes,2,High,Medium,Private,Neutral,4,No,High School,Moderate,Male,72,16+ hours,4,80-89%,3,1+ sessions,Within 0-100
465,19,79,Medium,High,No,7,100,Low,Yes,1,High,High,Public,Positive,2,No,College,Far,Female,69,16+ hours,4,70-79%,2,1+ sessions,Within 0-100
466,19,65,Medium,High,Yes,9,91,Medium,Yes,1,Medium,High,Public,Positive,4,No,College,Near,Male,67,16+ hours,4,60-69%,1,1+ sessions,Within 0-100
467,24,69,Low,High,No,5,83,Low,Yes,3,Low,Medium,Private,Neutral,3,No,High School,Near,Male,66,16+ hours,4,60-69%,1,1+ sessions,Within 0-100
468,25,63,High,Medium,No,7,69,Medium,Yes,0,Low,High,Private,Negative,5,No,High School,Moderate,Female,64,16+ hours,4,60-69%,1,No tutoring,Within 0-100
469,17,83,Low,Medium,No,9,80,Medium,Yes,4,Medium,High,Public,Negative,2,No,College,Near,Female,67,16+ hours,4,80-89%,3,1+ sessions,Within 0-100
470,17,85,Medium,Low,No,7,94,High,Yes,4,Low,Medium,Public,Positive,3,No,College,Near,Female,69,16+ hours,4,80-89%,3,1+ sessions,Within 0-100
471,18,80,Medium,Low,Yes,6,65,Medium,Yes,2,Low,High,Public,Negative,2,No,College,Unknown,Female,65,16+ hours,4,80-89%,3,1+ sessions,Within 0-100
472,6,93,Medium,Medium,No,7,52,High,Yes,0,Medium,Medium,Public,Neutral,2,No,College,Near,Female,64,6-10 hours,2,90-100%,4,No tutoring,Within 0-100
473,11,94,Medium,Low,Yes,8,66,High,No,1,High,Low,Public,Neutral,4,No,High School,Near,Female,65,11-15 hours,3,90-100%,4,1+ sessions,Within 0-100
474,28,85,Medium,High,Yes,7,98,Medium,Yes,2,Low,High,Private,Positive,1,Yes,High School,Near,Male,72,16+ hours,4,80-89%,3,1+ sessions,Within 0-100
475,30,61,Low,High,Yes,8,90,Medium,Yes,2,Low,High,Public,Negative,2,No,High School,Moderate,Female,66,16+ hours,4,60-69%,1,1+ sessions,Within 0-100
476,19,88,Medium,Low,No,7,59,Medium,Yes,2,Low,Medium,Public,Neutral,3,No,College,Near,Female,66,16+ hours,4,80-89%,3,1+ sessions,Within 0-100
477,23,77,High,High,Yes,7,51,Medium,Yes,1,Low,Low,Private,Positive,3,No,College,Moderate,Male,67,16+ hours,4,70-79%,2,1+ sessions,Within 0-100
478,22,83,Medium,Medium,Yes,8,83,High,Yes,1,High,Medium,Private,Negative,3,Yes,Postgraduate,Moderate,Male,69,16+ hours,4,80-89%,3,1+ sessions,Within 0-100
479,38,86,Low,High,Yes,7,79,Low,Yes,3,Low,Medium,Public,Negative,3,No,High School,Near,Male,73,16+ hours,4,80-89%,3,1+ sessions,Within 0-100
480,27,74,Medium,High,No,6,54,Medium,Yes,3,Medium,Medium,Public,Neutral,3,No,College,Near,Female,69,16+ hours,4,70-79%,2,1+ sessions,Within 0-100
481,19,97,Medium,Low,No,8,98,Medium,Yes,1,Low,Medium,Private,Neutral,4,Yes,High School,Near,Male,68,16+ hours,4,90-100%,4,1+ sessions,Within 0-100
482,14,65,Low,Medium,Yes,7,81,Medium,Yes,1,Low,Medium,Public,Positive,3,No,High School,Moderate,Female,61,11-15 hours,3,60-69%,1,1+ sessions,Within 0-100
483,10,87,Medium,Low,Yes,6,83,Medium,No,0,Low,Medium,Public,Positive,4,No,High School,Near,Male,63,6-10 hours,2,80-89%,3,No tutoring,Within 0-100
484,21,60,Medium,High,Yes,8,93,Low,Yes,0,Low,Medium,Public,Positive,2,No,High School,Far,Female,63,16+ hours,4,60-69%,1,No tutoring,Within 0-100
485,15,97,Low,Medium,Yes,9,67,Medium,Yes,1,Low,High,Public,Neutral,2,No,College,Near,Male,68,11-15 hours,3,90-100%,4,1+ sessions,Within 0-100
486,11,65,Medium,High,No,7,78,Medium,Yes,2,Low,Medium,Public,Neutral,3,No,Postgraduate,Near,Female,63,11-15 hours,3,60-69%,1,1+ sessions,Within 0-100
487,16,64,High,Medium,Yes,7,79,Medium,Yes,3,Medium,Medium,Private,Positive,4,Yes,Postgraduate,Near,Female,66,16+ hours,4,60-69%,1,1+ sessions,Within 0-100
488,14,73,High,Medium,Yes,5,98,Medium,Yes,2,Low,Medium,Public,Negative,4,No,High School,Moderate,Female,65,11-15 hours,3,70-79%,2,1+ sessions,Within 0-100
489,30,75,High,High,No,7,57,High,Yes,0,Low,Medium,Public,Neutral,1,Yes,College,Near,Female,68,16+ hours,4,70-79%,2,No tutoring,Within 0-100
490,25,69,Medium,Medium,Yes,7,88,High,Yes,0,Low,Medium,Public,Negative,4,No,College,Near,Female,66,16+ hours,4,60-69%,1,No tutoring,Within 0-100
491,20,83,Low,Low,No,7,79,Low,No,2,Medium,Medium,Public,Positive,5,No,Postgraduate,Moderate,Male,66,16+ hours,4,80-89%,3,1+ sessions,Within 0-100
492,29,78,High,Medium,No,6,92,Medium,Yes,2,Low,Medium,Private,Negative,4,No,High School,Near,Male,70,16+ hours,4,70-79%,2,1+ sessions,Within 0-100
493,20,61,Low,Low,Yes,8,92,Medium,Yes,0,Medium,Medium,Public,Negative,2,No,High School,Near,Female,61,16+ hours,4,60-69%,1,No tutoring,Within 0-100
494,15,73,Medium,Low,Yes,7,51,Medium,Yes,2,Low,High,Private,Negative,3,No,High School,Moderate,Male,61,11-15 hours,3,70-79%,2,1+ sessions,Within 0-100
495,29,92,Medium,Medium,Yes,10,63,High,Yes,1,Low,High,Private,Negative,4,No,High School,Moderate,Male,71,16+ hours,4,90-100%,4,1+ sessions,Within 0-100
496,23,88,Low,Medium,Yes,7,59,Medium,Yes,1,Medium,Medium,Public,Negative,2,No,High School,Near,Male,67,16+ hours,4,80-89%,3,1+ sessions,Within 0-100
497,14,89,High,High,Yes,4,73,Medium,Yes,2,Medium,High,Public,Negative,3,No,College,Near,Male,70,11-15 hours,3,80-89%,3,1+ sessions,Within 0-100
498,19,88,High,Medium,No,5,95,Medium,Yes,2,Low,Medium,Private,Negative,4,No,College,Moderate,Male,69,16+ hours,4,80-89%,3,1+ sessions,Within 0-100
499,15,72,High,High,No,8,50,Medium,Yes,2,Medium,Medium,Public,Neutral,4,No,High School,Near,Female,65,11-15 hours,3,70-79%,2,1+ sessions,Within 0-100
500,12,64,High,Low,Yes,6,74,High,Yes,0,Medium,Medium,Public,Positive,2,No,High School,Moderate,Male,61,11-15 hours,3,60-69%,1,No tutoring,Within 0-100
501,26,71,Medium,Low,No,6,94,Low,Yes,3,Low,Medium,Public,Positive,4,No,Postgraduate,Near,Male,68,16+ hours,4,70-79%,2,1+ sessions,Within 0-100
502,31,93,High,Low,Yes,5,96,Medium,Yes,2,Low,Medium,Public,Positive,2,No,High School,Near,Male,74,16+ hours,4,90-100%,4,1+ sessions,Within 0-100
503,12,99,Medium,Medium,No,6,83,Low,Yes,1,Medium,Medium,Public,Negative,3,No,High School,Near,Female,67,11-15 hours,3,90-100%,4,1+ sessions,Within 0-100
504,23,80,Medium,Medium,Yes,7,91,Low,Yes,5,High,Medium,Public,Negative,1,No,High School,Near,Female,70,16+ hours,4,80-89%,3,1+ sessions,Within 0-100
505,16,60,Low,Medium,Yes,8,66,Low,Yes,1,High,High,Private,Neutral,2,Yes,High School,Moderate,Female,59,16+ hours,4,60-69%,1,1+ sessions,Within 0-100
506,17,66,High,High,No,5,64,Low,Yes,0,Medium,High,Private,Neutral,2,No,College,Near,Male,64,16+ hours,4,60-69%,1,No tutoring,Within 0-100
507,16,73,High,Medium,Yes,8,52,Medium,Yes,2,Medium,High,Public,Positive,4,No,College,Near,Female,66,16+ hours,4,70-79%,2,1+ sessions,Within 0-100
508,15,83,Low,Low,Yes,5,75,Medium,Yes,1,Medium,Medium,Public,Neutral,3,No,High School,Far,Female,63,11-15 hours,3,80-89%,3,1+ sessions,Within 0-100
509,20,63,Low,Low,Yes,8,73,Low,Yes,0,High,Medium,Public,Neutral,3,No,College,Near,Female,61,16+ hours,4,60-69%,1,No tutoring,Within 0-100
510,15,98,Low,High,Yes,8,69,Low,Yes,2,Low,Medium,Public,Neutral,4,No,High School,Moderate,Female,68,11-15 hours,3,90-100%,4,1+ sessions,Within 0-100
511,22,75,Medium,Medium,No,6,56,Low,Yes,3,Medium,Medium,Private,Positive,3,No,High School,Far,Male,65,16+ hours,4,70-79%,2,1+ sessions,Within 0-100
512,20,97,Medium,High,No,5,62,Medium,Yes,1,Medium,Medium,Private,Neutral,4,No,High School,Far,Male,69,16+ hours,4,90-100%,4,1+ sessions,Within 0-100
513,19,91,High,Low,Yes,8,60,Medium,Yes,2,Low,Medium,Private,Neutral,4,No,High School,Moderate,Male,68,16+ hours,4,90-100%,4,1+ sessions,Within 0-100
514,15,90,Medium,Low,Yes,6,97,Low,Yes,2,High,High,Public,Positive,2,No,High School,Near,Male,69,11-15 hours,3,90-100%,4,1+ sessions,Within 0-100
515,17,84,Medium,Low,Yes,7,98,High,Yes,1,Low,High,Public,Neutral,2,No,College,Far,Female,67,16+ hours,4,80-89%,3,1+ sessions,Within 0-100
516,25,85,High,High,No,8,50,High,Yes,1,High,Medium,Public,Neutral,1,No,College,Moderate,Female,70,16+ hours,4,80-89%,3,1+ sessions,Within 0-100
517,23,86,Medium,Medium,Yes,8,59,Low,Yes,1,Low,Medium,Public,Neutral,3,No,Postgraduate,Moderate,Female,68,16+ hours,4,80-89%,3,1+ sessions,Within 0-100
518,14,85,Medium,Medium,No,6,94,Low,Yes,0,High,Medium,Public,Positive,4,No,College,Near,Male,67,11-15 hours,3,80-89%,3,No tutoring,Within 0-100
519,21,82,High,Medium,No,7,52,Medium,Yes,4,Low,Medium,Public,Neutral,3,No,High School,Far,Male,67,16+ hours,4,80-89%,3,1+ sessions,Within 0-100
520,25,99,High,Medium,Yes,6,97,High,Yes,0,Medium,Medium,Public,Positive,3,No,College,Moderate,Male,75,16+ hours,4,90-100%,4,No tutoring,Within 0-100
521,10,89,Low,Low,Yes,8,69,Low,Yes,3,Low,Medium,Public,Negative,4,No,College,Moderate,Male,63,6-10 hours,2,80-89%,3,1+ sessions,Within 0-100
522,23,91,Low,Medium,No,9,77,High,Yes,1,Low,Medium,Public,Positive,5,No,High School,Near,Male,70,16+ hours,4,90-100%,4,1+ sessions,Within 0-100
523,16,95,Medium,Low,Yes,6,88,Low,Yes,2,High,High,Public,Positive,4,No,High School,Near,Female,70,16+ hours,4,90-100%,4,1+ sessions,Within 0-100
524,23,69,Medium,High,Yes,7,62,Medium,Yes,1,Medium,Medium,Public,Neutral,4,Yes,High School,Far,Male,64,16+ hours,4,60-69%,1,1+ sessions,Within 0-100
525,15,63,Medium,Low,No,8,55,Low,Yes,0,Medium,Low,Public,Neutral,3,No,College,Near,Female,59,11-15 hours,3,60-69%,1,No tutoring,Within 0-100
526,9,79,Medium,Low,No,7,90,High,Yes,1,High,Low,Public,Neutral,3,No,High School,Near,Male,63,6-10 hours,2,70-79%,2,1+ sessions,Within 0-100
527,10,81,High,Medium,Yes,8,99,Medium,No,2,Medium,Medium,Public,Positive,4,No,Postgraduate,Moderate,Female,67,6-10 hours,2,80-89%,3,1+ sessions,Within 0-100
528,20,93,Low,High,Yes,7,83,Medium,Yes,0,Medium,Medium,Private,Negative,2,Yes,High School,Near,Male,68,16+ hours,4,90-100%,4,No tutoring,Within 0-100
529,22,78,Medium,Medium,Yes,5,91,Low,Yes,0,Medium,High,Private,Negative,3,No,Postgraduate,Near,Male,68,16+ hours,4,70-79%,2,No tutoring,Within 0-100
530,15,83,Medium,Medium,No,7,97,Medium,Yes,2,Low,High,Private,Neutral,2,No,High School,Near,Female,97,11-15 hours,3,80-89%,3,1+ sessions,Within 0-100
531,24,81,Medium,Low,No,9,61,Medium,Yes,1,Low,Low,Public,Positive,4,No,College,Near,Female,66,16+ hours,4,80-89%,3,1+ sessions,Within 0-100
532,10,62,Medium,Low,No,7,68,High,Yes,3,Medium,Medium,Public,Neutral,3,No,Postgraduate,Near,Male,61,6-10 hours,2,60-69%,1,1+ sessions,Within 0-100
533,20,85,High,Medium,No,9,61,High,Yes,2,High,Medium,Public,Positive,3,No,College,Near,Male,70,16+ hours,4,80-89%,3,1+ sessions,Within 0-100
534,13,93,Low,Low,Yes,4,53,High,Yes,1,Medium,Low,Public,Positive,1,No,Postgraduate,Near,Male,65,11-15 hours,3,90-100%,4,1+ sessions,Within 0-100
535,16,66,Low,Medium,Yes,8,87,High,Yes,3,Medium,Medium,Public,Positive,2,No,High School,Moderate,Female,64,16+ hours,4,60-69%,1,1+ sessions,Within 0-100
536,20,84,Medium,High,Yes,6,57,High,Yes,2,Medium,Medium,Public,Positive,4,No,High School,Far,Female,69,16+ hours,4,80-89%,3,1+ sessions,Within 0-100
537,15,84,Medium,High,No,6,55,Low,Yes,1,Medium,Medium,Private,Negative,2,No,High School,Near,Male,64,11-15 hours,3,80-89%,3,1+ sessions,Within 0-100
538,18,67,Low,Low,Yes,9,68,Low,Yes,2,Low,High,Private,Negative,2,No,Postgraduate,Near,Male,61,16+ hours,4,60-69%,1,1+ sessions,Within 0-100
539,26,65,Low,Medium,No,7,53,Low,Yes,3,High,Medium,Public,Positive,2,No,High School,Near,Female,64,16+ hours,4,60-69%,1,1+ sessions,Within 0-100
540,17,99,Medium,High,No,6,59,Medium,Yes,0,Medium,Medium,Public,Neutral,3,No,High School,Moderate,Male,68,16+ hours,4,90-100%,4,No tutoring,Within 0-100
541,25,76,Medium,High,No,8,53,High,Yes,1,High,High,Public,Positive,3,Yes,High School,Far,Female,67,16+ hours,4,70-79%,2,1+ sessions,Within 0-100
542,13,69,High,Low,No,4,94,Medium,Yes,3,Low,Low,Public,Positive,3,Yes,High School,Near,Male,62,11-15 hours,3,60-69%,1,1+ sessions,Within 0-100
543,23,67,Medium,Medium,Yes,9,89,Medium,Yes,2,Low,High,Public,Neutral,2,No,High School,Near,Female,66,16+ hours,4,60-69%,1,1+ sessions,Within 0-100
544,29,87,Medium,High,Yes,10,93,High,Yes,1,Low,Medium,Public,Neutral,4,No,High School,Moderate,Male,72,16+ hours,4,80-89%,3,1+ sessions,Within 0-100
545,5,84,Medium,Medium,Yes,8,93,High,Yes,4,High,High,Public,Positive,3,No,College,Moderate,Male,68,1-5 hours,1,80-89%,3,1+ sessions,Within 0-100
546,15,86,Medium,High,Yes,8,97,Medium,Yes,4,High,Medium,Public,Positive,3,No,High School,Near,Male,71,11-15 hours,3,80-89%,3,1+ sessions,Within 0-100
547,23,64,Medium,Medium,Yes,7,59,High,Yes,3,Medium,Medium,Public,Positive,2,No,High School,Moderate,Female,65,16+ hours,4,60-69%,1,1+ sessions,Within 0-100
548,19,96,Medium,Low,Yes,5,95,Low,No,2,Medium,Low,Private,Neutral,3,No,High School,Moderate,Female,68,16+ hours,4,90-100%,4,1+ sessions,Within 0-100
549,22,76,Medium,Low,No,9,76,Medium,Yes,2,Low,High,Public,Neutral,5,No,High School,Far,Female,65,16+ hours,4,70-79%,2,1+ sessions,Within 0-100
550,16,73,High,Low,Yes,8,58,Medium,Yes,1,Medium,Medium,Public,Neutral,4,No,High School,Near,Female,64,16+ hours,4,70-79%,2,1+ sessions,Within 0-100
551,21,78,Medium,Low,No,8,83,Medium,Yes,2,Medium,Medium,Public,Positive,4,Yes,High School,Far,Male,65,16+ hours,4,70-79%,2,1+ sessions,Within 0-100
552,19,76,High,High,Yes,8,66,Low,Yes,0,Low,High,Private,Negative,4,Yes,High School,Near,Male,65,16+ hours,4,70-79%,2,No tutoring,Within 0-100
553,27,95,High,Medium,No,7,52,High,Yes,3,Medium,High,Private,Negative,3,No,College,Moderate,Female,73,16+ hours,4,90-100%,4,1+ sessions,Within 0-100
554,22,97,Medium,High,Yes,6,54,Medium,Yes,1,Low,High,Public,Positive,3,No,Postgraduate,Near,Male,72,16+ hours,4,90-100%,4,1+ sessions,Within 0-100
555,22,72,Low,Medium,Yes,10,71,Medium,Yes,1,Medium,Medium,Private,Negative,1,No,College,Near,Male,64,16+ hours,4,70-79%,2,1+ sessions,Within 0-100
556,18,95,Medium,Medium,Yes,7,91,Low,Yes,0,Low,Medium,Public,Positive,4,Yes,Postgraduate,Moderate,Male,69,16+ hours,4,90-100%,4,No tutoring,Within 0-100
557,17,91,Medium,Medium,No,6,66,High,Yes,1,High,Medium,Private,Positive,3,No,High School,Near,Male,69,16+ hours,4,90-100%,4,1+ sessions,Within 0-100
558,17,97,Medium,High,Yes,9,88,Medium,No,0,Medium,Medium,Public,Positive,2,No,High School,Near,Male,70,16+ hours,4,90-100%,4,No tutoring,Within 0-100
559,22,70,Low,Medium,No,7,53,Low,Yes,1,Low,Medium,Public,Positive,3,No,High School,Near,Female,83,16+ hours,4,70-79%,2,1+ sessions,Within 0-100
560,17,83,High,Medium,No,7,70,Low,Yes,3,Low,Medium,Private,Neutral,5,No,Postgraduate,Near,Female,68,16+ hours,4,80-89%,3,1+ sessions,Within 0-100
561,22,71,Low,High,Yes,9,56,High,Yes,1,Low,High,Public,Neutral,3,Yes,College,Near,Female,84,16+ hours,4,70-79%,2,1+ sessions,Within 0-100
562,32,93,Medium,Medium,Yes,8,93,High,Yes,1,Medium,High,Public,Negative,3,No,Postgraduate,Far,Female,75,16+ hours,4,90-100%,4,1+ sessions,Within 0-100
563,25,60,Low,High,No,8,98,Medium,Yes,1,Medium,Medium,Public,Neutral,5,No,Postgraduate,Near,Female,67,16+ hours,4,60-69%,1,1+ sessions,Within 0-100
564,18,83,Medium,High,Yes,5,66,Medium,Yes,0,High,Medium,Private,Positive,4,No,Postgraduate,Near,Male,69,16+ hours,4,80-89%,3,No tutoring,Within 0-100
565,27,74,High,Medium,No,8,99,High,No,3,Medium,Medium,Public,Positive,4,No,High School,Near,Male,71,16+ hours,4,70-79%,2,1+ sessions,Within 0-100
566,18,73,Medium,Low,Yes,5,88,Medium,Yes,1,Medium,Medium,Public,Positive,5,No,College,Near,Female,66,16+ hours,4,70-79%,2,1+ sessions,Within 0-100
567,8,86,Medium,High,No,6,50,High,Yes,1,Medium,Medium,Public,Positive,2,No,College,Near,Male,65,6-10 hours,2,80-89%,3,1+ sessions,Within 0-100
568,14,94,High,Medium,No,7,74,Medium,Yes,1,High,Medium,Private,Positive,5,No,College,Near,Male,70,11-15 hours,3,90-100%,4,1+ sessions,Within 0-100
569,9,84,High,Low,No,7,92,High,Yes,1,Low,High,Public,Negative,4,No,Postgraduate,Near,Male,66,6-10 hours,2,80-89%,3,1+ sessions,Within 0-100
570,18,94,High,Medium,Yes,8,77,Medium,Yes,3,Medium,High,Public,Positive,4,No,Postgraduate,Near,Male,74,16+ hours,4,90-100%,4,1+ sessions,Within 0-100
571,20,71,High,Medium,No,8,77,Medium,Yes,0,High,Unknown,Private,Neutral,4,No,High School,Moderate,Male,66,16+ hours,4,70-79%,2,No tutoring,Within 0-100
572,30,81,Medium,High,No,8,72,Low,Yes,0,Low,Medium,Public,Neutral,2,No,High School,Moderate,Male,68,16+ hours,4,80-89%,3,No tutoring,Within 0-100
573,22,78,Medium,High,Yes,5,70,Medium,Yes,2,Low,Medium,Public,Positive,1,No,College,Near,Male,68,16+ hours,4,70-79%,2,1+ sessions,Within 0-100
574,19,60,Medium,High,No,10,51,Medium,Yes,0,Medium,Medium,Public,Positive,3,Yes,College,Near,Female,62,16+ hours,4,60-69%,1,No tutoring,Within 0-100
575,25,82,Medium,High,Yes,7,81,Medium,Yes,2,Medium,Medium,Private,Neutral,2,No,Postgraduate,Moderate,Male,71,16+ hours,4,80-89%,3,1+ sessions,Within 0-100
576,7,86,Medium,Low,No,9,88,Medium,Yes,2,Low,Medium,Public,Negative,2,No,College,Near,Female,63,6-10 hours,2,80-89%,3,1+ sessions,Within 0-100
577,21,84,High,High,No,4,90,Medium,Yes,2,Medium,Low,Public,Neutral,3,No,High School,Far,Male,69,16+ hours,4,80-89%,3,1+ sessions,Within 0-100
578,25,89,Medium,Medium,Yes,7,81,High,Yes,3,Medium,Medium,Public,Negative,0,No,College,Near,Male,71,16+ hours,4,80-89%,3,1+ sessions,Within 0-100
579,11,83,High,Low,Yes,5,67,Medium,Yes,1,Medium,Medium,Public,Positive,2,No,Postgraduate,Near,Male,66,11-15 hours,3,80-89%,3,1+ sessions,Within 0-100
580,27,63,Medium,High,No,6,51,Low,Yes,0,Low,Medium,Public,Positive,2,No,Postgraduate,Moderate,Male,64,16+ hours,4,60-69%,1,No tutoring,Within 0-100
581,22,65,Medium,Medium,Yes,7,95,Low,Yes,3,Low,Medium,Public,Positive,2,No,High School,Moderate,Female,65,16+ hours,4,60-69%,1,1+ sessions,Within 0-100
582,18,84,Medium,High,No,6,71,Medium,Yes,4,Medium,Low,Public,Positive,2,No,High School,Near,Female,69,16+ hours,4,80-89%,3,1+ sessions,Within 0-100
583,24,71,Medium,Low,No,9,80,Medium,Yes,2,Medium,High,Private,Positive,3,No,High School,Near,Female,66,16+ hours,4,70-79%,2,1+ sessions,Within 0-100
584,34,63,Medium,High,Yes,10,60,Low,Yes,1,Medium,Medium,Public,Negative,4,No,High School,Near,Female,67,16+ hours,4,60-69%,1,1+ sessions,Within 0-100
585,21,77,Medium,Low,Yes,6,57,Medium,Yes,4,Low,Medium,Public,Negative,5,No,High School,Far,Male,65,16+ hours,4,70-79%,2,1+ sessions,Within 0-100
586,21,82,Low,Low,Yes,6,54,High,Yes,3,Low,Medium,Public,Negative,2,No,College,Moderate,Male,65,16+ hours,4,80-89%,3,1+ sessions,Within 0-100
587,17,73,High,Medium,No,5,90,High,Yes,1,Low,Medium,Private,Positive,4,No,High School,Near,Male,67,16+ hours,4,70-79%,2,1+ sessions,Within 0-100
588,15,89,Low,Medium,Yes,9,82,Low,Yes,1,Medium,Medium,Public,Neutral,3,No,College,Near,Male,66,11-15 hours,3,80-89%,3,1+ sessions,Within 0-100
589,25,86,Medium,Medium,Yes,7,81,Low,Yes,1,High,Low,Public,Positive,1,No,High School,Near,Male,69,16+ hours,4,80-89%,3,1+ sessions,Within 0-100
590,15,73,Medium,High,No,7,96,Low,Yes,1,Low,Medium,Public,Negative,2,No,College,Unknown,Male,64,11-15 hours,3,70-79%,2,1+ sessions,Within 0-100
591,20,90,Medium,Medium,Yes,7,58,High,Yes,1,High,High,Private,Neutral,4,No,High School,Near,Male,70,16+ hours,4,90-100%,4,1+ sessions,Within 0-100
592,17,86,High,Medium,Yes,7,59,Low,Yes,3,Low,Medium,Public,Positive,3,No,Postgraduate,Moderate,Male,68,16+ hours,4,80-89%,3,1+ sessions,Within 0-100
593,23,85,High,Low,Yes,6,59,Low,Yes,1,Medium,Medium,Public,Negative,1,No,Unknown,Near,Male,68,16+ hours,4,80-89%,3,1+ sessions,Within 0-100
594,22,82,High,Medium,Yes,7,71,Low,Yes,1,High,Unknown,Private,Positive,3,No,High School,Near,Female,69,16+ hours,4,80-89%,3,1+ sessions,Within 0-100
595,26,60,Medium,Medium,Yes,7,94,High,Yes,3,High,Medium,Public,Positive,2,No,High School,Moderate,Female,68,16+ hours,4,60-69%,1,1+ sessions,Within 0-100
596,17,88,Medium,Medium,Yes,8,94,Medium,Yes,5,Medium,Medium,Public,Neutral,2,Yes,College,Near,Female,70,16+ hours,4,80-89%,3,1+ sessions,Within 0-100
597,18,75,High,Medium,Yes,5,80,Medium,Yes,2,Low,High,Public,Neutral,3,No,High School,Near,Female,67,16+ hours,4,70-79%,2,1+ sessions,Within 0-100
598,14,98,High,High,Yes,7,83,Medium,No,3,Low,Medium,Public,Positive,3,No,College,Near,Male,72,11-15 hours,3,90-100%,4,1+ sessions,Within 0-100
599,17,93,High,Low,No,6,95,Medium,Yes,1,Low,Medium,Public,Neutral,4,No,High School,Near,Male,69,16+ hours,4,90-100%,4,1+ sessions,Within 0-100
600,22,84,High,Medium,No,7,81,Medium,Yes,1,Medium,Low,Private,Positive,3,No,High School,Moderate,Male,69,16+ hours,4,80-89%,3,1+ sessions,Within 0-100
601,25,70,Low,Medium,Yes,8,61,Low,No,3,Low,Medium,Public,Positive,4,No,College,Moderate,Female,64,16+ hours,4,70-79%,2,1+ sessions,Within 0-100
602,14,68,Low,Medium,Yes,6,85,Medium,Yes,2,Medium,Medium,Public,Neutral,3,No,High School,Near,Female,63,11-15 hours,3,60-69%,1,1+ sessions,Within 0-100
603,25,74,High,High,Yes,9,88,Medium,Yes,3,Medium,High,Public,Neutral,3,Yes,High School,Near,Male,70,16+ hours,4,70-79%,2,1+ sessions,Within 0-100
604,28,79,High,Medium,Yes,4,82,Medium,Yes,0,Medium,Medium,Private,Positive,3,No,High School,Near,Male,70,16+ hours,4,70-79%,2,No tutoring,Within 0-100
605,22,72,High,Medium,Yes,9,64,Low,Yes,1,Medium,Medium,Public,Negative,2,No,College,Near,Female,66,16+ hours,4,70-79%,2,1+ sessions,Within 0-100
606,31,81,Medium,Medium,No,9,70,Low,Yes,1,Low,Medium,Public,Neutral,4,No,Postgraduate,Near,Female,70,16+ hours,4,80-89%,3,1+ sessions,Within 0-100
607,15,67,Medium,High,Yes,6,74,High,Yes,0,High,Medium,Public,Positive,2,No,Postgraduate,Near,Female,66,11-15 hours,3,60-69%,1,No tutoring,Within 0-100
608,13,99,Medium,Medium,Yes,6,57,Medium,Yes,1,Low,Medium,Public,Negative,5,No,College,Near,Male,68,11-15 hours,3,90-100%,4,1+ sessions,Within 0-100
609,9,64,Medium,Medium,No,5,73,Medium,Yes,1,Medium,Medium,Public,Positive,4,No,College,Near,Male,61,6-10 hours,2,60-69%,1,1+ sessions,Within 0-100
610,29,97,Medium,Medium,No,8,58,Medium,Yes,1,High,Medium,Private,Negative,4,No,College,Moderate,Female,72,16+ hours,4,90-100%,4,1+ sessions,Within 0-100
611,24,97,High,Low,No,7,75,Low,Yes,1,Medium,Medium,Public,Negative,2,No,High School,Moderate,Female,69,16+ hours,4,90-100%,4,1+ sessions,Within 0-100
612,20,81,Medium,Low,Yes,6,53,Low,Yes,0,Medium,Low,Public,Neutral,4,No,Unknown,Far,Female,63,16+ hours,4,80-89%,3,No tutoring,Within 0-100
613,22,89,Medium,High,Yes,5,97,Medium,Yes,2,Medium,Medium,Private,Neutral,5,No,High School,Near,Male,72,16+ hours,4,80-89%,3,1+ sessions,Within 0-100
614,13,77,Medium,Medium,Yes,10,62,Medium,Yes,1,High,Medium,Private,Neutral,4,No,College,Moderate,Male,65,11-15 hours,3,70-79%,2,1+ sessions,Within 0-100
615,35,85,Medium,High,Yes,6,73,High,Yes,1,High,Medium,Public,Negative,5,No,High School,Moderate,Female,74,16+ hours,4,80-89%,3,1+ sessions,Within 0-100
616,21,74,Medium,Low,Yes,7,52,Low,Yes,1,High,Medium,Public,Negative,4,No,High School,Far,Male,62,16+ hours,4,70-79%,2,1+ sessions,Within 0-100
617,21,72,High,Medium,No,7,60,Low,Yes,0,Low,Medium,Private,Neutral,4,No,Postgraduate,Near,Male,65,16+ hours,4,70-79%,2,No tutoring,Within 0-100
618,24,83,Low,High,No,6,85,Low,Yes,1,Low,High,Public,Neutral,4,No,High School,Moderate,Female,68,16+ hours,4,80-89%,3,1+ sessions,Within 0-100
619,23,80,Medium,Low,Yes,6,56,Medium,Yes,3,Medium,Medium,Public,Positive,2,Yes,Unknown,Near,Male,66,16+ hours,4,80-89%,3,1+ sessions,Within 0-100
620,21,83,High,Medium,Yes,6,81,Low,Yes,3,High,Medium,Public,Negative,4,No,Postgraduate,Moderate,Male,71,16+ hours,4,80-89%,3,1+ sessions,Within 0-100
621,15,71,Medium,High,No,8,50,Low,Yes,1,Medium,Medium,Public,Neutral,2,Yes,Postgraduate,Near,Female,62,11-15 hours,3,70-79%,2,1+ sessions,Within 0-100
622,23,75,Low,High,Yes,6,73,Low,Yes,1,Low,Medium,Public,Positive,2,No,High School,Moderate,Female,65,16+ hours,4,70-79%,2,1+ sessions,Within 0-100
623,31,63,Medium,High,No,9,86,Low,Yes,0,High,Medium,Public,Neutral,3,No,Postgraduate,Moderate,Male,68,16+ hours,4,60-69%,1,No tutoring,Within 0-100
624,28,62,Medium,High,No,6,96,Medium,Yes,4,Medium,High,Public,Positive,3,No,High School,Near,Male,70,16+ hours,4,60-69%,1,1+ sessions,Within 0-100
625,30,70,Low,Medium,No,8,75,Medium,Yes,1,Medium,Unknown,Private,Positive,2,No,High School,Near,Female,67,16+ hours,4,70-79%,2,1+ sessions,Within 0-100
626,17,63,Medium,Medium,No,4,92,Medium,Yes,2,Low,Medium,Public,Negative,4,No,High School,Near,Female,63,16+ hours,4,60-69%,1,1+ sessions,Within 0-100
627,14,64,High,High,Yes,6,90,Low,Yes,0,Low,High,Private,Negative,2,No,High School,Near,Female,63,11-15 hours,3,60-69%,1,No tutoring,Within 0-100
628,19,93,Medium,High,No,6,65,Medium,Yes,0,Medium,High,Public,Neutral,3,No,High School,Near,Male,69,16+ hours,4,90-100%,4,No tutoring,Within 0-100
629,20,62,Low,Medium,Yes,5,94,High,Yes,3,Medium,Medium,Public,Neutral,3,No,Postgraduate,Near,Male,66,16+ hours,4,60-69%,1,1+ sessions,Within 0-100
630,27,86,Medium,Medium,Yes,7,82,Low,Yes,2,Low,Medium,Public,Positive,3,No,High School,Moderate,Female,70,16+ hours,4,80-89%,3,1+ sessions,Within 0-100
631,10,71,Medium,Medium,Yes,7,55,High,Yes,2,Low,High,Public,Positive,3,No,College,Near,Female,63,6-10 hours,2,70-79%,2,1+ sessions,Within 0-100
632,29,95,Low,Medium,Yes,4,97,Medium,Yes,0,Medium,Medium,Private,Positive,4,Yes,College,Moderate,Female,72,16+ hours,4,90-100%,4,No tutoring,Within 0-100
633,19,79,High,Medium,Yes,10,59,Low,Yes,1,Medium,Medium,Public,Neutral,3,Yes,College,Moderate,Male,65,16+ hours,4,70-79%,2,1+ sessions,Within 0-100
634,17,72,Medium,High,Yes,7,74,Low,Yes,2,High,Medium,Public,Positive,4,No,Postgraduate,Far,Male,67,16+ hours,4,70-79%,2,1+ sessions,Within 0-100
635,14,81,Medium,Medium,Yes,7,73,Low,No,1,High,Medium,Private,Positive,3,Yes,High School,Moderate,Male,63,11-15 hours,3,80-89%,3,1+ sessions,Within 0-100
636,10,75,High,Medium,No,9,81,Medium,Yes,3,Low,High,Public,Negative,5,No,High School,Near,Female,65,6-10 hours,2,70-79%,2,1+ sessions,Within 0-100
637,25,83,Medium,Medium,Yes,8,83,Medium,Yes,2,Low,Medium,Public,Neutral,1,Yes,High School,Moderate,Female,67,16+ hours,4,80-89%,3,1+ sessions,Within 0-100
638,20,65,Medium,Low,Yes,7,62,High,Yes,0,Medium,Medium,Public,Neutral,0,Yes,Postgraduate,Near,Male,80,16+ hours,4,60-69%,1,No tutoring,Within 0-100
639,12,100,Medium,Medium,Yes,4,68,Medium,Yes,2,Low,Medium,Public,Neutral,3,No,College,Far,Male,68,11-15 hours,3,90-100%,4,1+ sessions,Within 0-100
640,12,77,Medium,Medium,Yes,8,57,Medium,Yes,2,Low,High,Public,Negative,2,No,College,Moderate,Male,63,11-15 hours,3,70-79%,2,1+ sessions,Within 0-100
641,18,74,Medium,Medium,No,6,56,Medium,Yes,1,Medium,Medium,Private,Positive,3,No,College,Moderate,Male,64,16+ hours,4,70-79%,2,1+ sessions,Within 0-100
642,30,88,Medium,Medium,No,9,91,Medium,Yes,3,Medium,Low,Public,Positive,3,No,High School,Near,Female,73,16+ hours,4,80-89%,3,1+ sessions,Within 0-100
643,18,75,Medium,Medium,Yes,6,88,Low,Yes,2,Medium,High,Public,Negative,1,Yes,Postgraduate,Near,Female,66,16+ hours,4,70-79%,2,1+ sessions,Within 0-100
644,11,93,Medium,Medium,Yes,6,72,Low,Yes,2,Low,Medium,Public,Negative,3,No,College,Moderate,Male,66,11-15 hours,3,90-100%,4,1+ sessions,Within 0-100
645,19,78,High,High,No,5,55,Medium,Yes,0,Medium,Medium,Public,Neutral,4,No,High School,Moderate,Male,66,16+ hours,4,70-79%,2,No tutoring,Within 0-100
646,18,89,Medium,High,Yes,5,72,Low,Yes,4,Medium,Low,Public,Neutral,2,No,High School,Near,Female,69,16+ hours,4,80-89%,3,1+ sessions,Within 0-100
647,4,64,Medium,High,Yes,7,65,Medium,Yes,1,Medium,High,Public,Negative,4,No,High School,Far,Male,59,1-5 hours,1,60-69%,1,1+ sessions,Within 0-100
648,20,94,Medium,Medium,No,7,89,Medium,Yes,0,Low,Medium,Private,Neutral,1,No,High School,Near,Male,68,16+ hours,4,90-100%,4,No tutoring,Within 0-100
649,19,89,Medium,Medium,No,6,55,Medium,Yes,1,Low,Medium,Private,Neutral,3,No,Postgraduate,Moderate,Female,67,16+ hours,4,80-89%,3,1+ sessions,Within 0-100
650,24,68,Medium,Medium,Yes,10,73,Low,Yes,1,Medium,Medium,Public,Neutral,4,Yes,High School,Moderate,Female,64,16+ hours,4,60-69%,1,1+ sessions,Within 0-100
651,31,66,Low,High,Yes,8,80,Low,Yes,0,Low,Low,Private,Negative,4,No,High School,Near,Female,65,16+ hours,4,60-69%,1,No tutoring,Within 0-100
652,27,73,Medium,Medium,No,7,99,Low,Yes,1,Low,Medium,Public,Positive,4,No,College,Near,Male,68,16+ hours,4,70-79%,2,1+ sessions,Within 0-100
653,18,99,Medium,High,Yes,4,54,Low,Yes,0,Medium,Medium,Public,Positive,3,No,Postgraduate,Moderate,Male,70,16+ hours,4,90-100%,4,No tutoring,Within 0-100
654,13,70,Medium,Medium,No,8,56,Medium,Yes,2,Medium,High,Public,Neutral,0,No,High School,Near,Male,62,11-15 hours,3,70-79%,2,1+ sessions,Within 0-100
655,35,78,High,Low,Yes,10,99,Medium,Yes,1,Low,Medium,Private,Positive,2,No,High School,Near,Male,72,16+ hours,4,70-79%,2,1+ sessions,Within 0-100
656,20,61,Medium,Low,Yes,7,70,Low,Yes,1,Medium,Medium,Private,Positive,4,No,High School,Moderate,Female,62,16+ hours,4,60-69%,1,1+ sessions,Within 0-100
657,20,76,High,High,Yes,6,87,Low,Yes,1,Low,Medium,Public,Negative,4,No,Postgraduate,Moderate,Male,68,16+ hours,4,70-79%,2,1+ sessions,Within 0-100
658,20,83,High,Medium,No,7,89,Medium,Yes,3,Low,High,Private,Negative,4,No,High School,Near,Female,69,16+ hours,4,80-89%,3,1+ sessions,Within 0-100
659,21,98,High,Medium,No,5,66,Low,Yes,3,High,High,Public,Positive,5,No,High School,Near,Male,73,16+ hours,4,90-100%,4,1+ sessions,Within 0-100
660,19,81,High,High,No,8,61,Low,Yes,3,Medium,Medium,Private,Negative,5,No,Postgraduate,Near,Male,69,16+ hours,4,80-89%,3,1+ sessions,Within 0-100
661,17,93,Medium,Medium,Yes,9,64,Medium,Yes,1,Medium,Medium,Public,Neutral,3,No,High School,Moderate,Female,67,16+ hours,4,90-100%,4,1+ sessions,Within 0-100
662,17,82,Medium,Low,No,6,88,Low,Yes,2,Low,Low,Private,Neutral,3,No,Postgraduate,Near,Male,65,16+ hours,4,80-89%,3,1+ sessions,Within 0-100
663,20,62,Low,Low,No,6,92,High,Yes,2,Medium,Medium,Public,Positive,3,No,Postgraduate,Moderate,Male,63,16+ hours,4,60-69%,1,1+ sessions,Within 0-100
664,17,73,High,Medium,Yes,7,85,Medium,Yes,2,Low,Medium,Public,Positive,2,No,High School,Moderate,Male,66,16+ hours,4,70-79%,2,1+ sessions,Within 0-100
665,16,83,Medium,Medium,No,6,72,Medium,Yes,1,Low,High,Public,Positive,2,No,College,Near,Male,66,16+ hours,4,80-89%,3,1+ sessions,Within 0-100
666,21,98,Medium,High,No,5,63,Low,Yes,0,Low,High,Public,Neutral,2,No,Postgraduate,Near,Male,70,16+ hours,4,90-100%,4,No tutoring,Within 0-100
667,18,94,Medium,Medium,No,6,71,Low,Yes,2,High,Medium,Public,Neutral,3,No,Postgraduate,Far,Male,69,16+ hours,4,90-100%,4,1+ sessions,Within 0-100
668,29,69,Medium,High,No,6,96,Low,Yes,1,High,Medium,Public,Positive,4,No,High School,Near,Female,70,16+ hours,4,60-69%,1,1+ sessions,Within 0-100
669,4,69,Medium,Low,No,9,93,Low,No,2,Medium,High,Private,Negative,3,No,High School,Moderate,Female,58,1-5 hours,1,60-69%,1,1+ sessions,Within 0-100
670,27,68,Medium,Medium,No,9,66,Medium,Yes,3,High,Medium,Private,Positive,3,No,High School,Far,Male,67,16+ hours,4,60-69%,1,1+ sessions,Within 0-100
671,27,97,High,High,Yes,9,66,Low,Yes,1,Low,Unknown,Public,Positive,3,No,High School,Far,Male,73,16+ hours,4,90-100%,4,1+ sessions,Within 0-100
672,8,94,High,Low,No,8,89,High,Yes,0,Medium,Medium,Public,Neutral,2,No,High School,Near,Female,66,6-10 hours,2,90-100%,4,No tutoring,Within 0-100
673,18,91,High,High,Yes,7,71,High,Yes,0,Medium,Medium,Public,Neutral,3,No,High School,Near,Male,70,16+ hours,4,90-100%,4,No tutoring,Within 0-100
674,18,76,High,High,No,6,79,Medium,Yes,1,Medium,Medium,Private,Positive,2,No,Postgraduate,Far,Female,67,16+ hours,4,70-79%,2,1+ sessions,Within 0-100
675,12,80,Low,Low,No,9,71,High,Yes,1,Low,Low,Private,Positive,3,Yes,High School,Moderate,Female,60,11-15 hours,3,80-89%,3,1+ sessions,Within 0-100
676,15,79,High,Medium,No,8,62,Low,Yes,1,Low,Low,Public,Positive,3,No,College,Near,Male,65,11-15 hours,3,70-79%,2,1+ sessions,Within 0-100
677,13,70,Medium,Medium,No,5,59,Medium,Yes,0,Medium,High,Private,Positive,2,No,Postgraduate,Near,Female,63,11-15 hours,3,70-79%,2,No tutoring,Within 0-100
678,31,80,High,High,Yes,6,57,Low,Yes,1,Medium,High,Private,Positive,3,No,High School,Near,Female,72,16+ hours,4,80-89%,3,1+ sessions,Within 0-100
679,26,61,Low,Medium,Yes,5,51,High,Yes,0,Low,Medium,Private,Neutral,5,No,High School,Moderate,Female,62,16+ hours,4,60-69%,1,No tutoring,Within 0-100
680,28,65,Medium,Medium,Yes,4,64,Medium,Yes,6,Medium,High,Public,Neutral,3,No,Postgraduate,Near,Male,70,16+ hours,4,60-69%,1,1+ sessions,Within 0-100
681,24,95,High,Low,Yes,8,59,Medium,Yes,2,Low,High,Public,Negative,1,No,College,Moderate,Male,70,16+ hours,4,90-100%,4,1+ sessions,Within 0-100
682,13,90,Medium,Medium,No,5,63,Medium,Yes,0,Low,Medium,Public,Neutral,4,No,High School,Moderate,Female,64,11-15 hours,3,90-100%,4,No tutoring,Within 0-100
683,17,77,Medium,Medium,Yes,6,54,Low,Yes,3,Low,Medium,Public,Neutral,4,No,High School,Moderate,Male,64,16+ hours,4,70-79%,2,1+ sessions,Within 0-100
684,23,81,Medium,Low,Yes,7,67,Medium,Yes,0,Medium,High,Private,Positive,5,No,Unknown,Moderate,Female,67,16+ hours,4,80-89%,3,No tutoring,Within 0-100
685,13,75,Medium,High,Yes,7,76,High,Yes,1,Medium,High,Public,Negative,1,No,Unknown,Moderate,Male,64,11-15 hours,3,70-79%,2,1+ sessions,Within 0-100
686,24,90,Medium,Medium,Yes,6,97,Low,Yes,1,High,High,Public,Positive,4,No,High School,Near,Male,72,16+ hours,4,90-100%,4,1+ sessions,Within 0-100
687,19,91,Medium,Low,No,9,67,Medium,Yes,0,Medium,Medium,Private,Negative,3,No,College,Near,Female,66,16+ hours,4,90-100%,4,No tutoring,Within 0-100
688,18,91,Medium,Medium,No,5,52,Medium,Yes,2,Medium,Medium,Public,Negative,4,No,High School,Moderate,Female,66,16+ hours,4,90-100%,4,1+ sessions,Within 0-100
689,24,89,Medium,High,Yes,5,68,Medium,Yes,0,Low,High,Public,Positive,2,No,Postgraduate,Near,Female,71,16+ hours,4,80-89%,3,No tutoring,Within 0-100
690,23,68,Low,Low,No,8,91,Medium,Yes,5,Low,Medium,Public,Negative,5,No,Postgraduate,Near,Female,66,16+ hours,4,60-69%,1,1+ sessions,Within 0-100
691,18,74,Medium,Low,Yes,6,67,High,Yes,2,Low,High,Public,Neutral,2,No,High School,Near,Male,64,16+ hours,4,70-79%,2,1+ sessions,Within 0-100
692,27,79,Medium,Low,No,6,65,Low,Yes,0,Medium,Medium,Private,Negative,2,No,College,Near,Male,66,16+ hours,4,70-79%,2,No tutoring,Within 0-100
693,14,73,Medium,Low,Yes,5,96,Low,Yes,1,Low,Medium,Public,Negative,3,No,High School,Moderate,Female,62,11-15 hours,3,70-79%,2,1+ sessions,Within 0-100
694,24,90,Medium,Medium,No,8,65,Medium,Yes,4,Low,Medium,Public,Neutral,4,No,High School,Moderate,Male,70,16+ hours,4,90-100%,4,1+ sessions,Within 0-100
695,24,73,Medium,Medium,Yes,7,99,Medium,Yes,3,Medium,High,Private,Neutral,3,No,High School,Near,Female,69,16+ hours,4,70-79%,2,1+ sessions,Within 0-100
696,18,66,High,Medium,No,7,92,Medium,Yes,2,Low,Medium,Private,Neutral,4,No,High School,Moderate,Male,65,16+ hours,4,60-69%,1,1+ sessions,Within 0-100
697,22,76,High,Medium,Yes,6,84,High,Yes,2,Medium,High,Public,Neutral,3,No,High School,Near,Male,70,16+ hours,4,70-79%,2,1+ sessions,Within 0-100
698,12,99,High,High,Yes,6,80,Medium,No,0,High,Medium,Public,Positive,3,No,High School,Moderate,Male,70,11-15 hours,3,90-100%,4,No tutoring,Within 0-100
699,26,69,Medium,Medium,Yes,7,61,Medium,Yes,1,High,High,Public,Positive,2,No,College,Near,Male,67,16+ hours,4,60-69%,1,1+ sessions,Within 0-100
700,19,84,Medium,High,Yes,8,87,Low,Yes,2,Low,High,Public,Positive,3,No,High School,Moderate,Female,69,16+ hours,4,80-89%,3,1+ sessions,Within 0-100
701,17,77,Low,Medium,No,9,67,Low,Yes,0,Low,High,Public,Neutral,5,Yes,High School,Near,Female,62,16+ hours,4,70-79%,2,No tutoring,Within 0-100
702,26,63,Medium,High,Yes,9,74,Medium,Yes,1,Low,Medium,Private,Positive,4,No,High School,Near,Female,67,16+ hours,4,60-69%,1,1+ sessions,Within 0-100
703,16,80,High,Medium,No,8,55,High,No,0,Low,Medium,Public,Positive,6,No,College,Moderate,Male,65,16+ hours,4,80-89%,3,No tutoring,Within 0-100
704,12,88,Medium,Medium,No,8,65,Medium,Yes,0,Low,Medium,Public,Positive,4,No,High School,Near,Male,65,11-15 hours,3,80-89%,3,No tutoring,Within 0-100
705,11,81,Medium,High,Yes,5,76,Medium,Yes,1,Low,Unknown,Public,Neutral,3,No,Postgraduate,Far,Male,65,11-15 hours,3,80-89%,3,1+ sessions,Within 0-100
706,24,95,Medium,Low,Yes,6,73,Medium,No,3,Low,Medium,Public,Positive,2,No,High School,Moderate,Male,69,16+ hours,4,90-100%,4,1+ sessions,Within 0-100
707,12,72,Medium,Medium,No,8,67,Low,Yes,4,Medium,Medium,Public,Neutral,4,No,High School,Near,Male,63,11-15 hours,3,70-79%,2,1+ sessions,Within 0-100
708,31,63,Low,High,Yes,7,74,Low,Yes,3,Medium,Medium,Public,Negative,2,No,College,Moderate,Male,66,16+ hours,4,60-69%,1,1+ sessions,Within 0-100
709,8,97,Medium,High,Yes,8,87,Medium,Yes,0,Medium,Medium,Public,Positive,2,Yes,High School,Near,Male,67,6-10 hours,2,90-100%,4,No tutoring,Within 0-100
710,30,75,Medium,Medium,No,8,73,High,Yes,1,Medium,Medium,Public,Negative,3,No,College,Near,Male,69,16+ hours,4,70-79%,2,1+ sessions,Within 0-100
711,21,83,Medium,Medium,Yes,8,75,High,Yes,1,Low,High,Public,Neutral,2,No,High School,Far,Male,67,16+ hours,4,80-89%,3,1+ sessions,Within 0-100
712,19,92,Medium,Medium,Yes,5,85,Medium,Yes,1,Medium,High,Private,Neutral,4,No,High School,Near,Male,70,16+ hours,4,90-100%,4,1+ sessions,Within 0-100
713,17,73,High,High,Yes,7,92,Medium,Yes,2,High,Medium,Private,Negative,2,No,High School,Moderate,Male,67,16+ hours,4,70-79%,2,1+ sessions,Within 0-100
714,22,89,High,Medium,No,6,76,Medium,Yes,2,Low,Medium,Public,Neutral,4,No,High School,Near,Male,70,16+ hours,4,80-89%,3,1+ sessions,Within 0-100
715,20,65,High,High,Yes,6,97,Medium,Yes,0,Low,Low,Private,Negative,3,No,High School,Moderate,Female,65,16+ hours,4,60-69%,1,No tutoring,Within 0-100
716,27,72,Medium,Low,No,4,68,Medium,No,0,Medium,High,Public,Negative,3,Yes,College,Near,Male,63,16+ hours,4,70-79%,2,No tutoring,Within 0-100
717,21,66,Medium,Medium,Yes,7,63,Medium,Yes,0,High,Medium,Public,Neutral,3,No,High School,Near,Female,64,16+ hours,4,60-69%,1,No tutoring,Within 0-100
718,21,92,High,Medium,Yes,4,85,Low,Yes,1,High,Medium,Public,Negative,3,No,High School,Far,Male,69,16+ hours,4,90-100%,4,1+ sessions,Within 0-100
719,18,69,Low,Medium,No,8,59,Low,No,1,Low,Medium,Public,Positive,4,No,High School,Near,Female,60,16+ hours,4,60-69%,1,1+ sessions,Within 0-100
720,20,89,Low,Medium,Yes,9,95,Medium,Yes,3,Low,Medium,Public,Positive,3,No,High School,Moderate,Male,69,16+ hours,4,80-89%,3,1+ sessions,Within 0-100
721,22,98,Medium,Low,Yes,8,69,Medium,Yes,4,High,Medium,Private,Positive,2,No,High School,Near,Female,72,16+ hours,4,90-100%,4,1+ sessions,Within 0-100
722,10,81,Medium,Low,Yes,7,85,Low,Yes,1,Low,Medium,Public,Neutral,2,No,College,Near,Male,63,6-10 hours,2,80-89%,3,1+ sessions,Within 0-100
723,12,82,Low,Medium,No,9,79,High,Yes,0,Low,Medium,Private,Positive,2,No,College,Moderate,Female,63,11-15 hours,3,80-89%,3,No tutoring,Within 0-100
724,24,78,High,Low,Yes,7,53,High,Yes,0,Medium,Medium,Public,Neutral,4,Yes,Unknown,Near,Male,66,16+ hours,4,70-79%,2,No tutoring,Within 0-100
725,21,73,Medium,Medium,No,6,85,Medium,Yes,6,Medium,High,Public,Neutral,5,No,College,Near,Male,70,16+ hours,4,70-79%,2,1+ sessions,Within 0-100
726,19,79,Medium,High,Yes,7,90,Medium,Yes,1,High,Medium,Public,Negative,4,No,College,Far,Female,68,16+ hours,4,70-79%,2,1+ sessions,Within 0-100
727,20,84,Medium,Medium,Yes,10,99,Low,Yes,2,Medium,Medium,Private,Positive,3,No,High School,Moderate,Male,69,16+ hours,4,80-89%,3,1+ sessions,Within 0-100
728,22,99,Medium,Medium,Yes,5,71,High,Yes,0,Medium,High,Public,Neutral,4,No,College,Near,Female,72,16+ hours,4,90-100%,4,No tutoring,Within 0-100
729,17,98,Low,High,No,5,75,Low,Yes,1,Low,Low,Private,Positive,3,Yes,College,Near,Male,67,16+ hours,4,90-100%,4,1+ sessions,Within 0-100
730,15,94,Low,Medium,No,8,94,Low,Yes,1,High,Medium,Public,Positive,4,No,High School,Moderate,Male,68,11-15 hours,3,90-100%,4,1+ sessions,Within 0-100
731,21,96,Medium,High,No,7,63,Medium,Yes,1,Medium,Medium,Private,Negative,2,No,Postgraduate,Far,Female,70,16+ hours,4,90-100%,4,1+ sessions,Within 0-100
732,14,79,High,Medium,Yes,6,59,Medium,Yes,5,Medium,High,Public,Positive,3,No,Postgraduate,Far,Male,68,11-15 hours,3,70-79%,2,1+ sessions,Within 0-100
733,22,86,Medium,Medium,Yes,5,57,High,Yes,2,Medium,Medium,Public,Positive,3,No,College,Moderate,Male,69,16+ hours,4,80-89%,3,1+ sessions,Within 0-100
734,10,96,Medium,Medium,No,4,99,Medium,Yes,1,Medium,Medium,Private,Negative,5,No,College,Near,Female,68,6-10 hours,2,90-100%,4,1+ sessions,Within 0-100
735,26,76,Medium,Medium,No,5,64,Low,Yes,0,Medium,Medium,Public,Positive,5,No,College,Far,Female,66,16+ hours,4,70-79%,2,No tutoring,Within 0-100
736,23,98,Medium,Medium,No,9,88,High,Yes,1,Low,Medium,Public,Negative,4,No,Postgraduate,Moderate,Female,72,16+ hours,4,90-100%,4,1+ sessions,Within 0-100
737,22,77,Medium,Medium,Yes,7,72,Medium,Yes,2,Medium,High,Public,Neutral,3,No,High School,Near,Male,67,16+ hours,4,70-79%,2,1+ sessions,Within 0-100
738,26,84,Low,High,No,4,62,Medium,No,3,High,High,Public,Positive,2,No,High School,Near,Male,70,16+ hours,4,80-89%,3,1+ sessions,Within 0-100
739,30,88,High,Medium,Yes,9,96,Medium,Yes,1,Medium,High,Private,Neutral,3,Yes,High School,Near,Male,73,16+ hours,4,80-89%,3,1+ sessions,Within 0-100
740,26,98,Medium,Low,Yes,9,73,High,Yes,1,High,Low,Public,Neutral,6,No,Postgraduate,Moderate,Male,73,16+ hours,4,90-100%,4,1+ sessions,Within 0-100
741,9,70,Medium,Medium,No,9,78,Low,Yes,1,Medium,Low,Public,Neutral,2,No,High School,Near,Female,60,6-10 hours,2,70-79%,2,1+ sessions,Within 0-100
742,12,90,Medium,High,No,6,61,Low,Yes,2,Medium,High,Public,Neutral,3,No,College,Near,Male,67,11-15 hours,3,90-100%,4,1+ sessions,Within 0-100
743,16,81,High,Medium,Yes,7,66,Medium,Yes,3,High,High,Private,Positive,4,No,High School,Near,Male,69,16+ hours,4,80-89%,3,1+ sessions,Within 0-100
744,20,71,Medium,Low,No,7,87,High,Yes,1,Medium,Medium,Public,Negative,5,No,High School,Near,Male,65,16+ hours,4,70-79%,2,1+ sessions,Within 0-100
745,23,91,Low,High,Yes,9,67,Low,Yes,2,Low,Medium,Public,Neutral,4,No,Unknown,Near,Female,70,16+ hours,4,90-100%,4,1+ sessions,Within 0-100
746,16,82,High,High,Yes,6,75,Low,Yes,3,Medium,Unknown,Public,Neutral,3,No,College,Moderate,Female,68,16+ hours,4,80-89%,3,1+ sessions,Within 0-100
747,21,86,Medium,Low,No,6,56,Medium,Yes,1,Low,High,Private,Negative,2,No,College,Near,Female,66,16+ hours,4,80-89%,3,1+ sessions,Within 0-100
748,15,73,Low,High,Yes,8,93,Medium,Yes,1,Low,High,Public,Positive,4,No,College,Far,Male,65,11-15 hours,3,70-79%,2,1+ sessions,Within 0-100
749,16,79,Low,Medium,Yes,9,87,Medium,Yes,1,Low,Medium,Public,Neutral,2,No,College,Moderate,Female,64,16+ hours,4,70-79%,2,1+ sessions,Within 0-100
750,12,85,High,High,Yes,7,88,High,Yes,1,Low,Medium,Public,Neutral,0,No,College,Far,Female,67,11-15 hours,3,80-89%,3,1+ sessions,Within 0-100
751,14,76,High,Medium,Yes,8,59,Low,Yes,3,Medium,Medium,Private,Neutral,5,No,High School,Moderate,Male,65,11-15 hours,3,70-79%,2,1+ sessions,Within 0-100
752,12,68,High,High,Yes,7,75,Medium,Yes,1,Medium,Low,Private,Positive,4,No,High School,Near,Male,64,11-15 hours,3,60-69%,1,1+ sessions,Within 0-100
753,14,98,High,High,No,7,51,Medium,Yes,0,Medium,Low,Public,Positive,1,Yes,High School,Near,Male,67,11-15 hours,3,90-100%,4,No tutoring,Within 0-100
754,26,80,Medium,Low,Yes,6,66,Medium,Yes,2,High,Medium,Public,Neutral,4,No,Postgraduate,Near,Male,70,16+ hours,4,80-89%,3,1+ sessions,Within 0-100
755,14,89,Medium,Low,Yes,5,67,Low,No,3,Low,Low,Private,Neutral,3,No,High School,Far,Female,63,11-15 hours,3,80-89%,3,1+ sessions,Within 0-100
756,36,76,Medium,Medium,No,6,96,Medium,Yes,1,Low,Medium,Private,Neutral,2,No,College,Near,Male,71,16+ hours,4,70-79%,2,1+ sessions,Within 0-100
757,23,74,High,Low,No,6,100,Low,Yes,2,High,Low,Private,Positive,3,No,High School,Near,Male,68,16+ hours,4,70-79%,2,1+ sessions,Within 0-100
758,21,76,Medium,Medium,No,7,81,Medium,Yes,0,Medium,High,Private,Positive,2,No,College,Moderate,Female,67,16+ hours,4,70-79%,2,No tutoring,Within 0-100
759,15,76,High,High,Yes,9,76,Medium,Yes,1,Medium,High,Public,Neutral,2,No,Postgraduate,Far,Female,67,11-15 hours,3,70-79%,2,1+ sessions,Within 0-100
760,24,82,Low,Medium,Yes,7,72,Medium,Yes,0,Medium,High,Public,Positive,2,No,Postgraduate,Moderate,Female,68,16+ hours,4,80-89%,3,No tutoring,Within 0-100
761,17,82,High,Medium,No,6,51,Medium,Yes,1,Low,Medium,Public,Positive,3,No,Postgraduate,Moderate,Male,66,16+ hours,4,80-89%,3,1+ sessions,Within 0-100
762,21,80,Medium,Medium,Yes,8,90,Medium,Yes,0,Medium,Medium,Public,Negative,4,No,College,Near,Male,68,16+ hours,4,80-89%,3,No tutoring,Within 0-100
763,35,65,High,Medium,Yes,7,84,High,Yes,0,Medium,Medium,Public,Positive,2,No,High School,Moderate,Male,70,16+ hours,4,60-69%,1,No tutoring,Within 0-100
764,19,80,Low,Low,No,8,82,Medium,Yes,5,Low,Low,Public,Positive,3,No,College,Near,Male,67,16+ hours,4,80-89%,3,1+ sessions,Within 0-100
765,27,67,Low,Medium,Yes,6,90,Medium,Yes,2,High,High,Private,Neutral,3,No,High School,Moderate,Male,67,16+ hours,4,60-69%,1,1+ sessions,Within 0-100
766,16,65,Low,High,No,9,96,Low,Yes,2,Low,Medium,Public,Negative,2,No,High School,Near,Male,62,16+ hours,4,60-69%,1,1+ sessions,Within 0-100
767,20,97,Medium,High,No,9,69,Low,Yes,0,Low,Low,Public,Negative,3,Yes,High School,Near,Male,67,16+ hours,4,90-100%,4,No tutoring,Within 0-100
768,31,84,Medium,High,No,7,71,Low,Yes,4,Low,Medium,Public,Negative,4,No,High School,Far,Male,70,16+ hours,4,80-89%,3,1+ sessions,Within 0-100
769,16,86,High,High,No,8,99,Medium,Yes,4,Low,High,Private,Neutral,4,No,College,Near,Male,72,16+ hours,4,80-89%,3,1+ sessions,Within 0-100
770,31,76,Medium,Medium,Yes,9,83,Medium,Yes,2,High,Medium,Private,Negative,3,No,High School,Moderate,Female,70,16+ hours,4,70-79%,2,1+ sessions,Within 0-100
771,24,96,Low,High,No,6,93,Medium,Yes,2,Low,Medium,Public,Neutral,2,No,High School,Moderate,Female,94,16+ hours,4,90-100%,4,1+ sessions,Within 0-100
772,17,86,Medium,Medium,No,7,61,Medium,No,2,High,Medium,Public,Positive,3,No,High School,Moderate,Male,66,16+ hours,4,80-89%,3,1+ sessions,Within 0-100
773,24,91,Low,Low,Yes,7,66,High,Yes,2,Low,High,Public,Neutral,3,No,High School,Near,Male,69,16+ hours,4,90-100%,4,1+ sessions,Within 0-100
774,26,75,High,Medium,No,5,70,Low,Yes,0,High,Low,Private,Neutral,2,No,Postgraduate,Near,Male,68,16+ hours,4,70-79%,2,No tutoring,Within 0-100
775,24,98,High,Low,No,8,66,High,Yes,2,Low,Medium,Public,Positive,1,No,High School,Moderate,Male,71,16+ hours,4,90-100%,4,1+ sessions,Within 0-100
776,11,93,High,Medium,No,9,94,Medium,Yes,4,Low,High,Public,Neutral,4,No,High School,Moderate,Male,69,11-15 hours,3,90-100%,4,1+ sessions,Within 0-100
777,16,94,Medium,Medium,No,7,76,Low,Yes,2,Medium,Medium,Public,Neutral,3,Yes,High School,Near,Female,67,16+ hours,4,90-100%,4,1+ sessions,Within 0-100
778,19,67,Low,Medium,Yes,8,98,Medium,Yes,2,Low,Medium,Private,Negative,2,No,Postgraduate,Near,Female,64,16+ hours,4,60-69%,1,1+ sessions,Within 0-100
779,20,71,Medium,Medium,Yes,9,66,Medium,Yes,1,Medium,Low,Private,Negative,5,Yes,College,Near,Female,63,16+ hours,4,70-79%,2,1+ sessions,Within 0-100
780,24,71,Medium,High,Yes,6,52,Medium,Yes,2,Medium,Medium,Private,Neutral,3,No,College,Far,Female,66,16+ hours,4,70-79%,2,1+ sessions,Within 0-100
781,21,71,High,Medium,Yes,8,57,Low,No,2,High,Medium,Public,Positive,1,No,Postgraduate,Near,Female,66,16+ hours,4,70-79%,2,1+ sessions,Within 0-100
782,12,94,Low,High,Yes,6,61,Medium,Yes,3,High,High,Public,Neutral,4,No,College,Near,Male,69,11-15 hours,3,90-100%,4,1+ sessions,Within 0-100
783,22,61,Low,Low,Yes,6,82,Low,Yes,4,Medium,Medium,Public,Positive,4,No,High School,Moderate,Female,64,16+ hours,4,60-69%,1,1+ sessions,Within 0-100
784,24,63,High,Medium,No,8,59,Low,Yes,1,Low,Medium,Public,Neutral,3,Yes,High School,Near,Male,62,16+ hours,4,60-69%,1,1+ sessions,Within 0-100
785,23,71,Medium,Medium,Yes,7,69,High,Yes,3,Low,Medium,Public,Positive,5,Yes,Unknown,Far,Female,66,16+ hours,4,70-79%,2,1+ sessions,Within 0-100
786,26,68,Medium,High,Yes,8,90,Medium,Yes,4,Low,High,Private,Neutral,3,No,High School,Near,Male,70,16+ hours,4,60-69%,1,1+ sessions,Within 0-100
787,25,69,High,Medium,Yes,7,56,Medium,Yes,2,Low,Medium,Private,Neutral,4,No,High School,Near,Male,67,16+ hours,4,60-69%,1,1+ sessions,Within 0-100
788,23,92,Low,Medium,No,8,54,Medium,Yes,0,High,Low,Public,Positive,1,No,Postgraduate,Near,Female,68,16+ hours,4,90-100%,4,No tutoring,Within 0-100
789,20,83,High,Low,No,9,77,High,Yes,0,Low,Medium,Public,Positive,3,Yes,Unknown,Near,Male,67,16+ hours,4,80-89%,3,No tutoring,Within 0-100
790,10,60,Medium,Medium,No,9,85,Medium,Yes,0,Medium,High,Public,Positive,4,No,Postgraduate,Near,Male,62,6-10 hours,2,60-69%,1,No tutoring,Within 0-100
791,23,77,Low,Medium,Yes,8,96,Medium,Yes,1,High,Medium,Private,Neutral,1,Yes,College,Near,Male,67,16+ hours,4,70-79%,2,1+ sessions,Within 0-100
792,21,76,Medium,High,Yes,8,83,Medium,Yes,0,Low,Medium,Public,Positive,5,No,High School,Near,Male,68,16+ hours,4,70-79%,2,No tutoring,Within 0-100
793,22,65,Low,Medium,No,7,97,Low,Yes,2,Medium,High,Private,Neutral,4,No,High School,Moderate,Female,64,16+ hours,4,60-69%,1,1+ sessions,Within 0-100
794,12,87,Medium,Low,Yes,7,62,Medium,No,2,Medium,Medium,Public,Neutral,4,No,High School,Near,Female,64,11-15 hours,3,80-89%,3,1+ sessions,Within 0-100
795,14,88,Medium,Medium,No,8,67,Medium,Yes,2,High,Low,Public,Neutral,3,No,Postgraduate,Far,Male,66,11-15 hours,3,80-89%,3,1+ sessions,Within 0-100
796,26,89,Medium,Low,Yes,7,92,Medium,Yes,2,Low,High,Public,Positive,2,No,Postgraduate,Moderate,Male,72,16+ hours,4,80-89%,3,1+ sessions,Within 0-100
797,20,89,Medium,High,Yes,8,91,Medium,Yes,2,Medium,Medium,Public,Positive,3,No,High School,Near,Female,72,16+ hours,4,80-89%,3,1+ sessions,Within 0-100
798,24,60,Medium,High,Yes,9,83,High,Yes,2,Medium,Low,Public,Positive,3,Yes,High School,Near,Male,66,16+ hours,4,60-69%,1,1+ sessions,Within 0-100
799,20,98,Low,Medium,No,7,75,High,Yes,4,Medium,Medium,Private,Positive,1,No,College,Near,Male,72,16+ hours,4,90-100%,4,1+ sessions,Within 0-100
800,20,93,High,Medium,Yes,4,51,Low,Yes,1,Medium,Medium,Public,Positive,3,No,High School,Near,Male,69,16+ hours,4,90-100%,4,1+ sessions,Within 0-100
801,26,96,High,High,Yes,10,64,Low,Yes,2,Medium,Medium,Private,Neutral,3,Yes,High School,Near,Female,72,16+ hours,4,90-100%,4,1+ sessions,Within 0-100
802,17,61,Low,Low,Yes,6,58,Medium,Yes,1,Medium,High,Public,Neutral,4,No,High School,Near,Male,60,16+ hours,4,60-69%,1,1+ sessions,Within 0-100
803,21,97,Medium,Medium,Yes,7,53,Medium,Yes,0,High,Medium,Public,Neutral,2,No,High School,Moderate,Male,69,16+ hours,4,90-100%,4,No tutoring,Within 0-100
804,17,92,Medium,High,No,8,89,Medium,Yes,0,Low,Low,Public,Positive,3,Yes,High School,Near,Male,68,16+ hours,4,90-100%,4,No tutoring,Within 0-100
805,17,93,Low,Medium,Yes,9,57,High,Yes,3,Low,High,Private,Neutral,2,No,College,Near,Male,69,16+ hours,4,90-100%,4,1+ sessions,Within 0-100
806,18,64,Medium,Low,Yes,10,68,Low,Yes,1,Low,Medium,Public,Positive,5,No,High School,Near,Male,62,16+ hours,4,60-69%,1,1+ sessions,Within 0-100
807,21,90,Medium,Medium,Yes,6,99,Low,Yes,2,Low,High,Public,Positive,2,No,Unknown,Moderate,Male,71,16+ hours,4,90-100%,4,1+ sessions,Within 0-100
808,17,98,Medium,High,Yes,9,70,Low,Yes,1,High,Medium,Private,Negative,2,No,High School,Near,Male,70,16+ hours,4,90-100%,4,1+ sessions,Within 0-100
809,28,87,Low,Low,Yes,7,57,Medium,Yes,2,Medium,High,Private,Negative,4,No,High School,Moderate,Male,68,16+ hours,4,80-89%,3,1+ sessions,Within 0-100
810,15,83,High,Medium,Yes,10,84,Medium,Yes,1,High,High,Public,Negative,2,No,College,Near,Male,68,11-15 hours,3,80-89%,3,1+ sessions,Within 0-100
811,19,98,Medium,High,No,9,90,Low,No,1,High,Medium,Private,Positive,2,No,College,Far,Female,70,16+ hours,4,90-100%,4,1+ sessions,Within 0-100
812,17,78,Medium,High,No,7,64,Medium,Yes,0,Low,Medium,Private,Neutral,3,No,High School,Near,Female,65,16+ hours,4,70-79%,2,No tutoring,Within 0-100
813,29,84,High,Medium,Yes,6,90,Medium,Yes,0,Medium,High,Public,Positive,3,No,Postgraduate,Far,Male,73,16+ hours,4,80-89%,3,No tutoring,Within 0-100
814,21,79,High,Medium,No,4,64,Low,Yes,0,Low,High,Public,Negative,4,No,College,Moderate,Male,66,16+ hours,4,70-79%,2,No tutoring,Within 0-100
815,26,97,Medium,Medium,No,8,85,Low,No,2,High,Low,Public,Neutral,3,No,High School,Near,Male,71,16+ hours,4,90-100%,4,1+ sessions,Within 0-100
816,11,63,High,Medium,Yes,9,56,High,Yes,2,Medium,Medium,Public,Neutral,3,No,High School,Near,Female,62,11-15 hours,3,60-69%,1,1+ sessions,Within 0-100
817,22,80,Medium,Medium,Yes,8,71,High,Yes,2,Low,Medium,Private,Positive,3,No,High School,Near,Female,68,16+ hours,4,80-89%,3,1+ sessions,Within 0-100
818,25,87,Medium,High,No,4,76,Low,Yes,1,Low,High,Public,Positive,4,No,College,Far,Male,70,16+ hours,4,80-89%,3,1+ sessions,Within 0-100
819,20,92,Medium,Low,No,5,86,Low,Yes,0,Medium,Medium,Public,Neutral,2,No,Postgraduate,Moderate,Female,68,16+ hours,4,90-100%,4,No tutoring,Within 0-100
820,26,83,High,Low,Yes,8,83,Medium,Yes,2,Low,High,Public,Neutral,2,No,College,Near,Female,71,16+ hours,4,80-89%,3,1+ sessions,Within 0-100
821,17,96,Medium,Medium,Yes,10,93,Medium,Yes,2,Medium,Low,Public,Negative,4,No,High School,Near,Female,70,16+ hours,4,90-100%,4,1+ sessions,Within 0-100
822,28,98,Medium,Medium,Yes,7,59,Medium,Yes,1,Low,Medium,Public,Positive,3,No,High School,Near,Male,72,16+ hours,4,90-100%,4,1+ sessions,Within 0-100
823,34,63,Medium,High,Yes,9,83,Medium,Yes,2,Medium,High,Public,Negative,2,No,College,Moderate,Male,69,16+ hours,4,60-69%,1,1+ sessions,Within 0-100
824,18,76,Medium,High,No,5,56,Medium,Yes,1,Low,Low,Public,Negative,2,No,College,Moderate,Male,63,16+ hours,4,70-79%,2,1+ sessions,Within 0-100
825,17,61,Medium,Medium,No,7,74,High,Yes,0,Medium,Medium,Public,Neutral,2,No,Postgraduate,Near,Female,62,16+ hours,4,60-69%,1,No tutoring,Within 0-100
826,29,73,Medium,Medium,No,7,76,Medium,Yes,2,Low,High,Private,Neutral,3,No,High School,Near,Female,68,16+ hours,4,70-79%,2,1+ sessions,Within 0-100
827,29,81,Low,Medium,Yes,9,51,Low,Yes,2,Medium,Medium,Public,Positive,5,No,Postgraduate,Near,Male,70,16+ hours,4,80-89%,3,1+ sessions,Within 0-100
828,17,96,Medium,Medium,Yes,6,54,Medium,Yes,1,Medium,Medium,Private,Positive,4,No,High School,Near,Male,69,16+ hours,4,90-100%,4,1+ sessions,Within 0-100
829,17,94,Medium,Medium,No,10,92,Low,Yes,2,Low,Medium,Private,Negative,2,No,High School,Near,Male,68,16+ hours,4,90-100%,4,1+ sessions,Within 0-100
830,18,65,High,Medium,Yes,7,64,Medium,Yes,2,High,Medium,Public,Positive,1,No,High School,Near,Male,65,16+ hours,4,60-69%,1,1+ sessions,Within 0-100
831,12,64,Medium,Low,No,5,67,Medium,Yes,3,Low,Medium,Private,Positive,2,Yes,High School,Near,Male,59,11-15 hours,3,60-69%,1,1+ sessions,Within 0-100
832,14,84,Medium,Medium,No,5,82,Medium,Yes,3,Low,Medium,Public,Positive,3,No,College,Far,Male,66,11-15 hours,3,80-89%,3,1+ sessions,Within 0-100
833,14,81,High,Medium,No,6,61,Low,Yes,0,Low,Medium,Public,Positive,4,No,High School,Moderate,Male,64,11-15 hours,3,80-89%,3,No tutoring,Within 0-100
834,15,71,Low,Medium,No,8,60,High,No,5,Low,High,Public,Positive,4,No,High School,Far,Female,63,11-15 hours,3,70-79%,2,1+ sessions,Within 0-100
835,20,96,Medium,Medium,No,6,71,Medium,Yes,5,Low,High,Public,Neutral,3,No,College,Near,Male,72,16+ hours,4,90-100%,4,1+ sessions,Within 0-100
836,21,97,Medium,High,Yes,6,53,Low,Yes,0,Low,Medium,Public,Negative,3,Yes,High School,Moderate,Male,67,16+ hours,4,90-100%,4,No tutoring,Within 0-100
837,29,76,Medium,Medium,No,8,96,Low,Yes,2,Low,Medium,Public,Positive,2,No,Postgraduate,Moderate,Male,94,16+ hours,4,70-79%,2,1+ sessions,Within 0-100
838,14,96,Medium,High,Yes,4,97,Low,Yes,2,Medium,Medium,Public,Negative,3,No,High School,Near,Female,70,11-15 hours,3,90-100%,4,1+ sessions,Within 0-100
839,26,75,Low,Medium,No,6,72,Medium,Yes,0,Low,High,Public,Neutral,3,No,High School,Near,Male,66,16+ hours,4,70-79%,2,No tutoring,Within 0-100
840,19,89,Low,Medium,Yes,5,60,Low,Yes,4,Medium,Medium,Public,Positive,2,No,Postgraduate,Moderate,Female,69,16+ hours,4,80-89%,3,1+ sessions,Within 0-100
841,20,79,Medium,Low,Yes,6,74,Low,Yes,2,Low,Medium,Public,Positive,2,No,High School,Far,Male,64,16+ hours,4,70-79%,2,1+ sessions,Within 0-100
842,24,65,Medium,Medium,No,7,55,Low,Yes,1,Low,High,Private,Positive,3,Yes,High School,Near,Female,63,16+ hours,4,60-69%,1,1+ sessions,Within 0-100
843,13,97,High,High,No,7,70,Medium,Yes,1,Low,High,Public,Neutral,4,No,Postgraduate,Near,Female,71,11-15 hours,3,90-100%,4,1+ sessions,Within 0-100
844,22,78,High,Medium,No,7,54,Medium,Yes,1,Medium,Medium,Public,Negative,3,Yes,High School,Moderate,Male,65,16+ hours,4,70-79%,2,1+ sessions,Within 0-100
845,21,89,Low,Medium,Yes,9,85,Low,Yes,1,Medium,Medium,Public,Negative,5,No,College,Far,Female,68,16+ hours,4,80-89%,3,1+ sessions,Within 0-100
846,23,75,Medium,Medium,No,7,64,High,Yes,1,Low,Medium,Public,Negative,3,Yes,High School,Moderate,Male,64,16+ hours,4,70-79%,2,1+ sessions,Within 0-100
847,22,61,Low,Low,Yes,10,76,High,Yes,1,High,High,Public,Positive,2,No,College,Near,Male,64,16+ hours,4,60-69%,1,1+ sessions,Within 0-100
848,35,64,Medium,Medium,Yes,8,51,Medium,Yes,2,Medium,Medium,Public,Negative,5,Yes,High School,Near,Male,66,16+ hours,4,60-69%,1,1+ sessions,Within 0-100
849,16,80,High,Medium,No,6,76,Medium,Yes,1,Medium,High,Public,Positive,4,No,College,Near,Male,68,16+ hours,4,80-89%,3,1+ sessions,Within 0-100
850,17,88,Medium,Medium,No,10,50,Medium,Yes,3,Low,High,Public,Neutral,5,No,College,Moderate,Female,67,16+ hours,4,80-89%,3,1+ sessions,Within 0-100
851,16,73,Low,High,Yes,7,96,Medium,Yes,1,Medium,Medium,Private,Positive,3,No,High School,Moderate,Female,66,16+ hours,4,70-79%,2,1+ sessions,Within 0-100
852,17,88,Medium,Medium,Yes,10,75,Medium,Yes,2,Medium,Medium,Public,Neutral,3,No,High School,Near,Male,68,16+ hours,4,80-89%,3,1+ sessions,Within 0-100
853,16,88,Low,Medium,No,7,55,Medium,Yes,3,Low,Low,Public,Neutral,3,No,Postgraduate,Near,Male,66,16+ hours,4,80-89%,3,1+ sessions,Within 0-100
854,27,88,Medium,Medium,No,7,67,Medium,Yes,3,High,Medium,Public,Neutral,4,No,College,Far,Male,71,16+ hours,4,80-89%,3,1+ sessions,Within 0-100
855,29,80,Medium,High,Yes,8,52,Medium,Yes,4,Low,Medium,Public,Positive,4,No,High School,Moderate,Female,71,16+ hours,4,80-89%,3,1+ sessions,Within 0-100
856,17,97,Medium,High,No,7,77,Medium,Yes,0,Low,Medium,Private,Negative,4,No,College,Far,Male,68,16+ hours,4,90-100%,4,No tutoring,Within 0-100
857,15,80,High,Low,No,9,56,High,Yes,3,Medium,Medium,Public,Neutral,3,Yes,High School,Near,Female,64,11-15 hours,3,80-89%,3,1+ sessions,Within 0-100
858,23,78,Medium,Medium,Yes,10,74,Low,Yes,3,Medium,Medium,Public,Negative,4,No,High School,Moderate,Male,67,16+ hours,4,70-79%,2,1+ sessions,Within 0-100
859,17,68,High,Medium,Yes,4,65,High,Yes,0,Medium,Medium,Private,Positive,2,No,High School,Moderate,Male,64,16+ hours,4,60-69%,1,No tutoring,Within 0-100
860,24,72,High,Low,Yes,8,88,High,Yes,3,Low,Medium,Public,Positive,2,No,High School,Near,Female,68,16+ hours,4,70-79%,2,1+ sessions,Within 0-100
861,21,62,Medium,Low,No,6,74,High,Yes,0,Low,High,Private,Positive,3,Yes,Postgraduate,Far,Male,62,16+ hours,4,60-69%,1,No tutoring,Within 0-100
862,11,85,Medium,Low,Yes,4,92,Low,Yes,0,Medium,High,Public,Neutral,1,No,College,Near,Male,64,11-15 hours,3,80-89%,3,No tutoring,Within 0-100
863,29,70,Low,High,No,8,97,Low,Yes,3,Low,High,Public,Positive,3,No,Postgraduate,Moderate,Male,70,16+ hours,4,70-79%,2,1+ sessions,Within 0-100
864,31,72,Medium,Medium,No,8,98,High,Yes,0,Low,Medium,Public,Neutral,4,No,College,Far,Male,68,16+ hours,4,70-79%,2,No tutoring,Within 0-100
865,16,91,Medium,Medium,No,8,63,High,Yes,2,Medium,High,Public,Neutral,3,No,College,Near,Female,69,16+ hours,4,90-100%,4,1+ sessions,Within 0-100
866,18,73,Low,Medium,Yes,8,88,Low,Yes,3,Low,Medium,Public,Positive,4,No,College,Moderate,Male,65,16+ hours,4,70-79%,2,1+ sessions,Within 0-100
867,22,70,Medium,High,Yes,8,72,Medium,Yes,2,High,Medium,Public,Neutral,3,No,High School,Near,Male,67,16+ hours,4,70-79%,2,1+ sessions,Within 0-100
868,22,67,High,Medium,No,6,71,Low,Yes,2,Medium,Unknown,Public,Positive,2,No,College,Moderate,Male,65,16+ hours,4,60-69%,1,1+ sessions,Within 0-100
869,24,91,High,Medium,No,7,93,Low,Yes,0,Medium,Medium,Public,Positive,2,No,High School,Moderate,Male,71,16+ hours,4,90-100%,4,No tutoring,Within 0-100
870,32,65,Medium,Low,Yes,8,57,Low,Yes,2,Low,Medium,Public,Positive,3,No,High School,Moderate,Female,65,16+ hours,4,60-69%,1,1+ sessions,Within 0-100
871,19,78,Medium,Medium,Yes,9,74,Low,Yes,2,Low,Medium,Public,Positive,5,No,High School,Moderate,Female,66,16+ hours,4,70-79%,2,1+ sessions,Within 0-100
872,15,80,High,Medium,No,7,80,Medium,Yes,0,Low,Low,Public,Neutral,5,No,High School,Near,Female,65,11-15 hours,3,80-89%,3,No tutoring,Within 0-100
873,12,87,Medium,Medium,Yes,7,53,Low,Yes,2,Medium,Medium,Private,Neutral,1,No,College,Near,Male,65,11-15 hours,3,80-89%,3,1+ sessions,Within 0-100
874,16,85,Low,Medium,No,7,93,High,Yes,1,Medium,High,Public,Positive,3,No,High School,Near,Male,68,16+ hours,4,80-89%,3,1+ sessions,Within 0-100
875,20,92,Medium,Medium,Yes,5,66,Medium,Yes,2,Medium,Medium,Public,Negative,2,Yes,College,Moderate,Male,68,16+ hours,4,90-100%,4,1+ sessions,Within 0-100
876,31,62,High,Medium,No,8,83,Medium,Yes,0,Medium,High,Private,Neutral,2,Yes,College,Near,Female,67,16+ hours,4,60-69%,1,No tutoring,Within 0-100
877,17,72,Low,Medium,Yes,5,96,High,Yes,3,High,Medium,Public,Negative,3,No,High School,Moderate,Male,65,16+ hours,4,70-79%,2,1+ sessions,Within 0-100
878,21,71,Medium,Low,No,8,86,Medium,Yes,2,Medium,High,Public,Neutral,2,No,College,Near,Male,66,16+ hours,4,70-79%,2,1+ sessions,Within 0-100
879,20,66,Medium,Medium,Yes,7,94,Low,Yes,0,Medium,Low,Public,Neutral,4,No,High School,Moderate,Female,63,16+ hours,4,60-69%,1,No tutoring,Within 0-100
880,27,72,High,High,Yes,5,53,Medium,Yes,1,High,Medium,Private,Neutral,5,No,Postgraduate,Unknown,Male,70,16+ hours,4,70-79%,2,1+ sessions,Within 0-100
881,35,72,High,High,Yes,5,75,Medium,Yes,1,Low,Medium,Public,Positive,5,No,College,Moderate,Male,72,16+ hours,4,70-79%,2,1+ sessions,Within 0-100
882,17,81,Medium,High,No,6,78,Medium,Yes,2,Low,Medium,Private,Positive,2,No,High School,Moderate,Male,67,16+ hours,4,80-89%,3,1+ sessions,Within 0-100
883,17,87,High,Low,Yes,6,84,Medium,Yes,0,Medium,Medium,Public,Positive,3,No,College,Far,Male,67,16+ hours,4,80-89%,3,No tutoring,Within 0-100
884,26,75,Low,Medium,Yes,9,56,Medium,Yes,1,Low,Medium,Public,Positive,5,No,High School,Moderate,Male,66,16+ hours,4,70-79%,2,1+ sessions,Within 0-100
885,24,89,Low,Medium,No,7,83,Medium,No,1,Low,Low,Public,Neutral,3,No,High School,Moderate,Male,66,16+ hours,4,80-89%,3,1+ sessions,Within 0-100
886,31,73,High,Medium,Yes,8,57,Medium,Yes,2,Low,High,Public,Neutral,4,No,High School,Far,Male,69,16+ hours,4,70-79%,2,1+ sessions,Within 0-100
887,24,72,Medium,Low,Yes,9,53,Medium,Yes,0,Low,High,Private,Neutral,4,Yes,High School,Moderate,Male,62,16+ hours,4,70-79%,2,No tutoring,Within 0-100
888,18,82,Low,Medium,No,9,73,Low,Yes,2,Low,Medium,Public,Positive,4,No,College,Near,Female,66,16+ hours,4,80-89%,3,1+ sessions,Within 0-100
889,24,61,Medium,Medium,No,7,80,High,Yes,0,Low,Medium,Public,Positive,3,No,Postgraduate,Moderate,Male,64,16+ hours,4,60-69%,1,No tutoring,Within 0-100
890,27,63,High,Medium,Yes,6,98,Medium,Yes,1,Low,High,Public,Positive,2,No,High School,Moderate,Female,67,16+ hours,4,60-69%,1,1+ sessions,Within 0-100
891,25,77,High,High,No,8,85,Medium,Yes,2,Medium,Medium,Public,Positive,1,No,College,Near,Male,71,16+ hours,4,70-79%,2,1+ sessions,Within 0-100
892,23,98,High,Medium,Yes,6,80,Medium,Yes,1,Medium,Medium,Public,Positive,2,No,Unknown,Moderate,Male,73,16+ hours,4,90-100%,4,1+ sessions,Within 0-100
893,26,89,Medium,Low,Yes,10,61,Low,Yes,0,Medium,High,Public,Neutral,3,No,High School,Moderate,Female,68,16+ hours,4,80-89%,3,No tutoring,Within 0-100
894,27,64,High,Low,Yes,8,58,Medium,Yes,2,High,High,Public,Neutral,1,No,Postgraduate,Far,Male,66,16+ hours,4,60-69%,1,1+ sessions,Within 0-100
895,28,94,Medium,High,Yes,7,80,Medium,Yes,3,Low,High,Public,Positive,4,No,Postgraduate,Far,Male,75,16+ hours,4,90-100%,4,1+ sessions,Within 0-100
896,24,89,Medium,High,Yes,8,61,Medium,Yes,1,Low,High,Public,Positive,3,No,Postgraduate,Near,Female,72,16+ hours,4,80-89%,3,1+ sessions,Within 0-100
897,19,84,High,Low,Yes,7,85,Medium,Yes,1,High,Medium,Private,Neutral,3,No,High School,Near,Male,68,16+ hours,4,80-89%,3,1+ sessions,Within 0-100
898,21,93,Medium,Medium,Yes,6,56,Medium,No,1,Low,Medium,Public,Positive,3,No,High School,Near,Male,68,16+ hours,4,90-100%,4,1+ sessions,Within 0-100
899,27,76,Low,High,Yes,8,67,Medium,Yes,1,Medium,Medium,Public,Positive,4,No,High School,Near,Male,69,16+ hours,4,70-79%,2,1+ sessions,Within 0-100
900,15,69,Medium,Medium,Yes,7,89,Medium,Yes,1,Low,High,Public,Negative,2,No,College,Moderate,Female,63,11-15 hours,3,60-69%,1,1+ sessions,Within 0-100
901,22,80,Medium,High,Yes,10,92,Medium,Yes,0,Medium,High,Public,Positive,2,No,High School,Near,Female,70,16+ hours,4,80-89%,3,No tutoring,Within 0-100
902,18,82,Low,Medium,Yes,6,67,Low,Yes,1,High,Low,Private,Positive,3,No,Postgraduate,Moderate,Male,66,16+ hours,4,80-89%,3,1+ sessions,Within 0-100
903,20,82,Low,Low,Yes,8,60,Medium,Yes,3,Medium,High,Public,Positive,4,No,High School,Moderate,Male,66,16+ hours,4,80-89%,3,1+ sessions,Within 0-100
904,28,83,Medium,High,No,6,98,Medium,Yes,1,Low,High,Private,Neutral,2,No,Postgraduate,Moderate,Male,72,16+ hours,4,80-89%,3,1+ sessions,Within 0-100
905,21,98,Low,Medium,No,6,88,Medium,Yes,1,Medium,Low,Public,Neutral,3,No,Postgraduate,Near,Male,71,16+ hours,4,90-100%,4,1+ sessions,Within 0-100
906,20,96,High,Medium,No,4,90,Medium,Yes,3,Low,Medium,Private,Neutral,2,No,College,Near,Male,72,16+ hours,4,90-100%,4,1+ sessions,Within 0-100
907,12,95,Medium,Medium,No,8,61,High,Yes,4,High,High,Private,Neutral,1,No,College,Near,Male,69,11-15 hours,3,90-100%,4,1+ sessions,Within 0-100
908,24,92,Low,High,Yes,6,71,Low,Yes,2,Low,High,Public,Positive,2,No,High School,Near,Male,71,16+ hours,4,90-100%,4,1+ sessions,Within 0-100
909,24,98,Medium,Low,No,9,53,Medium,Yes,3,High,Low,Private,Negative,2,No,Postgraduate,Far,Male,69,16+ hours,4,90-100%,4,1+ sessions,Within 0-100
910,33,64,High,Medium,No,8,55,Medium,Yes,1,Medium,High,Public,Neutral,3,No,College,Moderate,Female,68,16+ hours,4,60-69%,1,1+ sessions,Within 0-100
911,18,71,Low,Low,Yes,7,61,Low,Yes,2,Low,Medium,Public,Negative,4,No,College,Near,Male,61,16+ hours,4,70-79%,2,1+ sessions,Within 0-100
912,21,80,Medium,High,No,5,65,High,Yes,2,Medium,Low,Private,Neutral,1,No,Postgraduate,Moderate,Male,68,16+ hours,4,80-89%,3,1+ sessions,Within 0-100
913,21,94,High,Medium,Yes,8,100,Low,Yes,0,Low,Medium,Public,Neutral,3,No,Postgraduate,Near,Male,72,16+ hours,4,90-100%,4,No tutoring,Within 0-100
914,29,80,Medium,Medium,Yes,6,71,Medium,Yes,0,Medium,Medium,Public,Positive,3,No,College,Moderate,Female,70,16+ hours,4,80-89%,3,No tutoring,Within 0-100
915,19,90,High,Medium,Yes,5,85,High,Yes,0,Medium,High,Private,Positive,5,No,Postgraduate,Near,Female,73,16+ hours,4,90-100%,4,No tutoring,Within 0-100
916,22,66,Medium,High,No,8,95,Low,Yes,3,Medium,Medium,Private,Positive,3,No,High School,Moderate,Female,67,16+ hours,4,60-69%,1,1+ sessions,Within 0-100
917,24,70,Medium,High,No,5,62,Medium,Yes,2,Low,Medium,Private,Negative,4,Yes,College,Near,Male,65,16+ hours,4,70-79%,2,1+ sessions,Within 0-100
918,21,89,Medium,Medium,No,4,57,Medium,Yes,1,High,Medium,Private,Positive,2,No,High School,Near,Female,68,16+ hours,4,80-89%,3,1+ sessions,Within 0-100
919,17,67,Low,High,Yes,9,62,High,Yes,3,Medium,Medium,Public,Positive,3,No,High School,Near,Male,65,16+ hours,4,60-69%,1,1+ sessions,Within 0-100
920,21,74,High,Medium,No,6,94,Medium,Yes,1,Low,High,Public,Positive,1,No,High School,Near,Male,97,16+ hours,4,70-79%,2,1+ sessions,Within 0-100
921,26,71,High,Low,Yes,4,83,Low,Yes,1,Medium,Medium,Public,Negative,3,No,College,Moderate,Male,66,16+ hours,4,70-79%,2,1+ sessions,Within 0-100
922,14,74,High,High,Yes,6,73,High,Yes,2,Medium,Medium,Private,Neutral,3,No,High School,Near,Female,67,11-15 hours,3,70-79%,2,1+ sessions,Within 0-100
923,21,88,High,Medium,No,6,91,Medium,Yes,2,High,Medium,Public,Neutral,1,No,High School,Moderate,Female,70,16+ hours,4,80-89%,3,1+ sessions,Within 0-100
924,16,75,High,Medium,Yes,9,62,Medium,Yes,3,Low,Medium,Public,Positive,4,No,High School,Moderate,Female,66,16+ hours,4,70-79%,2,1+ sessions,Within 0-100
925,27,82,Medium,High,Yes,5,62,Low,Yes,1,Low,High,Private,Neutral,4,No,High School,Moderate,Female,69,16+ hours,4,80-89%,3,1+ sessions,Within 0-100
926,11,64,High,Medium,Yes,5,78,Low,Yes,2,Low,High,Private,Neutral,4,No,College,Moderate,Male,62,11-15 hours,3,60-69%,1,1+ sessions,Within 0-100
927,17,92,Medium,Low,Yes,8,90,High,Yes,1,High,Low,Public,Negative,3,No,High School,Near,Male,68,16+ hours,4,90-100%,4,1+ sessions,Within 0-100
928,22,75,Medium,High,Yes,6,63,Low,Yes,1,Low,Medium,Public,Positive,2,No,College,Near,Male,67,16+ hours,4,70-79%,2,1+ sessions,Within 0-100
929,29,86,Medium,Medium,Yes,7,61,Medium,Yes,0,Medium,Medium,Public,Negative,4,No,High School,Far,Female,68,16+ hours,4,80-89%,3,No tutoring,Within 0-100
930,20,89,High,Medium,Yes,6,74,Medium,Yes,1,Low,High,Private,Neutral,2,No,High School,Moderate,Male,69,16+ hours,4,80-89%,3,1+ sessions,Within 0-100
931,17,68,Medium,Medium,Yes,10,57,Medium,Yes,1,High,Medium,Private,Positive,1,Yes,High School,Moderate,Female,62,16+ hours,4,60-69%,1,1+ sessions,Within 0-100
932,31,95,High,Medium,Yes,5,87,Medium,Yes,2,Low,Medium,Public,Neutral,3,No,Postgraduate,Moderate,Male,75,16+ hours,4,90-100%,4,1+ sessions,Within 0-100
933,11,85,Medium,Medium,No,7,79,Low,Yes,2,High,Low,Public,Positive,3,No,High School,Near,Male,65,11-15 hours,3,80-89%,3,1+ sessions,Within 0-100
934,7,77,High,Medium,No,9,76,Medium,Yes,2,Medium,High,Public,Negative,3,No,College,Moderate,Male,63,6-10 hours,2,70-79%,2,1+ sessions,Within 0-100
935,23,67,High,Medium,No,6,94,Low,Yes,1,Medium,Medium,Public,Positive,2,No,College,Far,Male,66,16+ hours,4,60-69%,1,1+ sessions,Within 0-100
936,17,98,Low,High,No,6,87,High,No,3,Medium,Medium,Private,Positive,5,No,College,Near,Female,71,16+ hours,4,90-100%,4,1+ sessions,Within 0-100
937,14,90,High,Medium,Yes,8,57,Medium,Yes,0,Medium,Medium,Public,Positive,3,Yes,College,Moderate,Male,66,11-15 hours,3,90-100%,4,No tutoring,Within 0-100
938,24,68,Medium,Medium,No,9,71,Medium,Yes,2,Medium,Medium,Public,Neutral,4,No,College,Near,Male,66,16+ hours,4,60-69%,1,1+ sessions,Within 0-100
939,21,74,Medium,High,No,6,66,Low,Yes,1,Medium,High,Private,Negative,4,No,High School,Near,Male,66,16+ hours,4,70-79%,2,1+ sessions,Within 0-100
940,17,92,High,High,Yes,9,90,Medium,Yes,1,High,Low,Public,Positive,3,No,Unknown,Moderate,Male,71,16+ hours,4,90-100%,4,1+ sessions,Within 0-100
941,12,88,Medium,Medium,Yes,7,86,High,Yes,3,Medium,High,Public,Positive,3,Yes,High School,Moderate,Male,68,11-15 hours,3,80-89%,3,1+ sessions,Within 0-100
942,25,91,Medium,Medium,No,8,74,High,Yes,1,Medium,High,Private,Positive,3,No,College,Moderate,Male,71,16+ hours,4,90-100%,4,1+ sessions,Within 0-100
943,24,78,Medium,Medium,Yes,9,91,Low,Yes,0,High,High,Public,Negative,3,No,Postgraduate,Far,Female,68,16+ hours,4,70-79%,2,No tutoring,Within 0-100
944,19,89,Low,Medium,No,8,71,Medium,Yes,2,Low,High,Public,Positive,4,No,High School,Near,Male,68,16+ hours,4,80-89%,3,1+ sessions,Within 0-100
945,31,75,Medium,Medium,No,7,90,Low,Yes,2,Medium,High,Public,Neutral,2,Yes,High School,Moderate,Male,68,16+ hours,4,70-79%,2,1+ sessions,Within 0-100
946,14,68,Medium,Medium,Yes,6,52,Medium,Yes,2,Low,Medium,Public,Positive,2,No,College,Near,Male,62,11-15 hours,3,60-69%,1,1+ sessions,Within 0-100
947,11,85,High,Low,Yes,10,57,High,Yes,0,Medium,High,Public,Neutral,5,No,High School,Near,Male,65,11-15 hours,3,80-89%,3,No tutoring,Within 0-100
948,16,99,Low,High,No,6,88,High,Yes,2,Low,Low,Public,Neutral,3,No,Postgraduate,Near,Male,71,16+ hours,4,90-100%,4,1+ sessions,Within 0-100
949,20,72,Medium,High,Yes,7,56,Low,Yes,0,Low,Medium,Public,Negative,6,Yes,College,Moderate,Male,63,16+ hours,4,70-79%,2,No tutoring,Within 0-100
950,21,78,High,Medium,No,8,84,Low,Yes,1,High,Low,Public,Positive,4,No,High School,Near,Male,68,16+ hours,4,70-79%,2,1+ sessions,Within 0-100
951,19,87,High,Low,Yes,8,86,Low,Yes,1,Medium,High,Public,Positive,4,No,High School,Moderate,Female,69,16+ hours,4,80-89%,3,1+ sessions,Within 0-100
952,22,82,High,High,No,10,83,Medium,Yes,1,Low,High,Private,Neutral,2,Yes,College,Moderate,Male,69,16+ hours,4,80-89%,3,1+ sessions,Within 0-100
953,12,94,Medium,High,Yes,7,91,Low,Yes,3,Medium,Medium,Private,Positive,3,No,Postgraduate,Near,Female,71,11-15 hours,3,90-100%,4,1+ sessions,Within 0-100
954,29,90,Medium,High,No,7,76,Medium,Yes,0,Low,Medium,Public,Neutral,1,No,Postgraduate,Moderate,Female,71,16+ hours,4,90-100%,4,No tutoring,Within 0-100
955,20,62,Medium,Medium,Yes,9,95,Low,Yes,0,Medium,Medium,Private,Neutral,3,Yes,High School,Near,Male,62,16+ hours,4,60-69%,1,No tutoring,Within 0-100
956,27,100,Low,Low,Yes,7,78,Low,Yes,2,Medium,Medium,Public,Negative,2,No,High School,Near,Male,70,16+ hours,4,90-100%,4,1+ sessions,Within 0-100
957,22,90,High,High,No,8,75,High,Yes,1,Low,Low,Private,Neutral,3,No,College,Moderate,Male,70,16+ hours,4,90-100%,4,1+ sessions,Within 0-100
958,23,95,Medium,Medium,Yes,7,75,Medium,Yes,2,High,Medium,Public,Positive,2,No,College,Near,Male,73,16+ hours,4,90-100%,4,1+ sessions,Within 0-100
959,23,86,Medium,High,Yes,8,96,Low,Yes,3,Medium,Medium,Private,Positive,2,No,High School,Moderate,Female,71,16+ hours,4,80-89%,3,1+ sessions,Within 0-100
960,23,94,Medium,Low,Yes,8,62,Medium,Yes,2,Low,Medium,Public,Positive,0,No,Postgraduate,Moderate,Female,69,16+ hours,4,90-100%,4,1+ sessions,Within 0-100
961,24,64,Medium,High,Yes,6,85,High,Yes,0,High,Low,Private,Neutral,3,Yes,Postgraduate,Unknown,Male,66,16+ hours,4,60-69%,1,No tutoring,Within 0-100
962,28,74,Medium,Low,Yes,4,62,Medium,Yes,1,Low,Medium,Private,Neutral,3,No,High School,Moderate,Male,65,16+ hours,4,70-79%,2,1+ sessions,Within 0-100
963,21,95,High,Medium,No,4,55,Medium,Yes,2,Medium,High,Private,Neutral,1,No,College,Near,Male,71,16+ hours,4,90-100%,4,1+ sessions,Within 0-100
964,24,68,Medium,Medium,Yes,4,98,High,Yes,2,Medium,High,Public,Negative,2,No,High School,Near,Male,68,16+ hours,4,60-69%,1,1+ sessions,Within 0-100
965,19,63,Medium,High,Yes,7,56,Medium,Yes,2,Low,Medium,Private,Positive,3,No,High School,Near,Female,64,16+ hours,4,60-69%,1,1+ sessions,Within 0-100
966,29,92,Low,Low,Yes,4,84,Medium,Yes,2,Low,Medium,Public,Negative,3,No,Postgraduate,Near,Male,71,16+ hours,4,90-100%,4,1+ sessions,Within 0-100
967,16,93,Low,Medium,No,7,71,Medium,Yes,0,Medium,High,Public,Positive,2,No,High School,Near,Male,67,16+ hours,4,90-100%,4,No tutoring,Within 0-100
968,31,67,Medium,Low,No,7,92,High,Yes,2,Medium,Medium,Public,Negative,3,No,High School,Far,Female,66,16+ hours,4,60-69%,1,1+ sessions,Within 0-100
969,20,94,Low,High,Yes,8,89,Medium,Yes,1,Low,Medium,Public,Positive,4,No,High School,Near,Male,71,16+ hours,4,90-100%,4,1+ sessions,Within 0-100
970,11,87,Low,Medium,No,8,57,High,Yes,0,Low,Medium,Public,Negative,2,No,High School,Moderate,Male,62,11-15 hours,3,80-89%,3,No tutoring,Within 0-100
971,21,81,High,Medium,No,8,73,Medium,Yes,3,Low,Medium,Public,Positive,2,Yes,High School,Near,Male,67,16+ hours,4,80-89%,3,1+ sessions,Within 0-100
972,16,93,Medium,Low,Yes,8,51,Medium,Yes,3,Low,Medium,Public,Neutral,2,No,College,Near,Male,67,16+ hours,4,90-100%,4,1+ sessions,Within 0-100
973,25,77,Low,Medium,Yes,7,71,Medium,Yes,0,Medium,Medium,Public,Negative,3,No,High School,Near,Female,66,16+ hours,4,70-79%,2,No tutoring,Within 0-100
974,16,68,Low,Medium,Yes,7,85,High,Yes,1,Low,High,Private,Positive,3,No,Postgraduate,Moderate,Female,64,16+ hours,4,60-69%,1,1+ sessions,Within 0-100
975,17,71,Low,Medium,Yes,6,62,Medium,Yes,2,Low,Medium,Public,Neutral,3,Yes,College,Near,Male,62,16+ hours,4,70-79%,2,1+ sessions,Within 0-100
976,9,80,Medium,High,No,7,91,Low,Yes,1,Medium,Medium,Public,Neutral,3,No,College,Near,Female,65,6-10 hours,2,80-89%,3,1+ sessions,Within 0-100
977,17,81,Medium,Low,Yes,5,53,Low,Yes,0,Medium,Medium,Public,Neutral,1,No,College,Near,Male,63,16+ hours,4,80-89%,3,No tutoring,Within 0-100
978,5,92,Medium,Medium,Yes,9,52,Medium,Yes,2,High,Medium,Private,Neutral,4,Yes,College,Moderate,Female,64,1-5 hours,1,90-100%,4,1+ sessions,Within 0-100
979,10,92,Low,High,Yes,6,51,Low,Yes,1,Medium,Medium,Private,Neutral,3,No,High School,Near,Female,65,6-10 hours,2,90-100%,4,1+ sessions,Within 0-100
980,25,83,Medium,High,No,7,64,Medium,Yes,0,Low,Medium,Public,Neutral,2,No,College,Moderate,Male,68,16+ hours,4,80-89%,3,No tutoring,Within 0-100
981,25,91,Medium,High,Yes,7,73,Medium,Yes,2,Low,Medium,Public,Positive,3,No,High School,Near,Female,72,16+ hours,4,90-100%,4,1+ sessions,Within 0-100
982,23,68,Medium,Medium,Yes,9,55,Medium,Yes,0,Low,Medium,Public,Positive,3,No,College,Moderate,Male,64,16+ hours,4,60-69%,1,No tutoring,Within 0-100
983,14,62,High,Medium,No,4,100,Low,Yes,1,Low,Medium,Public,Neutral,3,No,High School,Near,Male,62,11-15 hours,3,60-69%,1,1+ sessions,Within 0-100
984,20,95,Medium,Low,Yes,7,100,Low,No,3,Low,Medium,Private,Neutral,2,No,High School,Near,Female,69,16+ hours,4,90-100%,4,1+ sessions,Within 0-100
985,20,63,Low,Low,Yes,8,76,Medium,Yes,3,Medium,Medium,Public,Neutral,4,No,Postgraduate,Near,Female,64,16+ hours,4,60-69%,1,1+ sessions,Within 0-100
986,13,70,High,Medium,No,10,78,Medium,Yes,1,Low,Medium,Public,Negative,2,No,High School,Far,Female,61,11-15 hours,3,70-79%,2,1+ sessions,Within 0-100
987,29,88,Medium,High,No,7,96,Low,Yes,2,Low,Low,Public,Positive,2,No,High School,Near,Female,72,16+ hours,4,80-89%,3,1+ sessions,Within 0-100
988,25,76,Medium,Low,Yes,6,88,Low,Yes,1,Medium,Medium,Private,Negative,3,No,College,Far,Male,66,16+ hours,4,70-79%,2,1+ sessions,Within 0-100
989,19,95,High,Low,No,10,58,Low,Yes,2,High,Medium,Public,Positive,3,No,High School,Near,Male,69,16+ hours,4,90-100%,4,1+ sessions,Within 0-100
990,20,72,Medium,Medium,No,8,90,High,No,2,Low,Low,Private,Neutral,2,No,College,Near,Female,65,16+ hours,4,70-79%,2,1+ sessions,Within 0-100
991,21,60,High,Medium,Yes,9,62,Medium,Yes,2,Low,Medium,Public,Positive,3,No,High School,Near,Male,64,16+ hours,4,60-69%,1,1+ sessions,Within 0-100
992,8,72,Low,Medium,Yes,5,72,Medium,Yes,3,High,Low,Private,Positive,4,No,High School,Near,Female,62,6-10 hours,2,70-79%,2,1+ sessions,Within 0-100
993,19,83,Medium,Medium,No,8,77,High,Yes,1,Low,Medium,Public,Positive,4,No,High School,Far,Male,66,16+ hours,4,80-89%,3,1+ sessions,Within 0-100
994,16,75,Low,Low,Yes,5,86,Medium,Yes,0,Low,Medium,Public,Positive,1,No,College,Moderate,Female,62,16+ hours,4,70-79%,2,No tutoring,Within 0-100
995,14,81,Medium,Medium,Yes,5,58,High,Yes,3,Low,High,Public,Negative,4,No,Postgraduate,Moderate,Male,66,11-15 hours,3,80-89%,3,1+ sessions,Within 0-100
996,18,95,Medium,High,No,8,54,Medium,Yes,2,High,Medium,Public,Neutral,3,No,College,Moderate,Female,70,16+ hours,4,90-100%,4,1+ sessions,Within 0-100
997,31,96,Medium,Medium,Yes,8,93,Low,Yes,3,Low,Medium,Public,Positive,3,No,High School,Near,Male,75,16+ hours,4,90-100%,4,1+ sessions,Within 0-100
998,24,71,Low,High,Yes,6,91,Medium,Yes,3,High,Medium,Public,Neutral,2,No,High School,Far,Female,67,16+ hours,4,70-79%,2,1+ sessions,Within 0-100
999,17,78,Low,Medium,Yes,9,76,Low,Yes,4,Medium,Medium,Public,Positive,2,No,College,Near,Male,66,16+ hours,4,70-79%,2,1+ sessions,Within 0-100
1000,23,82,Medium,High,No,6,83,Medium,Yes,2,Medium,Medium,Private,Positive,3,No,Postgraduate,Moderate,Male,71,16+ hours,4,80-89%,3,1+ sessions,Within 0-100
1001,28,98,High,Medium,Yes,7,86,Medium,Yes,2,Medium,High,Private,Neutral,2,No,High School,Near,Female,75,16+ hours,4,90-100%,4,1+ sessions,Within 0-100
1002,26,100,High,High,No,7,74,Low,Yes,1,Medium,Medium,Public,Neutral,2,No,High School,Far,Female,72,16+ hours,4,90-100%,4,1+ sessions,Within 0-100
1003,20,69,High,Medium,No,7,63,Low,Yes,2,Low,Medium,Private,Negative,2,No,Unknown,Moderate,Female,64,16+ hours,4,60-69%,1,1+ sessions,Within 0-100
1004,16,89,Medium,Medium,Yes,9,74,Medium,No,1,Low,Medium,Public,Neutral,3,No,High School,Far,Male,65,16+ hours,4,80-89%,3,1+ sessions,Within 0-100
1005,24,75,Low,Medium,No,5,98,High,Yes,1,Low,Medium,Public,Positive,3,No,High School,Near,Male,67,16+ hours,4,70-79%,2,1+ sessions,Within 0-100
1006,22,60,Medium,Medium,No,6,92,Low,Yes,2,Low,High,Public,Negative,2,No,High School,Near,Male,63,16+ hours,4,60-69%,1,1+ sessions,Within 0-100
1007,25,60,Medium,Low,Yes,5,73,Low,Yes,1,Medium,Medium,Public,Negative,2,No,High School,Near,Male,62,16+ hours,4,60-69%,1,1+ sessions,Within 0-100
1008,24,78,Low,High,Yes,10,61,High,Yes,2,Medium,Medium,Public,Positive,4,No,College,Moderate,Female,69,16+ hours,4,70-79%,2,1+ sessions,Within 0-100
1009,26,80,Medium,Medium,Yes,7,94,Medium,Yes,1,Low,Medium,Private,Positive,2,No,Postgraduate,Moderate,Male,70,16+ hours,4,80-89%,3,1+ sessions,Within 0-100
1010,17,61,Low,Medium,Yes,6,82,High,Yes,0,Medium,High,Public,Neutral,4,No,Postgraduate,Near,Male,63,16+ hours,4,60-69%,1,No tutoring,Within 0-100
1011,28,87,Medium,Medium,Yes,7,70,Medium,Yes,2,Low,Medium,Public,Neutral,2,No,Postgraduate,Near,Male,71,16+ hours,4,80-89%,3,1+ sessions,Within 0-100
1012,21,72,Medium,Low,Yes,8,56,Medium,Yes,0,Low,Medium,Public,Neutral,4,No,High School,Near,Male,63,16+ hours,4,70-79%,2,No tutoring,Within 0-100
1013,32,82,Low,Medium,Yes,8,88,Low,Yes,0,High,Medium,Public,Positive,2,No,College,Moderate,Male,71,16+ hours,4,80-89%,3,No tutoring,Within 0-100
1014,16,72,Medium,Medium,Yes,6,66,Low,Yes,0,Low,Medium,Private,Positive,4,No,College,Near,Male,63,16+ hours,4,70-79%,2,No tutoring,Within 0-100
1015,30,67,Medium,High,Yes,6,80,High,Yes,0,Low,Medium,Public,Neutral,4,No,Unknown,Moderate,Male,68,16+ hours,4,60-69%,1,No tutoring,Within 0-100
1016,21,76,Medium,Low,Yes,5,78,High,No,0,Low,High,Public,Neutral,3,No,High School,Near,Male,65,16+ hours,4,70-79%,2,No tutoring,Within 0-100
1017,16,69,High,High,Yes,7,85,Medium,Yes,0,High,High,Private,Negative,3,No,High School,Near,Female,66,16+ hours,4,60-69%,1,No tutoring,Within 0-100
1018,17,81,Low,Medium,Yes,9,77,Medium,Yes,3,Low,Medium,Public,Neutral,4,No,College,Far,Male,66,16+ hours,4,80-89%,3,1+ sessions,Within 0-100
1019,18,68,High,High,No,6,82,Low,Yes,0,Medium,High,Public,Positive,3,No,High School,Near,Male,66,16+ hours,4,60-69%,1,No tutoring,Within 0-100
1020,23,80,Low,Low,Yes,8,54,Medium,Yes,0,Medium,High,Private,Positive,2,No,Unknown,Near,Female,65,16+ hours,4,80-89%,3,No tutoring,Within 0-100
1021,23,66,Medium,High,No,6,83,Medium,Yes,0,High,Medium,Public,Positive,2,No,High School,Near,Female,66,16+ hours,4,60-69%,1,No tutoring,Within 0-100
1022,17,87,Medium,Medium,Yes,5,60,Medium,Yes,4,Medium,Medium,Private,Positive,3,Yes,High School,Near,Female,67,16+ hours,4,80-89%,3,1+ sessions,Within 0-100
1023,20,90,High,Medium,No,8,70,Medium,Yes,0,Medium,Medium,Private,Neutral,3,No,High School,Moderate,Female,68,16+ hours,4,90-100%,4,No tutoring,Within 0-100
1024,33,64,Medium,Low,Yes,10,76,Low,Yes,2,High,High,Private,Neutral,3,No,High School,Near,Male,68,16+ hours,4,60-69%,1,1+ sessions,Within 0-100
1025,30,79,Low,Medium,No,8,84,Medium,Yes,3,Low,Medium,Private,Negative,3,No,College,Moderate,Female,69,16+ hours,4,70-79%,2,1+ sessions,Within 0-100
1026,23,63,Medium,Low,Yes,6,87,Low,Yes,1,Medium,Medium,Public,Neutral,2,No,Postgraduate,Near,Male,64,16+ hours,4,60-69%,1,1+ sessions,Within 0-100
1027,20,84,Medium,Medium,No,6,85,Medium,Yes,0,Medium,Medium,Private,Positive,3,No,High School,Moderate,Male,67,16+ hours,4,80-89%,3,No tutoring,Within 0-100
1028,21,71,Medium,Medium,Yes,10,55,Low,Yes,1,Medium,Medium,Public,Negative,4,No,High School,Moderate,Female,63,16+ hours,4,70-79%,2,1+ sessions,Within 0-100
1029,24,81,Low,High,Yes,7,69,Medium,Yes,3,Low,Medium,Public,Negative,3,No,College,Unknown,Male,67,16+ hours,4,80-89%,3,1+ sessions,Within 0-100
1030,14,81,Medium,High,Yes,6,64,Low,No,2,High,High,Public,Neutral,2,No,High School,Far,Female,64,11-15 hours,3,80-89%,3,1+ sessions,Within 0-100
1031,18,97,Low,Medium,No,7,70,Low,Yes,0,High,Medium,Public,Neutral,2,Yes,High School,Near,Female,66,16+ hours,4,90-100%,4,No tutoring,Within 0-100
1032,10,82,High,Medium,No,7,82,Low,Yes,2,Low,High,Private,Neutral,4,No,High School,Near,Male,65,6-10 hours,2,80-89%,3,1+ sessions,Within 0-100
1033,22,83,Medium,Medium,Yes,8,60,Low,No,4,Medium,Medium,Public,Neutral,2,No,Postgraduate,Moderate,Female,68,16+ hours,4,80-89%,3,1+ sessions,Within 0-100
1034,24,76,Low,High,No,9,75,Low,Yes,0,Low,Medium,Private,Positive,5,No,High School,Near,Male,66,16+ hours,4,70-79%,2,No tutoring,Within 0-100
1035,17,98,High,High,No,9,94,Low,Yes,0,High,Low,Public,Negative,3,No,College,Near,Male,71,16+ hours,4,90-100%,4,No tutoring,Within 0-100
1036,29,91,Medium,High,Yes,7,87,Medium,No,2,Medium,High,Private,Negative,4,No,College,Near,Female,74,16+ hours,4,90-100%,4,1+ sessions,Within 0-100
1037,13,71,Medium,High,No,7,86,Low,Yes,2,Low,Medium,Public,Positive,3,No,Postgraduate,Near,Male,65,11-15 hours,3,70-79%,2,1+ sessions,Within 0-100
1038,11,94,Low,High,Yes,8,92,High,Yes,0,Medium,Medium,Public,Neutral,4,No,High School,Near,Female,68,11-15 hours,3,90-100%,4,No tutoring,Within 0-100
1039,21,77,Medium,High,Yes,6,70,Low,No,2,High,Medium,Private,Positive,2,No,College,Near,Male,68,16+ hours,4,70-79%,2,1+ sessions,Within 0-100
1040,26,93,Medium,Medium,No,8,88,Medium,Yes,1,Medium,High,Public,Neutral,4,Yes,College,Near,Male,72,16+ hours,4,90-100%,4,1+ sessions,Within 0-100
1041,30,93,High,High,Yes,7,53,Medium,Yes,3,Low,Medium,Private,Negative,2,No,Postgraduate,Moderate,Female,74,16+ hours,4,90-100%,4,1+ sessions,Within 0-100
1042,17,68,Low,High,No,8,53,Medium,Yes,0,Low,Medium,Public,Neutral,2,No,College,Near,Male,61,16+ hours,4,60-69%,1,No tutoring,Within 0-100
1043,26,88,Low,Low,No,10,67,Low,Yes,0,Low,Low,Private,Positive,3,No,High School,Far,Male,65,16+ hours,4,80-89%,3,No tutoring,Within 0-100
1044,20,72,High,Low,No,8,60,Low,Yes,0,Low,Medium,Public,Neutral,5,No,High School,Near,Male,63,16+ hours,4,70-79%,2,No tutoring,Within 0-100
1045,19,72,High,Medium,Yes,7,76,Medium,Yes,1,Medium,High,Public,Positive,2,No,High School,Moderate,Female,66,16+ hours,4,70-79%,2,1+ sessions,Within 0-100
1046,25,72,Low,High,Yes,6,59,Medium,Yes,2,Low,Medium,Public,Negative,3,No,High School,Near,Male,66,16+ hours,4,70-79%,2,1+ sessions,Within 0-100
1047,24,89,High,Medium,Yes,7,99,Medium,Yes,2,Low,High,Private,Neutral,4,No,High School,Near,Female,73,16+ hours,4,80-89%,3,1+ sessions,Within 0-100
1048,11,69,Medium,Medium,No,5,93,Medium,Yes,0,Medium,High,Public,Negative,4,No,College,Near,Male,63,11-15 hours,3,60-69%,1,No tutoring,Within 0-100
1049,29,60,High,High,Yes,8,99,Medium,Yes,0,Medium,Medium,Public,Positive,4,Yes,High School,Unknown,Female,68,16+ hours,4,60-69%,1,No tutoring,Within 0-100
1050,28,89,High,Low,Yes,4,90,High,Yes,3,Low,High,Public,Positive,2,Yes,Postgraduate,Moderate,Female,73,16+ hours,4,80-89%,3,1+ sessions,Within 0-100
1051,16,67,Low,High,Yes,8,98,Medium,Yes,0,High,Low,Private,Negative,3,No,High School,Moderate,Male,63,16+ hours,4,60-69%,1,No tutoring,Within 0-100
1052,22,64,Medium,High,Yes,8,68,Medium,Yes,2,Medium,Medium,Public,Negative,4,No,High School,Near,Male,65,16+ hours,4,60-69%,1,1+ sessions,Within 0-100
1053,23,70,Low,High,Yes,7,75,High,Yes,0,Low,Medium,Public,Positive,4,No,Unknown,Near,Female,66,16+ hours,4,70-79%,2,No tutoring,Within 0-100
1054,22,75,Low,Low,Yes,6,62,Medium,Yes,0,High,High,Public,Negative,3,No,Postgraduate,Near,Female,65,16+ hours,4,70-79%,2,No tutoring,Within 0-100
1055,17,79,Low,High,Yes,7,82,Medium,Yes,0,Medium,High,Public,Negative,2,No,College,Near,Male,66,16+ hours,4,70-79%,2,No tutoring,Within 0-100
1056,16,62,High,Medium,No,4,89,High,Yes,3,Low,Medium,Public,Neutral,3,No,College,Near,Female,65,16+ hours,4,60-69%,1,1+ sessions,Within 0-100
1057,20,99,Medium,Medium,No,8,75,Medium,Yes,2,Low,High,Private,Negative,2,No,Postgraduate,Far,Female,70,16+ hours,4,90-100%,4,1+ sessions,Within 0-100
1058,27,89,Medium,Medium,No,7,65,Medium,Yes,1,Medium,Medium,Public,Neutral,3,No,High School,Near,Female,70,16+ hours,4,80-89%,3,1+ sessions,Within 0-100
1059,23,73,High,Medium,Yes,9,75,Medium,Yes,0,High,High,Private,Positive,3,No,High School,Moderate,Female,68,16+ hours,4,70-79%,2,No tutoring,Within 0-100
1060,18,73,Medium,High,No,8,53,Medium,No,1,Low,High,Public,Neutral,3,No,Postgraduate,Moderate,Male,64,16+ hours,4,70-79%,2,1+ sessions,Within 0-100
1061,25,78,Medium,Medium,No,7,86,Medium,Yes,1,Medium,Medium,Public,Negative,3,No,Postgraduate,Moderate,Female,68,16+ hours,4,70-79%,2,1+ sessions,Within 0-100
1062,3,85,Low,High,No,8,73,Low,Yes,2,Low,Medium,Private,Neutral,3,No,High School,Near,Male,62,1-5 hours,1,80-89%,3,1+ sessions,Within 0-100
1063,27,66,Medium,Medium,Yes,6,95,Medium,Yes,1,Medium,Unknown,Public,Positive,3,No,College,Moderate,Male,68,16+ hours,4,60-69%,1,1+ sessions,Within 0-100
1064,10,68,Low,Medium,No,6,96,Low,Yes,1,High,Medium,Public,Neutral,3,No,College,Moderate,Male,61,6-10 hours,2,60-69%,1,1+ sessions,Within 0-100
1065,18,94,High,Medium,Yes,7,56,Low,No,1,Low,Medium,Public,Positive,3,No,Postgraduate,Near,Male,69,16+ hours,4,90-100%,4,1+ sessions,Within 0-100
1066,13,70,Medium,Medium,Yes,7,100,Medium,Yes,3,Low,Medium,Public,Neutral,3,No,High School,Near,Male,65,11-15 hours,3,70-79%,2,1+ sessions,Within 0-100
1067,12,75,Medium,High,Yes,6,98,Medium,Yes,2,Low,Medium,Public,Neutral,2,No,College,Far,Male,65,11-15 hours,3,70-79%,2,1+ sessions,Within 0-100
1068,27,95,Medium,High,No,7,81,Low,Yes,3,Low,Medium,Public,Neutral,2,No,High School,Moderate,Male,72,16+ hours,4,90-100%,4,1+ sessions,Within 0-100
1069,17,87,Medium,Medium,Yes,7,91,High,Yes,3,Low,High,Public,Positive,3,Yes,College,Near,Female,70,16+ hours,4,80-89%,3,1+ sessions,Within 0-100
1070,22,74,Medium,High,Yes,10,51,Medium,No,1,Medium,Medium,Private,Negative,4,No,High School,Near,Male,65,16+ hours,4,70-79%,2,1+ sessions,Within 0-100
1071,20,87,Medium,Medium,No,7,99,Medium,Yes,3,Low,Medium,Public,Negative,3,No,High School,Near,Male,69,16+ hours,4,80-89%,3,1+ sessions,Within 0-100
1072,23,61,High,Low,Yes,6,73,Medium,Yes,1,Medium,Medium,Public,Positive,3,No,College,Near,Male,65,16+ hours,4,60-69%,1,1+ sessions,Within 0-100
1073,20,89,Low,Medium,Yes,7,95,Low,Yes,3,Low,Medium,Private,Neutral,2,No,High School,Near,Male,69,16+ hours,4,80-89%,3,1+ sessions,Within 0-100
1074,12,79,Low,Medium,Yes,9,69,Medium,Yes,2,Low,High,Public,Neutral,3,No,Postgraduate,Near,Male,65,11-15 hours,3,70-79%,2,1+ sessions,Within 0-100
1075,26,93,Medium,High,Yes,9,89,Medium,Yes,0,Low,Medium,Public,Neutral,3,No,College,Moderate,Male,72,16+ hours,4,90-100%,4,No tutoring,Within 0-100
1076,17,98,High,Low,Yes,10,71,Medium,Yes,0,Low,High,Private,Positive,3,No,Postgraduate,Moderate,Female,70,16+ hours,4,90-100%,4,No tutoring,Within 0-100
1077,11,97,Medium,Medium,Yes,7,68,Low,Yes,0,Low,Medium,Private,Negative,2,No,High School,Moderate,Female,64,11-15 hours,3,90-100%,4,No tutoring,Within 0-100
1078,17,96,Medium,Low,No,8,97,Low,Yes,0,Medium,Medium,Public,Negative,3,No,High School,Near,Female,67,16+ hours,4,90-100%,4,No tutoring,Within 0-100
1079,29,80,Medium,Low,No,5,85,High,Yes,0,High,High,Public,Neutral,2,No,High School,Moderate,Male,69,16+ hours,4,80-89%,3,No tutoring,Within 0-100
1080,25,74,Low,Medium,Yes,6,92,Low,Yes,4,Medium,Medium,Private,Positive,3,No,Postgraduate,Near,Male,70,16+ hours,4,70-79%,2,1+ sessions,Within 0-100
1081,18,79,Medium,Medium,Yes,5,77,Low,Yes,1,Low,High,Public,Neutral,3,No,High School,Near,Male,65,16+ hours,4,70-79%,2,1+ sessions,Within 0-100
1082,18,88,High,High,Yes,8,96,Low,Yes,1,Low,Medium,Public,Positive,3,No,High School,Far,Female,69,16+ hours,4,80-89%,3,1+ sessions,Within 0-100
1083,18,95,High,Medium,Yes,7,87,High,Yes,5,Medium,Medium,Public,Neutral,2,No,College,Near,Male,74,16+ hours,4,90-100%,4,1+ sessions,Within 0-100
1084,32,68,Low,Medium,Yes,7,54,Medium,Yes,1,Low,Medium,Private,Neutral,1,No,Postgraduate,Near,Male,66,16+ hours,4,60-69%,1,1+ sessions,Within 0-100
1085,22,97,Medium,Medium,Yes,6,88,High,Yes,1,Low,Low,Private,Positive,4,No,College,Near,Male,72,16+ hours,4,90-100%,4,1+ sessions,Within 0-100
1086,23,93,Medium,Low,Yes,8,51,High,No,0,Low,High,Private,Positive,1,No,High School,Unknown,Male,67,16+ hours,4,90-100%,4,No tutoring,Within 0-100
1087,26,99,Low,High,Yes,4,91,High,Yes,2,High,Low,Public,Neutral,4,No,Postgraduate,Moderate,Female,75,16+ hours,4,90-100%,4,1+ sessions,Within 0-100
1088,21,95,Medium,Low,Yes,7,67,Medium,Yes,3,Medium,Medium,Public,Positive,2,No,College,Far,Female,70,16+ hours,4,90-100%,4,1+ sessions,Within 0-100
1089,18,71,Low,Low,No,7,80,Medium,Yes,1,Medium,Low,Public,Neutral,4,No,Postgraduate,Moderate,Female,63,16+ hours,4,70-79%,2,1+ sessions,Within 0-100
1090,19,64,Medium,Medium,No,4,87,High,Yes,2,Medium,Medium,Private,Positive,4,No,High School,Moderate,Male,65,16+ hours,4,60-69%,1,1+ sessions,Within 0-100
1091,20,64,Medium,High,No,8,82,Medium,Yes,3,Medium,Low,Public,Negative,3,No,High School,Moderate,Female,64,16+ hours,4,60-69%,1,1+ sessions,Within 0-100
1092,20,72,Medium,High,No,7,84,Low,Yes,2,Medium,High,Public,Negative,2,No,High School,Moderate,Female,65,16+ hours,4,70-79%,2,1+ sessions,Within 0-100
1093,24,85,Medium,Medium,Yes,8,95,Medium,Yes,2,Medium,Medium,Public,Negative,4,No,High School,Near,Female,70,16+ hours,4,80-89%,3,1+ sessions,Within 0-100
1094,20,92,Medium,Low,No,10,69,Medium,Yes,0,Low,Medium,Public,Positive,2,No,Postgraduate,Far,Male,67,16+ hours,4,90-100%,4,No tutoring,Within 0-100
1095,24,96,Medium,Medium,Yes,7,77,Low,No,0,Low,Medium,Public,Negative,2,Yes,High School,Near,Female,67,16+ hours,4,90-100%,4,No tutoring,Within 0-100
1096,20,85,Medium,High,No,8,59,Medium,Yes,1,Medium,Medium,Public,Positive,3,No,Postgraduate,Far,Female,68,16+ hours,4,80-89%,3,1+ sessions,Within 0-100
1097,20,60,Medium,Medium,No,9,73,High,Yes,4,Medium,Medium,Public,Negative,4,No,College,Near,Male,65,16+ hours,4,60-69%,1,1+ sessions,Within 0-100
1098,8,67,High,Medium,Yes,8,58,Low,Yes,2,Medium,Medium,Public,Positive,1,No,Postgraduate,Moderate,Female,61,6-10 hours,2,60-69%,1,1+ sessions,Within 0-100
1099,25,64,Medium,Low,Yes,6,82,Low,Yes,2,Low,Medium,Public,Negative,3,No,High School,Moderate,Female,63,16+ hours,4,60-69%,1,1+ sessions,Within 0-100
1100,22,75,Medium,Low,Yes,5,66,Low,Yes,2,Low,Medium,Public,Positive,2,No,High School,Far,Male,80,16+ hours,4,70-79%,2,1+ sessions,Within 0-100
1101,26,80,Medium,Medium,Yes,8,93,Medium,Yes,2,Low,Low,Public,Neutral,1,No,Postgraduate,Moderate,Male,69,16+ hours,4,80-89%,3,1+ sessions,Within 0-100
1102,3,62,Medium,Low,No,6,67,Medium,Yes,1,Low,Medium,Public,Negative,3,No,High School,Near,Male,55,1-5 hours,1,60-69%,1,1+ sessions,Within 0-100
1103,33,74,Medium,Medium,No,9,64,Medium,Yes,2,Medium,Medium,Private,Neutral,4,No,Postgraduate,Near,Female,70,16+ hours,4,70-79%,2,1+ sessions,Within 0-100
1104,19,67,Medium,Medium,Yes,6,75,High,Yes,1,Low,Medium,Public,Neutral,3,No,College,Near,Female,65,16+ hours,4,60-69%,1,1+ sessions,Within 0-100
1105,27,86,Low,Medium,Yes,7,59,Low,Yes,1,Medium,Medium,Public,Neutral,3,No,High School,Near,Male,68,16+ hours,4,80-89%,3,1+ sessions,Within 0-100
1106,14,79,Medium,Low,Yes,5,60,Medium,Yes,3,Low,Medium,Public,Negative,5,No,High School,Near,Male,64,11-15 hours,3,70-79%,2,1+ sessions,Within 0-100
1107,24,80,Medium,Medium,No,6,89,Medium,Yes,1,Low,High,Public,Neutral,3,No,College,Near,Male,69,16+ hours,4,80-89%,3,1+ sessions,Within 0-100
1108,14,77,Low,High,No,6,75,Medium,Yes,1,Medium,High,Public,Neutral,4,Yes,High School,Near,Female,89,11-15 hours,3,70-79%,2,1+ sessions,Within 0-100
1109,16,98,Medium,Low,Yes,6,60,Medium,Yes,1,Medium,Medium,Private,Positive,3,No,High School,Far,Male,67,16+ hours,4,90-100%,4,1+ sessions,Within 0-100
1110,31,69,Medium,Medium,No,7,52,Medium,No,2,High,Low,Public,Neutral,5,No,College,Far,Male,92,16+ hours,4,60-69%,1,1+ sessions,Within 0-100
1111,19,81,High,High,No,6,73,Low,No,1,Low,High,Private,Positive,3,No,High School,Near,Female,67,16+ hours,4,80-89%,3,1+ sessions,Within 0-100
1112,21,89,Low,Medium,Yes,10,87,Low,Yes,3,Medium,Medium,Public,Positive,3,No,College,Near,Male,70,16+ hours,4,80-89%,3,1+ sessions,Within 0-100
1113,25,82,High,Low,No,8,68,Medium,Yes,1,Low,High,Public,Neutral,3,No,College,Near,Male,68,16+ hours,4,80-89%,3,1+ sessions,Within 0-100
1114,23,97,Medium,Low,Yes,9,62,Medium,Yes,0,Low,Medium,Private,Positive,2,No,Postgraduate,Near,Male,70,16+ hours,4,90-100%,4,No tutoring,Within 0-100
1115,21,75,Medium,Medium,Yes,7,70,Low,Yes,3,Medium,Medium,Public,Positive,4,Yes,Postgraduate,Near,Male,67,16+ hours,4,70-79%,2,1+ sessions,Within 0-100
1116,22,79,Medium,Medium,Yes,7,98,High,Yes,0,High,Medium,Public,Neutral,3,No,High School,Near,Male,69,16+ hours,4,70-79%,2,No tutoring,Within 0-100
1117,34,64,Medium,Medium,No,6,71,High,Yes,0,Low,High,Private,Negative,4,No,High School,Near,Female,67,16+ hours,4,60-69%,1,No tutoring,Within 0-100
1118,20,84,High,High,Yes,10,63,Medium,Yes,0,Low,Medium,Private,Positive,4,No,High School,Near,Female,69,16+ hours,4,80-89%,3,No tutoring,Within 0-100
1119,21,72,Medium,High,No,7,78,Low,No,0,High,Medium,Public,Neutral,1,Yes,High School,Near,Female,63,16+ hours,4,70-79%,2,No tutoring,Within 0-100
1120,26,66,Medium,Medium,No,6,91,Medium,Yes,3,Medium,Unknown,Public,Positive,3,No,College,Near,Female,69,16+ hours,4,60-69%,1,1+ sessions,Within 0-100
1121,27,82,Medium,High,No,6,51,Low,Yes,1,Low,Medium,Public,Negative,3,No,High School,Moderate,Male,66,16+ hours,4,80-89%,3,1+ sessions,Within 0-100
1122,27,81,Medium,Medium,No,8,78,Medium,Yes,0,Medium,Medium,Public,Positive,3,No,High School,Moderate,Male,68,16+ hours,4,80-89%,3,No tutoring,Within 0-100
1123,24,63,Medium,Medium,Yes,9,92,Medium,Yes,4,Medium,Medium,Private,Positive,4,No,Postgraduate,Near,Male,69,16+ hours,4,60-69%,1,1+ sessions,Within 0-100
1124,13,88,High,Low,Yes,9,61,Low,Yes,4,Medium,Medium,Private,Negative,3,No,High School,Near,Female,66,11-15 hours,3,80-89%,3,1+ sessions,Within 0-100
1125,30,85,Medium,Medium,Yes,6,96,Low,Yes,1,Medium,Medium,Private,Neutral,4,No,High School,Near,Female,72,16+ hours,4,80-89%,3,1+ sessions,Within 0-100
1126,13,68,Low,Medium,Yes,6,79,Medium,Yes,1,High,Medium,Private,Negative,3,No,College,Near,Male,62,11-15 hours,3,60-69%,1,1+ sessions,Within 0-100
1127,22,79,Medium,Medium,No,9,76,Medium,Yes,1,Low,Medium,Private,Positive,2,No,High School,Near,Male,67,16+ hours,4,70-79%,2,1+ sessions,Within 0-100
1128,15,89,High,Low,No,10,98,Low,Yes,0,Low,Medium,Private,Positive,2,No,College,Near,Male,67,11-15 hours,3,80-89%,3,No tutoring,Within 0-100
1129,20,81,High,High,Yes,7,56,Low,No,1,Medium,Medium,Private,Positive,3,No,High School,Near,Male,67,16+ hours,4,80-89%,3,1+ sessions,Within 0-100
1130,22,76,Medium,Low,No,9,87,Low,Yes,2,Low,High,Public,Neutral,3,Yes,College,Near,Female,65,16+ hours,4,70-79%,2,1+ sessions,Within 0-100
1131,22,73,High,Low,No,5,91,Medium,Yes,1,Medium,Medium,Public,Positive,3,No,Postgraduate,Moderate,Male,67,16+ hours,4,70-79%,2,1+ sessions,Within 0-100
1132,23,84,Low,Low,No,6,74,Medium,No,3,Low,Medium,Public,Positive,1,No,High School,Near,Female,66,16+ hours,4,80-89%,3,1+ sessions,Within 0-100
1133,30,98,Low,Low,Yes,5,50,High,Yes,0,Low,High,Public,Negative,2,No,College,Near,Male,70,16+ hours,4,90-100%,4,No tutoring,Within 0-100
1134,23,87,Low,High,No,8,76,Medium,Yes,2,High,Medium,Public,Positive,5,Yes,Postgraduate,Near,Female,71,16+ hours,4,80-89%,3,1+ sessions,Within 0-100
1135,19,63,Low,High,Yes,7,58,Medium,Yes,2,Low,High,Private,Neutral,3,No,Postgraduate,Near,Female,64,16+ hours,4,60-69%,1,1+ sessions,Within 0-100
1136,26,78,Low,High,Yes,7,78,Low,Yes,4,Medium,Medium,Private,Neutral,4,No,High School,Moderate,Female,69,16+ hours,4,70-79%,2,1+ sessions,Within 0-100
1137,27,96,Medium,High,Yes,9,87,Low,No,0,Medium,High,Public,Positive,2,No,College,Moderate,Male,72,16+ hours,4,90-100%,4,No tutoring,Within 0-100
1138,13,64,Medium,Low,Yes,6,77,Medium,Yes,0,Low,High,Public,Neutral,4,No,High School,Near,Male,60,11-15 hours,3,60-69%,1,No tutoring,Within 0-100
1139,24,100,Medium,Low,Yes,7,82,Low,Yes,1,Medium,High,Private,Positive,3,No,High School,Moderate,Male,71,16+ hours,4,90-100%,4,1+ sessions,Within 0-100
1140,24,98,Medium,Medium,Yes,5,55,High,Yes,0,Medium,Medium,Public,Positive,3,No,High School,Moderate,Male,71,16+ hours,4,90-100%,4,No tutoring,Within 0-100
1141,18,63,High,High,No,9,55,Medium,Yes,2,High,High,Private,Positive,2,No,Postgraduate,Near,Female,66,16+ hours,4,60-69%,1,1+ sessions,Within 0-100
1142,28,97,Medium,Medium,No,9,93,Low,Yes,3,Medium,High,Public,Neutral,3,No,High School,Near,Female,74,16+ hours,4,90-100%,4,1+ sessions,Within 0-100
1143,19,75,Medium,Medium,No,8,52,High,Yes,0,Low,Medium,Public,Negative,4,No,Postgraduate,Moderate,Male,64,16+ hours,4,70-79%,2,No tutoring,Within 0-100
1144,21,94,Medium,Low,Yes,7,64,Low,Yes,2,Medium,Medium,Private,Neutral,2,No,High School,Near,Male,68,16+ hours,4,90-100%,4,1+ sessions,Within 0-100
1145,19,77,High,Low,No,6,97,Low,Yes,4,Low,Medium,Public,Negative,2,No,High School,Near,Male,66,16+ hours,4,70-79%,2,1+ sessions,Within 0-100
1146,20,78,Medium,Medium,No,5,73,Low,Yes,1,Low,Medium,Public,Negative,3,No,College,Near,Female,65,16+ hours,4,70-79%,2,1+ sessions,Within 0-100
1147,13,85,Low,High,Yes,7,84,Medium,No,0,Low,Medium,Public,Neutral,5,No,High School,Moderate,Female,64,11-15 hours,3,80-89%,3,No tutoring,Within 0-100
1148,11,91,Medium,Low,No,8,61,Medium,Yes,1,High,Medium,Private,Positive,3,No,Postgraduate,Far,Male,65,11-15 hours,3,90-100%,4,1+ sessions,Within 0-100
1149,30,61,High,High,No,10,64,Low,Yes,4,Medium,Medium,Public,Positive,2,No,Postgraduate,Moderate,Male,69,16+ hours,4,60-69%,1,1+ sessions,Within 0-100
1150,15,84,Medium,High,Yes,6,75,Medium,Yes,2,Medium,Medium,Private,Positive,4,Yes,Postgraduate,Unknown,Female,68,11-15 hours,3,80-89%,3,1+ sessions,Within 0-100
1151,14,67,Medium,High,No,7,82,Low,Yes,1,Medium,Medium,Public,Neutral,3,No,High School,Far,Female,62,11-15 hours,3,60-69%,1,1+ sessions,Within 0-100
1152,7,74,Low,High,No,9,98,High,Yes,3,High,Low,Public,Neutral,2,No,High School,Moderate,Male,63,6-10 hours,2,70-79%,2,1+ sessions,Within 0-100
1153,16,74,High,Low,No,9,79,High,Yes,0,High,Medium,Public,Neutral,4,No,Postgraduate,Moderate,Female,65,16+ hours,4,70-79%,2,No tutoring,Within 0-100
1154,12,79,Low,High,No,6,55,Medium,Yes,1,Low,High,Private,Neutral,4,No,College,Far,Female,62,11-15 hours,3,70-79%,2,1+ sessions,Within 0-100
1155,30,73,Low,Medium,No,7,68,Medium,Yes,0,Low,High,Public,Positive,2,No,Postgraduate,Near,Male,67,16+ hours,4,70-79%,2,No tutoring,Within 0-100
1156,26,64,Low,High,No,6,62,Low,Yes,1,Low,Medium,Private,Positive,5,No,High School,Moderate,Male,64,16+ hours,4,60-69%,1,1+ sessions,Within 0-100
1157,16,66,Medium,Low,No,6,63,Low,Yes,2,Medium,High,Public,Neutral,3,No,College,Moderate,Male,61,16+ hours,4,60-69%,1,1+ sessions,Within 0-100
1158,34,61,Low,Medium,No,9,75,Medium,Yes,1,Low,Medium,Public,Neutral,2,No,College,Far,Male,65,16+ hours,4,60-69%,1,1+ sessions,Within 0-100
1159,26,79,High,Low,No,7,66,Medium,Yes,1,High,Medium,Public,Positive,5,Yes,High School,Moderate,Male,67,16+ hours,4,70-79%,2,1+ sessions,Within 0-100
1160,18,98,High,Low,No,7,64,Medium,Yes,0,Medium,Medium,Public,Positive,4,No,Postgraduate,Moderate,Male,70,16+ hours,4,90-100%,4,No tutoring,Within 0-100
1161,5,65,Medium,High,Yes,7,98,Low,Yes,1,Low,Low,Private,Positive,3,No,High School,Far,Male,59,1-5 hours,1,60-69%,1,1+ sessions,Within 0-100
1162,34,98,Medium,High,No,7,79,Medium,Yes,1,Low,Medium,Private,Neutral,4,No,College,Near,Male,75,16+ hours,4,90-100%,4,1+ sessions,Within 0-100
1163,12,89,Low,Medium,Yes,7,63,Medium,Yes,4,Low,High,Public,Neutral,2,No,College,Near,Male,67,11-15 hours,3,80-89%,3,1+ sessions,Within 0-100
1164,10,85,Medium,Medium,Yes,6,64,Low,Yes,1,Medium,Medium,Public,Negative,3,No,College,Near,Male,64,6-10 hours,2,80-89%,3,1+ sessions,Within 0-100
1165,26,86,Medium,High,Yes,9,91,Medium,Yes,3,High,Medium,Public,Neutral,3,Yes,High School,Near,Female,72,16+ hours,4,80-89%,3,1+ sessions,Within 0-100
1166,35,93,Medium,Medium,Yes,6,94,Medium,Yes,5,Medium,Medium,Public,Neutral,2,Yes,College,Near,Female,76,16+ hours,4,90-100%,4,1+ sessions,Within 0-100
1167,28,64,Medium,High,Yes,6,84,Low,Yes,2,Medium,Medium,Private,Positive,2,No,Postgraduate,Near,Male,69,16+ hours,4,60-69%,1,1+ sessions,Within 0-100
1168,23,80,Low,Medium,No,7,72,Low,Yes,0,Low,High,Public,Negative,5,No,High School,Near,Male,65,16+ hours,4,80-89%,3,No tutoring,Within 0-100
1169,24,88,High,Medium,No,10,88,Low,Yes,2,High,High,Public,Positive,1,No,Postgraduate,Far,Female,72,16+ hours,4,80-89%,3,1+ sessions,Within 0-100
1170,25,83,Medium,High,Yes,6,97,Low,Yes,0,Low,Low,Public,Neutral,4,No,High School,Near,Male,69,16+ hours,4,80-89%,3,No tutoring,Within 0-100
1171,25,93,High,Medium,No,8,58,Medium,Yes,0,High,Medium,Private,Positive,4,No,High School,Moderate,Female,71,16+ hours,4,90-100%,4,No tutoring,Within 0-100
1172,22,63,High,Medium,No,7,93,High,Yes,0,Medium,Medium,Private,Neutral,2,No,High School,Far,Male,64,16+ hours,4,60-69%,1,No tutoring,Within 0-100
1173,21,88,High,High,Yes,7,92,High,Yes,2,Medium,Medium,Public,Positive,3,No,Postgraduate,Near,Female,74,16+ hours,4,80-89%,3,1+ sessions,Within 0-100
1174,20,81,Medium,High,Yes,8,68,Medium,Yes,0,Medium,Medium,Public,Neutral,3,No,College,Near,Male,68,16+ hours,4,80-89%,3,No tutoring,Within 0-100
1175,15,75,Medium,High,Yes,4,65,High,Yes,1,Low,Low,Private,Positive,4,No,Postgraduate,Moderate,Female,66,11-15 hours,3,70-79%,2,1+ sessions,Within 0-100
1176,18,74,Medium,Medium,No,6,78,High,Yes,0,High,Medium,Public,Positive,2,No,High School,Moderate,Female,65,16+ hours,4,70-79%,2,No tutoring,Within 0-100
1177,10,85,High,Medium,Yes,8,64,Low,Yes,2,High,Medium,Public,Neutral,3,No,Postgraduate,Near,Female,67,6-10 hours,2,80-89%,3,1+ sessions,Within 0-100
1178,19,96,Medium,Medium,No,7,57,High,Yes,0,Low,Medium,Public,Positive,3,No,High School,Near,Female,69,16+ hours,4,90-100%,4,No tutoring,Within 0-100
1179,14,80,High,Low,Yes,7,98,High,Yes,2,Low,High,Private,Negative,2,No,High School,Near,Male,66,11-15 hours,3,80-89%,3,1+ sessions,Within 0-100
1180,13,93,Medium,High,Yes,8,75,Medium,Yes,1,Medium,Medium,Private,Positive,2,No,High School,Near,Male,69,11-15 hours,3,90-100%,4,1+ sessions,Within 0-100
1181,21,76,Medium,Medium,Yes,6,74,Medium,Yes,2,Medium,Medium,Private,Neutral,3,No,High School,Near,Male,67,16+ hours,4,70-79%,2,1+ sessions,Within 0-100
1182,28,64,Medium,Medium,Yes,9,56,Medium,Yes,1,Low,Low,Public,Negative,2,No,College,Near,Male,64,16+ hours,4,60-69%,1,1+ sessions,Within 0-100
1183,26,62,High,High,No,8,75,Medium,Yes,2,Medium,Medium,Public,Neutral,2,No,College,Moderate,Male,67,16+ hours,4,60-69%,1,1+ sessions,Within 0-100
1184,11,62,Low,High,Yes,7,87,High,No,3,Low,High,Public,Positive,3,No,High School,Far,Female,61,11-15 hours,3,60-69%,1,1+ sessions,Within 0-100
1185,14,75,Medium,Low,Yes,8,62,Low,Yes,0,High,Medium,Public,Negative,2,No,High School,Moderate,Female,61,11-15 hours,3,70-79%,2,No tutoring,Within 0-100
1186,26,73,Medium,Medium,Yes,9,68,High,Yes,4,Medium,Medium,Public,Neutral,2,No,High School,Far,Male,68,16+ hours,4,70-79%,2,1+ sessions,Within 0-100
1187,14,89,Low,High,No,6,59,Low,Yes,2,Low,High,Public,Neutral,5,No,Postgraduate,Moderate,Male,66,11-15 hours,3,80-89%,3,1+ sessions,Within 0-100
1188,19,90,Medium,Medium,No,8,68,Low,Yes,0,High,Medium,Public,Negative,4,No,High School,Moderate,Male,66,16+ hours,4,90-100%,4,No tutoring,Within 0-100
1189,23,62,Medium,High,No,10,93,High,Yes,2,Low,Unknown,Public,Positive,4,No,College,Near,Female,68,16+ hours,4,60-69%,1,1+ sessions,Within 0-100
1190,14,69,Low,High,No,8,62,High,Yes,1,Medium,High,Private,Neutral,2,No,High School,Near,Male,63,11-15 hours,3,60-69%,1,1+ sessions,Within 0-100
1191,21,71,Medium,Medium,Yes,7,51,Medium,Yes,3,Medium,High,Private,Neutral,3,No,Postgraduate,Moderate,Female,66,16+ hours,4,70-79%,2,1+ sessions,Within 0-100
1192,12,82,High,Medium,Yes,10,77,High,Yes,0,Medium,Medium,Public,Neutral,4,No,College,Far,Female,66,11-15 hours,3,80-89%,3,No tutoring,Within 0-100
1193,16,66,High,Medium,Yes,7,79,High,Yes,0,High,High,Private,Neutral,3,No,College,Near,Female,66,16+ hours,4,60-69%,1,No tutoring,Within 0-100
1194,22,65,Medium,Medium,Yes,9,66,High,Yes,2,Medium,Medium,Public,Negative,4,No,High School,Near,Male,65,16+ hours,4,60-69%,1,1+ sessions,Within 0-100
1195,10,98,Medium,Medium,Yes,6,82,Medium,Yes,2,High,Medium,Public,Positive,2,No,College,Moderate,Male,69,6-10 hours,2,90-100%,4,1+ sessions,Within 0-100
1196,23,92,Medium,High,No,9,52,High,Yes,1,High,Medium,Private,Positive,2,No,High School,Near,Female,71,16+ hours,4,90-100%,4,1+ sessions,Within 0-100
1197,20,67,High,High,No,6,67,High,Yes,1,Medium,High,Public,Positive,2,Yes,College,Near,Female,66,16+ hours,4,60-69%,1,1+ sessions,Within 0-100
1198,23,76,Medium,Medium,Yes,7,57,High,Yes,1,Medium,Medium,Public,Negative,3,No,High School,Moderate,Female,66,16+ hours,4,70-79%,2,1+ sessions,Within 0-100
1199,21,74,Medium,High,Yes,6,61,Low,No,0,Low,Medium,Private,Positive,4,No,High School,Near,Male,65,16+ hours,4,70-79%,2,No tutoring,Within 0-100
1200,28,92,Low,Medium,No,10,69,Medium,Yes,4,Low,Medium,Public,Neutral,4,No,High School,Moderate,Female,71,16+ hours,4,90-100%,4,1+ sessions,Within 0-100
1201,21,80,Medium,High,No,7,75,High,Yes,3,Medium,High,Private,Neutral,2,No,High School,Far,Male,69,16+ hours,4,80-89%,3,1+ sessions,Within 0-100
1202,17,65,Low,Low,Yes,5,55,Medium,Yes,2,Low,Medium,Public,Positive,3,No,High School,Near,Female,61,16+ hours,4,60-69%,1,1+ sessions,Within 0-100
1203,21,90,High,Medium,Yes,7,55,High,Yes,1,Low,High,Public,Neutral,4,No,High School,Near,Female,70,16+ hours,4,90-100%,4,1+ sessions,Within 0-100
1204,23,76,Medium,Medium,No,8,84,High,Yes,2,High,Medium,Public,Positive,4,No,College,Near,Female,70,16+ hours,4,70-79%,2,1+ sessions,Within 0-100
1205,20,71,Medium,Medium,No,7,70,High,Yes,0,High,High,Public,Negative,4,No,High School,Near,Female,65,16+ hours,4,70-79%,2,No tutoring,Within 0-100
1206,20,75,Medium,Low,Yes,6,59,Medium,Yes,2,Medium,Medium,Public,Negative,1,No,Postgraduate,Moderate,Male,64,16+ hours,4,70-79%,2,1+ sessions,Within 0-100
1207,16,80,High,High,Yes,9,62,Low,Yes,0,High,Medium,Public,Neutral,4,No,Postgraduate,Near,Female,68,16+ hours,4,80-89%,3,No tutoring,Within 0-100
1208,16,74,Low,Medium,Yes,9,86,Low,Yes,1,Low,Medium,Private,Neutral,2,No,High School,Near,Female,63,16+ hours,4,70-79%,2,1+ sessions,Within 0-100
1209,12,70,Medium,High,No,5,53,Medium,Yes,2,Low,Medium,Private,Positive,3,No,College,Near,Male,63,11-15 hours,3,70-79%,2,1+ sessions,Within 0-100
1210,30,76,Medium,Medium,Yes,6,75,Low,Yes,3,High,Medium,Public,Positive,3,No,College,Near,Female,71,16+ hours,4,70-79%,2,1+ sessions,Within 0-100
1211,13,61,High,Low,No,7,68,Low,No,1,Medium,Medium,Public,Neutral,2,No,High School,Near,Male,58,11-15 hours,3,60-69%,1,1+ sessions,Within 0-100
1212,16,91,Medium,Medium,Yes,6,91,Medium,Yes,1,Medium,Medium,Public,Neutral,2,No,High School,Moderate,Female,68,16+ hours,4,90-100%,4,1+ sessions,Within 0-100
1213,16,67,Medium,High,No,8,90,High,Yes,1,High,Low,Public,Neutral,4,No,High School,Near,Male,65,16+ hours,4,60-69%,1,1+ sessions,Within 0-100
1214,25,62,Medium,Medium,No,10,84,Low,Yes,2,Low,Medium,Public,Positive,3,No,College,Near,Female,65,16+ hours,4,60-69%,1,1+ sessions,Within 0-100
1215,18,86,High,Low,Yes,6,69,Low,Yes,2,Medium,High,Public,Positive,2,No,High School,Near,Male,68,16+ hours,4,80-89%,3,1+ sessions,Within 0-100
1216,27,91,Low,High,Yes,9,82,Medium,Yes,0,Low,Low,Public,Neutral,1,No,High School,Far,Male,69,16+ hours,4,90-100%,4,No tutoring,Within 0-100
1217,16,93,Medium,Medium,Yes,5,82,Low,Yes,5,High,Medium,Public,Positive,1,No,High School,Near,Male,71,16+ hours,4,90-100%,4,1+ sessions,Within 0-100
1218,22,80,Low,Medium,No,8,67,Low,Yes,2,Low,Low,Private,Positive,2,No,Postgraduate,Moderate,Male,65,16+ hours,4,80-89%,3,1+ sessions,Within 0-100
1219,15,68,Low,Medium,Yes,6,94,Low,Yes,0,Medium,High,Public,Neutral,5,No,Postgraduate,Near,Female,64,11-15 hours,3,60-69%,1,No tutoring,Within 0-100
1220,33,89,Low,Medium,No,8,99,Medium,Yes,2,High,High,Private,Positive,4,No,College,Moderate,Male,75,16+ hours,4,80-89%,3,1+ sessions,Within 0-100
1221,13,88,High,Medium,No,4,66,Low,Yes,1,Low,High,Public,Positive,4,No,High School,Near,Female,67,11-15 hours,3,80-89%,3,1+ sessions,Within 0-100
1222,22,70,Medium,High,Yes,5,90,High,Yes,1,Medium,High,Public,Neutral,3,No,College,Far,Female,68,16+ hours,4,70-79%,2,1+ sessions,Within 0-100
1223,24,96,High,High,No,8,75,Low,Yes,1,Medium,Medium,Public,Positive,1,No,College,Moderate,Female,72,16+ hours,4,90-100%,4,1+ sessions,Within 0-100
1224,22,64,Medium,Medium,No,6,73,High,Yes,3,Medium,Medium,Public,Positive,4,No,Postgraduate,Moderate,Female,67,16+ hours,4,60-69%,1,1+ sessions,Within 0-100
1225,19,99,High,Medium,No,7,69,Medium,Yes,1,High,Medium,Public,Positive,3,No,High School,Near,Male,72,16+ hours,4,90-100%,4,1+ sessions,Within 0-100
1226,19,94,Medium,Low,Yes,10,65,High,Yes,1,Low,High,Public,Negative,3,No,Postgraduate,Moderate,Male,69,16+ hours,4,90-100%,4,1+ sessions,Within 0-100
1227,20,88,Low,Low,No,7,96,Low,Yes,0,High,High,Public,Positive,3,No,Postgraduate,Moderate,Male,68,16+ hours,4,80-89%,3,No tutoring,Within 0-100
1228,19,98,Medium,Medium,Yes,8,87,Medium,Yes,0,Medium,Medium,Private,Negative,6,No,High School,Near,Male,70,16+ hours,4,90-100%,4,No tutoring,Within 0-100
1229,26,89,Medium,Medium,No,6,72,High,Yes,1,Low,Medium,Public,Neutral,3,Yes,College,Near,Female,69,16+ hours,4,80-89%,3,1+ sessions,Within 0-100
1230,33,68,Medium,Low,Yes,5,88,Medium,Yes,2,Low,Medium,Public,Negative,1,No,College,Moderate,Male,67,16+ hours,4,60-69%,1,1+ sessions,Within 0-100
1231,17,78,Medium,Medium,No,7,86,Medium,No,0,Low,Low,Public,Neutral,3,No,College,Near,Female,63,16+ hours,4,70-79%,2,No tutoring,Within 0-100
1232,12,63,Medium,High,No,5,63,Low,Yes,4,Low,Medium,Private,Positive,2,No,High School,Moderate,Male,61,11-15 hours,3,60-69%,1,1+ sessions,Within 0-100
1233,19,76,Medium,High,Yes,6,59,Medium,Yes,1,Medium,Medium,Public,Neutral,3,No,High School,Near,Female,66,16+ hours,4,70-79%,2,1+ sessions,Within 0-100
1234,35,90,High,Medium,Yes,7,92,Low,No,0,Low,Medium,Private,Neutral,4,No,High School,Near,Male,73,16+ hours,4,90-100%,4,No tutoring,Within 0-100
1235,15,75,Medium,High,Yes,7,91,High,Yes,0,Medium,High,Public,Neutral,3,No,College,Moderate,Male,67,11-15 hours,3,70-79%,2,No tutoring,Within 0-100
1236,30,73,High,Medium,Yes,8,100,Medium,Yes,2,High,High,Public,Neutral,2,No,High School,Near,Female,72,16+ hours,4,70-79%,2,1+ sessions,Within 0-100
1237,30,84,High,Medium,No,8,51,Low,Yes,1,Low,Medium,Public,Positive,4,Yes,Postgraduate,Far,Male,69,16+ hours,4,80-89%,3,1+ sessions,Within 0-100
1238,17,95,Low,High,No,5,77,Medium,Yes,2,Medium,Medium,Public,Positive,4,No,High School,Moderate,Female,69,16+ hours,4,90-100%,4,1+ sessions,Within 0-100
1239,23,62,Low,High,Yes,6,85,Medium,Yes,1,Low,Medium,Public,Negative,3,Yes,College,Moderate,Male,63,16+ hours,4,60-69%,1,1+ sessions,Within 0-100
1240,30,75,Medium,Medium,Yes,4,79,Low,Yes,0,Medium,Medium,Public,Negative,4,No,High School,Moderate,Male,67,16+ hours,4,70-79%,2,No tutoring,Within 0-100
1241,18,66,Medium,Medium,No,6,86,Medium,Yes,0,High,Medium,Public,Positive,2,No,High School,Moderate,Female,63,16+ hours,4,60-69%,1,No tutoring,Within 0-100
1242,19,88,Medium,High,Yes,8,57,Low,No,1,Medium,Low,Private,Negative,4,No,College,Near,Male,66,16+ hours,4,80-89%,3,1+ sessions,Within 0-100
1243,17,64,Medium,Medium,No,9,50,Medium,Yes,2,Low,High,Public,Positive,4,No,High School,Moderate,Female,62,16+ hours,4,60-69%,1,1+ sessions,Within 0-100
1244,14,87,Medium,Medium,Yes,7,55,Medium,Yes,2,Low,High,Private,Positive,4,No,Postgraduate,Near,Male,68,11-15 hours,3,80-89%,3,1+ sessions,Within 0-100
1245,16,71,Medium,High,No,9,69,Medium,Yes,1,Low,Medium,Public,Neutral,4,No,Postgraduate,Near,Female,65,16+ hours,4,70-79%,2,1+ sessions,Within 0-100
1246,13,68,Low,Low,Yes,8,66,Medium,Yes,0,Medium,Low,Public,Neutral,4,Yes,College,Near,Male,59,11-15 hours,3,60-69%,1,No tutoring,Within 0-100
1247,20,97,High,Medium,Yes,7,94,High,Yes,1,Medium,Medium,Public,Negative,1,No,College,Moderate,Male,72,16+ hours,4,90-100%,4,1+ sessions,Within 0-100
1248,15,61,Medium,High,Yes,6,54,Medium,Yes,0,High,High,Private,Neutral,2,No,Postgraduate,Near,Male,63,11-15 hours,3,60-69%,1,No tutoring,Within 0-100
1249,21,78,Medium,Medium,No,4,72,Medium,Yes,1,Medium,High,Public,Neutral,4,No,Postgraduate,Near,Male,68,16+ hours,4,70-79%,2,1+ sessions,Within 0-100
1250,11,61,Medium,Medium,Yes,9,98,High,Yes,0,Medium,High,Public,Negative,2,No,High School,Moderate,Male,61,11-15 hours,3,60-69%,1,No tutoring,Within 0-100
1251,22,79,Low,Medium,No,7,75,Low,Yes,1,Low,High,Private,Neutral,3,No,High School,Near,Female,65,16+ hours,4,70-79%,2,1+ sessions,Within 0-100
1252,25,80,Medium,Medium,Yes,9,57,Low,Yes,2,Low,High,Public,Positive,3,No,High School,Moderate,Female,68,16+ hours,4,80-89%,3,1+ sessions,Within 0-100
1253,8,73,Low,Medium,Yes,6,65,High,Yes,1,Low,Medium,Public,Neutral,4,No,College,Moderate,Male,61,6-10 hours,2,70-79%,2,1+ sessions,Within 0-100
1254,22,65,Low,Low,Yes,10,81,Medium,Yes,1,Low,Unknown,Private,Neutral,3,No,Postgraduate,Near,Male,63,16+ hours,4,60-69%,1,1+ sessions,Within 0-100
1255,27,75,Medium,Medium,Yes,7,51,High,Yes,1,Medium,Low,Public,Negative,2,No,Postgraduate,Near,Male,67,16+ hours,4,70-79%,2,1+ sessions,Within 0-100
1256,13,87,Low,Medium,Yes,6,98,Low,Yes,0,High,High,Public,Positive,3,Yes,Postgraduate,Moderate,Male,66,11-15 hours,3,80-89%,3,No tutoring,Within 0-100
1257,30,91,Medium,Medium,Yes,7,78,High,Yes,3,Medium,Medium,Private,Positive,2,No,Postgraduate,Near,Male,75,16+ hours,4,90-100%,4,1+ sessions,Within 0-100
1258,23,81,Medium,Medium,No,7,85,Low,Yes,0,Medium,Medium,Public,Positive,4,No,High School,Near,Male,68,16+ hours,4,80-89%,3,No tutoring,Within 0-100
1259,16,84,Low,Medium,No,7,75,High,Yes,2,Medium,Medium,Public,Negative,3,No,High School,Near,Female,65,16+ hours,4,80-89%,3,1+ sessions,Within 0-100
1260,20,68,Low,Medium,No,6,98,High,Yes,0,Low,High,Public,Negative,4,No,High School,Near,Female,64,16+ hours,4,60-69%,1,No tutoring,Within 0-100
1261,23,71,High,Medium,Yes,4,79,Medium,No,2,Low,Medium,Public,Positive,3,No,Unknown,Near,Male,67,16+ hours,4,70-79%,2,1+ sessions,Within 0-100
1262,20,66,Low,Medium,Yes,6,83,Medium,Yes,2,Low,Medium,Private,Neutral,3,No,College,Near,Male,64,16+ hours,4,60-69%,1,1+ sessions,Within 0-100
1263,23,70,Medium,High,Yes,9,93,Medium,Yes,0,Low,High,Public,Neutral,2,Yes,Postgraduate,Moderate,Female,67,16+ hours,4,70-79%,2,No tutoring,Within 0-100
1264,14,69,Medium,High,Yes,6,93,Low,No,2,Low,Medium,Private,Neutral,0,No,High School,Near,Male,63,11-15 hours,3,60-69%,1,1+ sessions,Within 0-100
1265,21,81,High,Medium,Yes,4,51,Medium,Yes,0,Medium,Medium,Private,Positive,2,No,College,Moderate,Female,67,16+ hours,4,80-89%,3,No tutoring,Within 0-100
1266,12,83,High,Low,Yes,5,64,Medium,Yes,1,High,Medium,Private,Negative,2,No,Postgraduate,Near,Female,65,11-15 hours,3,80-89%,3,1+ sessions,Within 0-100
1267,19,98,High,Low,Yes,7,62,High,Yes,1,Low,High,Public,Neutral,2,No,High School,Near,Female,70,16+ hours,4,90-100%,4,1+ sessions,Within 0-100
1268,15,68,Medium,Medium,Yes,6,50,High,Yes,2,High,Low,Public,Neutral,3,No,High School,Moderate,Male,62,11-15 hours,3,60-69%,1,1+ sessions,Within 0-100
1269,16,86,High,Medium,Yes,7,94,Medium,Yes,2,Low,High,Public,Neutral,3,No,High School,Moderate,Female,69,16+ hours,4,80-89%,3,1+ sessions,Within 0-100
1270,27,93,Medium,Low,Yes,6,66,Medium,Yes,2,Medium,Medium,Public,Negative,3,No,College,Moderate,Female,70,16+ hours,4,90-100%,4,1+ sessions,Within 0-100
1271,27,82,Medium,Medium,Yes,9,67,Low,Yes,1,Low,High,Private,Neutral,2,No,High School,Moderate,Male,68,16+ hours,4,80-89%,3,1+ sessions,Within 0-100
1272,24,70,Medium,High,No,8,55,Medium,Yes,4,Low,High,Public,Positive,4,No,Postgraduate,Moderate,Female,68,16+ hours,4,70-79%,2,1+ sessions,Within 0-100
1273,13,71,Medium,Medium,Yes,10,99,Medium,Yes,0,Low,Medium,Public,Neutral,3,No,Postgraduate,Near,Male,64,11-15 hours,3,70-79%,2,No tutoring,Within 0-100
1274,18,62,Low,High,Yes,6,91,High,No,4,Low,Medium,Private,Neutral,1,No,High School,Moderate,Male,63,16+ hours,4,60-69%,1,1+ sessions,Within 0-100
1275,27,72,Low,Low,Yes,7,79,Medium,Yes,2,High,High,Public,Positive,2,No,Postgraduate,Moderate,Female,68,16+ hours,4,70-79%,2,1+ sessions,Within 0-100
1276,21,90,High,Low,Yes,9,89,Low,Yes,1,Low,Low,Public,Neutral,2,No,High School,Far,Female,67,16+ hours,4,90-100%,4,1+ sessions,Within 0-100
1277,34,62,High,Low,No,8,89,Low,Yes,3,Low,Medium,Private,Neutral,4,No,College,Moderate,Female,68,16+ hours,4,60-69%,1,1+ sessions,Within 0-100
1278,22,69,Medium,High,Yes,6,83,Medium,Yes,1,Low,Medium,Public,Positive,2,No,College,Moderate,Female,66,16+ hours,4,60-69%,1,1+ sessions,Within 0-100
1279,21,88,Medium,Medium,Yes,8,59,Low,No,2,Medium,Medium,Private,Negative,1,No,Postgraduate,Near,Male,67,16+ hours,4,80-89%,3,1+ sessions,Within 0-100
1280,18,91,High,Medium,No,8,86,High,Yes,1,Medium,Medium,Public,Neutral,4,Yes,High School,Moderate,Male,69,16+ hours,4,90-100%,4,1+ sessions,Within 0-100
1281,21,78,High,Medium,Yes,4,78,Medium,Yes,2,High,Medium,Private,Negative,3,No,Unknown,Far,Male,68,16+ hours,4,70-79%,2,1+ sessions,Within 0-100
1282,19,88,Medium,High,No,6,86,Medium,Yes,4,Medium,Medium,Public,Positive,3,Yes,College,Moderate,Male,70,16+ hours,4,80-89%,3,1+ sessions,Within 0-100
1283,24,76,Medium,Medium,No,7,77,Medium,Yes,3,Medium,Medium,Private,Negative,4,No,Postgraduate,Moderate,Female,68,16+ hours,4,70-79%,2,1+ sessions,Within 0-100
1284,26,66,Low,Medium,Yes,9,98,Medium,Yes,2,Low,Medium,Public,Neutral,2,No,College,Near,Male,66,16+ hours,4,60-69%,1,1+ sessions,Within 0-100
1285,15,76,Medium,High,Yes,8,81,Medium,Yes,2,Low,Medium,Private,Neutral,4,No,Postgraduate,Moderate,Female,67,11-15 hours,3,70-79%,2,1+ sessions,Within 0-100
1286,12,83,Medium,Medium,No,6,79,Medium,Yes,1,High,Low,Public,Neutral,4,No,High School,Moderate,Female,65,11-15 hours,3,80-89%,3,1+ sessions,Within 0-100
1287,9,98,Medium,Medium,No,6,92,Medium,Yes,0,Medium,Medium,Public,Neutral,5,No,High School,Moderate,Male,67,6-10 hours,2,90-100%,4,No tutoring,Within 0-100
1288,23,63,Medium,Medium,No,8,69,High,Yes,2,Medium,Low,Public,Negative,4,Yes,High School,Near,Male,63,16+ hours,4,60-69%,1,1+ sessions,Within 0-100
1289,13,80,Low,High,Yes,4,66,High,Yes,2,Low,Medium,Public,Negative,2,No,High School,Moderate,Female,64,11-15 hours,3,80-89%,3,1+ sessions,Within 0-100
1290,7,73,High,Medium,Yes,6,75,Medium,Yes,3,Low,Medium,Public,Neutral,3,No,College,Near,Female,64,6-10 hours,2,70-79%,2,1+ sessions,Within 0-100
1291,22,80,Low,Low,No,9,79,High,Yes,0,Medium,Medium,Private,Neutral,3,No,College,Moderate,Female,66,16+ hours,4,80-89%,3,No tutoring,Within 0-100
1292,35,61,Medium,High,Yes,7,61,Low,Yes,2,Medium,Medium,Private,Positive,4,Yes,High School,Near,Male,68,16+ hours,4,60-69%,1,1+ sessions,Within 0-100
1293,20,73,High,Medium,Yes,6,84,High,Yes,0,Medium,Medium,Public,Positive,3,No,High School,Moderate,Male,67,16+ hours,4,70-79%,2,No tutoring,Within 0-100
1294,25,93,Medium,High,No,5,90,Low,Yes,1,Medium,Medium,Public,Positive,2,No,College,Near,Male,72,16+ hours,4,90-100%,4,1+ sessions,Within 0-100
1295,20,82,Medium,Medium,Yes,8,79,Low,Yes,1,Low,Medium,Public,Positive,4,No,High School,Near,Male,67,16+ hours,4,80-89%,3,1+ sessions,Within 0-100
1296,19,78,Medium,Medium,No,7,76,High,Yes,2,Medium,Low,Public,Neutral,3,No,College,Moderate,Female,66,16+ hours,4,70-79%,2,1+ sessions,Within 0-100
1297,26,71,High,Low,No,7,65,Medium,Yes,1,Low,Medium,Public,Positive,3,No,College,Near,Female,66,16+ hours,4,70-79%,2,1+ sessions,Within 0-100
1298,18,72,High,High,Yes,8,95,Medium,Yes,1,Medium,Medium,Public,Negative,4,No,High School,Moderate,Male,67,16+ hours,4,70-79%,2,1+ sessions,Within 0-100
1299,22,75,Medium,Medium,No,7,88,Low,Yes,0,Low,Medium,Private,Neutral,3,No,Postgraduate,Far,Male,65,16+ hours,4,70-79%,2,No tutoring,Within 0-100
1300,22,93,High,Medium,No,7,74,Low,Yes,2,Medium,High,Public,Negative,3,No,College,Far,Male,70,16+ hours,4,90-100%,4,1+ sessions,Within 0-100
1301,16,99,Low,Medium,Yes,5,83,Low,Yes,0,Low,High,Private,Neutral,4,No,Postgraduate,Near,Female,69,16+ hours,4,90-100%,4,No tutoring,Within 0-100
1302,26,78,High,High,Yes,5,67,Low,Yes,1,High,High,Private,Negative,3,No,High School,Moderate,Male,69,16+ hours,4,70-79%,2,1+ sessions,Within 0-100
1303,19,76,High,Medium,Yes,8,53,Medium,Yes,1,Medium,Medium,Public,Negative,4,No,College,Near,Female,66,16+ hours,4,70-79%,2,1+ sessions,Within 0-100
1304,15,94,Medium,Low,No,8,60,Medium,Yes,2,Medium,Medium,Public,Neutral,4,No,High School,Far,Male,66,11-15 hours,3,90-100%,4,1+ sessions,Within 0-100
1305,23,77,High,High,Yes,8,54,Medium,Yes,1,Low,Medium,Public,Negative,3,No,College,Moderate,Female,67,16+ hours,4,70-79%,2,1+ sessions,Within 0-100
1306,15,82,Medium,High,Yes,6,75,Medium,Yes,1,Medium,Low,Public,Positive,3,No,High School,Near,Male,67,11-15 hours,3,80-89%,3,1+ sessions,Within 0-100
1307,20,69,Medium,Medium,Yes,8,81,High,Yes,2,Medium,Medium,Public,Positive,4,No,High School,Near,Male,67,16+ hours,4,60-69%,1,1+ sessions,Within 0-100
1308,20,90,High,High,Yes,6,69,Medium,Yes,2,High,High,Public,Neutral,3,No,High School,Near,Female,72,16+ hours,4,90-100%,4,1+ sessions,Within 0-100
1309,27,81,Medium,Low,Yes,9,77,Low,Yes,1,Medium,High,Public,Neutral,4,No,College,Moderate,Female,68,16+ hours,4,80-89%,3,1+ sessions,Within 0-100
1310,23,92,Medium,Low,Yes,6,54,High,Yes,3,Medium,Medium,Public,Positive,2,Yes,Postgraduate,Near,Male,70,16+ hours,4,90-100%,4,1+ sessions,Within 0-100
1311,20,91,Medium,Medium,Yes,6,88,Medium,Yes,1,Low,Medium,Public,Positive,4,No,High School,Moderate,Male,69,16+ hours,4,90-100%,4,1+ sessions,Within 0-100
1312,25,69,High,Low,Yes,7,52,High,Yes,1,Low,Medium,Public,Positive,4,No,High School,Moderate,Male,65,16+ hours,4,60-69%,1,1+ sessions,Within 0-100
1313,28,89,High,High,No,8,82,Medium,Yes,0,Medium,Medium,Public,Negative,3,No,Postgraduate,Far,Male,72,16+ hours,4,80-89%,3,No tutoring,Within 0-100
1314,23,92,Medium,High,No,7,72,Medium,Yes,0,Low,Medium,Public,Neutral,4,No,College,Far,Female,69,16+ hours,4,90-100%,4,No tutoring,Within 0-100
1315,20,74,Medium,Medium,Yes,7,59,Low,Yes,5,High,Medium,Public,Positive,4,No,High School,Near,Female,68,16+ hours,4,70-79%,2,1+ sessions,Within 0-100
1316,12,67,High,High,No,6,76,High,Yes,1,Low,Medium,Public,Negative,2,No,High School,Moderate,Male,62,11-15 hours,3,60-69%,1,1+ sessions,Within 0-100
1317,14,60,Medium,Low,Yes,7,89,Low,Yes,2,Medium,Medium,Public,Neutral,3,No,High School,Moderate,Male,60,11-15 hours,3,60-69%,1,1+ sessions,Within 0-100
1318,18,78,High,Medium,Yes,7,71,Low,Yes,3,Medium,Medium,Public,Neutral,4,No,High School,Moderate,Male,67,16+ hours,4,70-79%,2,1+ sessions,Within 0-100
1319,16,74,High,High,Yes,6,68,Low,Yes,2,Medium,Medium,Public,Neutral,4,No,College,Near,Male,67,16+ hours,4,70-79%,2,1+ sessions,Within 0-100
1320,19,82,Medium,High,Yes,7,57,Medium,Yes,1,Medium,Medium,Public,Neutral,3,No,High School,Near,Male,67,16+ hours,4,80-89%,3,1+ sessions,Within 0-100
1321,20,68,Medium,Medium,Yes,7,80,Low,Yes,0,Low,Medium,Private,Neutral,4,No,High School,Near,Female,63,16+ hours,4,60-69%,1,No tutoring,Within 0-100
1322,23,94,Medium,Low,Yes,10,91,High,Yes,1,Medium,Medium,Public,Neutral,3,No,High School,Near,Male,71,16+ hours,4,90-100%,4,1+ sessions,Within 0-100
1323,20,70,Medium,Medium,Yes,6,78,High,Yes,0,Medium,Medium,Private,Positive,2,No,College,Near,Female,66,16+ hours,4,70-79%,2,No tutoring,Within 0-100
1324,23,69,Medium,Medium,Yes,6,58,High,Yes,0,Medium,Medium,Public,Neutral,1,No,Postgraduate,Near,Female,65,16+ hours,4,60-69%,1,No tutoring,Within 0-100
1325,20,79,High,Medium,Yes,7,83,High,Yes,2,Medium,Medium,Public,Positive,2,No,High School,Moderate,Female,69,16+ hours,4,70-79%,2,1+ sessions,Within 0-100
1326,8,80,High,Low,No,6,52,High,Yes,2,Medium,Medium,Public,Positive,1,No,High School,Near,Female,63,6-10 hours,2,80-89%,3,1+ sessions,Within 0-100
1327,14,69,Medium,Medium,Yes,5,92,High,Yes,3,Low,Low,Public,Negative,2,No,Postgraduate,Moderate,Female,64,11-15 hours,3,60-69%,1,1+ sessions,Within 0-100
1328,19,71,High,High,No,5,96,High,Yes,2,Low,Medium,Private,Neutral,0,Yes,College,Near,Female,67,16+ hours,4,70-79%,2,1+ sessions,Within 0-100
1329,13,67,Medium,Medium,Yes,6,80,High,Yes,1,Low,High,Public,Negative,2,No,High School,Moderate,Male,62,11-15 hours,3,60-69%,1,1+ sessions,Within 0-100
1330,24,89,Medium,Low,Yes,6,94,Low,Yes,2,Medium,Medium,Public,Neutral,2,No,High School,Far,Male,68,16+ hours,4,80-89%,3,1+ sessions,Within 0-100
1331,29,91,Medium,High,No,5,54,Low,Yes,2,Low,Unknown,Public,Neutral,3,No,Postgraduate,Moderate,Male,71,16+ hours,4,90-100%,4,1+ sessions,Within 0-100
1332,27,78,High,Medium,No,7,61,Medium,No,1,Low,Medium,Public,Negative,3,No,High School,Moderate,Female,66,16+ hours,4,70-79%,2,1+ sessions,Within 0-100
1333,19,89,Medium,High,Yes,4,66,Low,Yes,1,Low,Medium,Public,Positive,1,No,Postgraduate,Near,Female,69,16+ hours,4,80-89%,3,1+ sessions,Within 0-100
1334,29,89,Medium,Low,Yes,8,89,Low,Yes,1,Medium,High,Private,Neutral,4,No,High School,Moderate,Male,71,16+ hours,4,80-89%,3,1+ sessions,Within 0-100
1335,21,66,Medium,Medium,Yes,6,74,Medium,Yes,2,Medium,High,Private,Neutral,4,No,High School,Near,Female,66,16+ hours,4,60-69%,1,1+ sessions,Within 0-100
1336,18,99,Medium,Medium,No,6,67,Medium,Yes,5,Low,Medium,Public,Positive,3,No,Postgraduate,Near,Female,72,16+ hours,4,90-100%,4,1+ sessions,Within 0-100
1337,16,93,Medium,Medium,Yes,8,58,Medium,Yes,1,High,High,Public,Positive,4,No,College,Near,Female,70,16+ hours,4,90-100%,4,1+ sessions,Within 0-100
1338,18,68,Low,Medium,No,8,91,High,Yes,1,Low,High,Private,Neutral,3,No,Postgraduate,Near,Female,65,16+ hours,4,60-69%,1,1+ sessions,Within 0-100
1339,18,67,High,Medium,No,6,51,Medium,Yes,0,Medium,High,Public,Positive,2,No,College,Near,Female,64,16+ hours,4,60-69%,1,No tutoring,Within 0-100
1340,21,65,Medium,Medium,Yes,8,67,Medium,Yes,1,Low,Medium,Public,Positive,2,No,College,Moderate,Male,63,16+ hours,4,60-69%,1,1+ sessions,Within 0-100
1341,21,66,Medium,Medium,No,9,62,Low,No,3,Medium,Medium,Private,Positive,2,No,High School,Near,Male,63,16+ hours,4,60-69%,1,1+ sessions,Within 0-100
1342,20,90,Low,Medium,No,5,56,Medium,No,3,Medium,Medium,Public,Positive,2,No,High School,Moderate,Male,66,16+ hours,4,90-100%,4,1+ sessions,Within 0-100
1343,23,79,High,High,Yes,8,59,Low,Yes,1,Low,High,Public,Negative,4,No,College,Moderate,Male,68,16+ hours,4,70-79%,2,1+ sessions,Within 0-100
1344,27,91,Medium,High,Yes,5,75,Low,Yes,1,High,High,Public,Neutral,4,No,College,Near,Male,74,16+ hours,4,90-100%,4,1+ sessions,Within 0-100
1345,26,90,High,High,No,9,71,Low,Yes,0,High,Low,Private,Negative,2,No,College,Near,Female,71,16+ hours,4,90-100%,4,No tutoring,Within 0-100
1346,11,84,High,Medium,Yes,6,76,High,Yes,3,Low,High,Public,Negative,3,No,High School,Moderate,Female,67,11-15 hours,3,80-89%,3,1+ sessions,Within 0-100
1347,5,87,High,Low,No,6,86,Medium,Yes,2,Medium,High,Public,Positive,3,No,Postgraduate,Near,Female,66,1-5 hours,1,80-89%,3,1+ sessions,Within 0-100
1348,26,61,High,Medium,Yes,9,95,Medium,Yes,0,Medium,Medium,Private,Negative,6,No,College,Near,Male,67,16+ hours,4,60-69%,1,No tutoring,Within 0-100
1349,12,72,Low,High,Yes,8,56,High,Yes,3,Low,Medium,Public,Positive,1,Yes,High School,Moderate,Male,62,11-15 hours,3,70-79%,2,1+ sessions,Within 0-100
1350,19,86,Medium,Low,No,6,54,Low,Yes,1,High,High,Private,Positive,5,No,Postgraduate,Near,Male,68,16+ hours,4,80-89%,3,1+ sessions,Within 0-100
1351,13,60,Medium,Medium,Yes,7,66,Medium,Yes,2,Low,Medium,Public,Positive,3,No,Postgraduate,Near,Male,62,11-15 hours,3,60-69%,1,1+ sessions,Within 0-100
1352,9,61,High,Medium,Yes,6,77,Low,No,1,High,Medium,Private,Neutral,2,No,High School,Near,Male,82,6-10 hours,2,60-69%,1,1+ sessions,Within 0-100
1353,23,94,High,Medium,No,5,55,High,Yes,2,Medium,Medium,Public,Positive,2,Yes,High School,Near,Male,70,16+ hours,4,90-100%,4,1+ sessions,Within 0-100
1354,25,87,High,Medium,No,7,86,Medium,Yes,4,Medium,Low,Private,Negative,2,No,College,Near,Male,72,16+ hours,4,80-89%,3,1+ sessions,Within 0-100
1355,17,71,Low,High,Yes,6,78,Low,Yes,0,Medium,Medium,Public,Positive,4,No,College,Near,Female,64,16+ hours,4,70-79%,2,No tutoring,Within 0-100
1356,4,88,Medium,High,No,6,87,Low,Yes,1,Medium,High,Public,Neutral,4,No,College,Near,Male,66,1-5 hours,1,80-89%,3,1+ sessions,Within 0-100
1357,17,92,Medium,Medium,Yes,9,68,High,Yes,0,Medium,Low,Private,Positive,3,No,College,Near,Female,68,16+ hours,4,90-100%,4,No tutoring,Within 0-100
1358,22,72,Low,Medium,No,6,70,Low,Yes,1,High,Medium,Public,Neutral,3,No,Postgraduate,Far,Male,64,16+ hours,4,70-79%,2,1+ sessions,Within 0-100
1359,11,61,Low,Medium,Yes,7,90,High,Yes,0,Medium,High,Public,Neutral,3,No,High School,Near,Female,61,11-15 hours,3,60-69%,1,No tutoring,Within 0-100
1360,21,97,Medium,Medium,Yes,9,63,Medium,Yes,0,Medium,Medium,Public,Positive,1,No,High School,Moderate,Male,69,16+ hours,4,90-100%,4,No tutoring,Within 0-100
1361,20,74,High,High,No,7,69,Low,Yes,2,High,High,Private,Neutral,2,No,College,Near,Male,68,16+ hours,4,70-79%,2,1+ sessions,Within 0-100
1362,23,64,Medium,Medium,No,6,51,Medium,Yes,1,Medium,Medium,Public,Positive,5,No,College,Near,Male,64,16+ hours,4,60-69%,1,1+ sessions,Within 0-100
1363,21,80,Medium,High,No,7,78,Medium,Yes,1,Low,High,Private,Negative,4,No,High School,Moderate,Female,67,16+ hours,4,80-89%,3,1+ sessions,Within 0-100
1364,14,91,Medium,Medium,Yes,8,93,Medium,Yes,0,Medium,Medium,Public,Neutral,3,No,High School,Moderate,Male,67,11-15 hours,3,90-100%,4,No tutoring,Within 0-100
1365,27,69,Medium,Medium,No,8,51,Medium,Yes,1,High,Medium,Public,Negative,2,No,High School,Near,Male,65,16+ hours,4,60-69%,1,1+ sessions,Within 0-100
1366,19,71,High,Medium,Yes,10,81,Medium,Yes,2,Medium,High,Public,Positive,3,No,High School,Near,Female,68,16+ hours,4,70-79%,2,1+ sessions,Within 0-100
1367,20,70,Medium,High,Yes,6,92,Medium,Yes,2,Medium,Low,Public,Positive,3,No,High School,Near,Male,67,16+ hours,4,70-79%,2,1+ sessions,Within 0-100
1368,14,100,Low,Medium,No,7,75,Low,Yes,1,Low,Unknown,Public,Positive,3,No,Postgraduate,Moderate,Male,67,11-15 hours,3,90-100%,4,1+ sessions,Within 0-100
1369,17,68,Medium,High,Yes,5,66,Medium,Yes,1,High,Medium,Public,Negative,4,No,High School,Near,Male,64,16+ hours,4,60-69%,1,1+ sessions,Within 0-100
1370,15,83,High,High,Yes,8,100,Medium,Yes,0,Medium,Medium,Public,Positive,3,No,College,Near,Female,70,11-15 hours,3,80-89%,3,No tutoring,Within 0-100
1371,19,97,Medium,High,No,7,53,Medium,Yes,2,Low,Low,Private,Neutral,3,No,College,Moderate,Male,69,16+ hours,4,90-100%,4,1+ sessions,Within 0-100
1372,30,66,Medium,High,No,7,61,Low,Yes,0,High,High,Private,Positive,2,No,High School,Far,Male,66,16+ hours,4,60-69%,1,No tutoring,Within 0-100
1373,12,99,Low,Medium,No,6,94,Medium,Yes,2,Medium,Medium,Public,Neutral,3,No,Postgraduate,Moderate,Male,69,11-15 hours,3,90-100%,4,1+ sessions,Within 0-100
1374,10,98,Low,Medium,Yes,6,65,Medium,Yes,1,Low,High,Private,Positive,2,No,High School,Near,Male,66,6-10 hours,2,90-100%,4,1+ sessions,Within 0-100
1375,29,95,High,Medium,Yes,7,91,Low,Yes,1,Low,Medium,Public,Neutral,3,No,High School,Moderate,Female,73,16+ hours,4,90-100%,4,1+ sessions,Within 0-100
1376,19,69,Medium,Medium,Yes,6,67,Medium,No,4,High,High,Private,Positive,4,No,Postgraduate,Moderate,Male,66,16+ hours,4,60-69%,1,1+ sessions,Within 0-100
1377,16,85,Medium,High,Yes,7,91,High,Yes,0,Medium,Medium,Public,Neutral,2,No,Postgraduate,Moderate,Male,69,16+ hours,4,80-89%,3,No tutoring,Within 0-100
1378,26,90,Medium,Low,Yes,7,84,Low,Yes,1,Medium,Medium,Public,Positive,3,No,High School,Moderate,Male,70,16+ hours,4,90-100%,4,1+ sessions,Within 0-100
1379,16,99,High,Medium,Yes,5,73,High,Yes,1,Medium,Medium,Private,Positive,5,Yes,College,Far,Male,71,16+ hours,4,90-100%,4,1+ sessions,Within 0-100
1380,31,67,Low,High,Yes,5,76,Medium,Yes,2,Medium,High,Public,Positive,4,No,College,Near,Male,70,16+ hours,4,60-69%,1,1+ sessions,Within 0-100
1381,24,91,High,Low,Yes,6,59,Medium,Yes,0,Low,Medium,Private,Neutral,4,No,High School,Near,Male,69,16+ hours,4,90-100%,4,No tutoring,Within 0-100
1382,17,74,Medium,Medium,No,9,56,Medium,Yes,1,Medium,High,Private,Negative,3,No,High School,Moderate,Male,63,16+ hours,4,70-79%,2,1+ sessions,Within 0-100
1383,33,67,High,Medium,Yes,6,86,Medium,Yes,4,Medium,High,Public,Positive,3,Yes,High School,Near,Female,71,16+ hours,4,60-69%,1,1+ sessions,Within 0-100
1384,16,77,High,High,No,7,92,Low,Yes,2,Medium,Medium,Public,Negative,2,No,College,Near,Male,67,16+ hours,4,70-79%,2,1+ sessions,Within 0-100
1385,24,92,Medium,Medium,Yes,5,86,High,Yes,3,Medium,High,Public,Neutral,2,No,High School,Near,Female,73,16+ hours,4,90-100%,4,1+ sessions,Within 0-100
1386,22,79,Low,High,Yes,6,96,Medium,Yes,1,High,Medium,Public,Neutral,2,No,College,Moderate,Male,68,16+ hours,4,70-79%,2,1+ sessions,Within 0-100
1387,28,82,Low,Medium,Yes,5,95,Medium,Yes,0,High,Low,Public,Neutral,3,No,High School,Near,Male,69,16+ hours,4,80-89%,3,No tutoring,Within 0-100
1388,29,100,High,High,Yes,8,89,Medium,Yes,2,Medium,Medium,Private,Neutral,3,No,High School,Moderate,Female,76,16+ hours,4,90-100%,4,1+ sessions,Within 0-100
1389,20,76,Low,Medium,Yes,5,95,Medium,Yes,4,Low,High,Public,Positive,3,No,High School,Near,Male,68,16+ hours,4,70-79%,2,1+ sessions,Within 0-100
1390,15,85,Medium,Medium,No,8,58,High,Yes,1,Low,Medium,Private,Negative,3,No,College,Near,Male,65,11-15 hours,3,80-89%,3,1+ sessions,Within 0-100
1391,23,75,Medium,Medium,Yes,8,87,Low,Yes,0,High,Low,Public,Positive,1,No,High School,Near,Female,66,16+ hours,4,70-79%,2,No tutoring,Within 0-100
1392,16,76,Medium,Low,No,7,88,High,Yes,0,Low,Medium,Public,Positive,2,No,Postgraduate,Near,Male,65,16+ hours,4,70-79%,2,No tutoring,Within 0-100
1393,32,88,Low,Medium,No,8,58,Low,Yes,3,Low,High,Private,Negative,3,No,High School,Moderate,Male,69,16+ hours,4,80-89%,3,1+ sessions,Within 0-100
1394,21,98,High,Medium,Yes,10,95,Medium,Yes,0,Medium,Medium,Public,Neutral,1,No,High School,Unknown,Male,71,16+ hours,4,90-100%,4,No tutoring,Within 0-100
1395,18,82,High,Low,Yes,8,50,Medium,Yes,1,High,Medium,Public,Positive,3,No,High School,Moderate,Male,66,16+ hours,4,80-89%,3,1+ sessions,Within 0-100
1396,21,91,Medium,High,No,5,72,Medium,Yes,3,Low,Medium,Public,Negative,3,Yes,High School,Near,Female,69,16+ hours,4,90-100%,4,1+ sessions,Within 0-100
1397,12,64,Medium,Medium,No,9,51,Low,No,2,Low,Medium,Public,Neutral,4,No,College,Near,Male,59,11-15 hours,3,60-69%,1,1+ sessions,Within 0-100
1398,14,68,Medium,High,No,7,76,Medium,Yes,2,High,Medium,Public,Positive,3,No,High School,Near,Male,65,11-15 hours,3,60-69%,1,1+ sessions,Within 0-100
1399,27,80,High,High,No,10,71,High,Yes,4,Low,Low,Public,Neutral,2,No,College,Near,Male,72,16+ hours,4,80-89%,3,1+ sessions,Within 0-100
1400,16,61,Medium,Low,Yes,6,81,Medium,Yes,0,Medium,Medium,Public,Negative,2,No,College,Unknown,Male,60,16+ hours,4,60-69%,1,No tutoring,Within 0-100
1401,14,70,Medium,Medium,Yes,9,88,Low,Yes,0,High,Medium,Private,Positive,4,No,College,Moderate,Female,64,11-15 hours,3,70-79%,2,No tutoring,Within 0-100
1402,23,81,Medium,Medium,No,7,88,Low,Yes,1,Low,Medium,Public,Positive,4,No,Postgraduate,Near,Male,69,16+ hours,4,80-89%,3,1+ sessions,Within 0-100
1403,27,61,High,High,Yes,10,86,Medium,Yes,3,Medium,High,Private,Positive,3,No,High School,Near,Female,70,16+ hours,4,60-69%,1,1+ sessions,Within 0-100
1404,24,71,Medium,High,Yes,7,55,Low,Yes,2,High,Medium,Public,Positive,3,No,College,Far,Male,67,16+ hours,4,70-79%,2,1+ sessions,Within 0-100
1405,26,81,Medium,Medium,No,10,71,Low,Yes,0,Medium,Medium,Private,Positive,5,Yes,High School,Near,Female,67,16+ hours,4,80-89%,3,No tutoring,Within 0-100
1406,15,83,Medium,Low,Yes,8,91,Medium,Yes,0,Low,Medium,Private,Neutral,3,No,College,Far,Male,64,11-15 hours,3,80-89%,3,No tutoring,Within 0-100
1407,11,97,Medium,Medium,Yes,8,83,Low,Yes,4,Medium,High,Private,Negative,2,No,High School,Far,Male,68,11-15 hours,3,90-100%,4,1+ sessions,Within 0-100
1408,29,86,Medium,High,No,10,84,Low,Yes,1,Low,High,Private,Positive,4,No,High School,Near,Female,72,16+ hours,4,80-89%,3,1+ sessions,Within 0-100
1409,18,77,Medium,High,Yes,6,61,Medium,Yes,1,Low,Medium,Private,Neutral,3,No,High School,Near,Female,65,16+ hours,4,70-79%,2,1+ sessions,Within 0-100
1410,18,97,Medium,High,No,8,66,Low,Yes,2,Medium,Medium,Public,Neutral,2,No,College,Moderate,Male,70,16+ hours,4,90-100%,4,1+ sessions,Within 0-100
1411,28,91,High,Medium,No,7,98,Low,Yes,2,Low,Medium,Private,Positive,5,No,Postgraduate,Near,Male,75,16+ hours,4,90-100%,4,1+ sessions,Within 0-100
1412,23,68,Low,Low,Yes,7,92,Medium,No,3,Low,High,Private,Neutral,4,No,High School,Near,Male,65,16+ hours,4,60-69%,1,1+ sessions,Within 0-100
1413,23,65,Medium,High,Yes,7,58,Low,Yes,1,Low,Medium,Public,Neutral,3,Yes,College,Moderate,Female,63,16+ hours,4,60-69%,1,1+ sessions,Within 0-100
1414,33,87,Medium,High,No,8,77,Low,Yes,0,Low,Medium,Private,Positive,3,Yes,High School,Near,Male,71,16+ hours,4,80-89%,3,No tutoring,Within 0-100
1415,16,82,Medium,Low,Yes,8,75,Medium,Yes,2,Medium,Medium,Public,Positive,2,No,College,Near,Female,66,16+ hours,4,80-89%,3,1+ sessions,Within 0-100
1416,26,92,Medium,Low,Yes,6,72,Medium,Yes,1,Low,Medium,Private,Neutral,3,No,High School,Moderate,Female,69,16+ hours,4,90-100%,4,1+ sessions,Within 0-100
1417,20,90,High,Medium,No,7,74,Low,No,0,High,Low,Private,Positive,3,No,Postgraduate,Moderate,Female,68,16+ hours,4,90-100%,4,No tutoring,Within 0-100
1418,22,85,Medium,High,No,4,82,Medium,Yes,1,Medium,High,Public,Positive,2,No,Postgraduate,Near,Male,71,16+ hours,4,80-89%,3,1+ sessions,Within 0-100
1419,29,99,High,Medium,Yes,8,98,High,No,5,Low,Low,Public,Neutral,2,No,Postgraduate,Near,Male,77,16+ hours,4,90-100%,4,1+ sessions,Within 0-100
1420,23,81,High,Low,Yes,10,94,High,Yes,1,Medium,High,Public,Neutral,2,No,College,Near,Female,70,16+ hours,4,80-89%,3,1+ sessions,Within 0-100
1421,23,65,Medium,Medium,No,7,94,Medium,Yes,1,High,Medium,Public,Negative,3,No,College,Near,Female,66,16+ hours,4,60-69%,1,1+ sessions,Within 0-100
1422,26,93,High,Medium,No,5,85,Low,Yes,1,High,High,Public,Positive,3,No,College,Moderate,Female,73,16+ hours,4,90-100%,4,1+ sessions,Within 0-100
1423,18,70,Medium,Medium,Yes,8,51,Medium,Yes,1,Low,Medium,Private,Negative,3,No,College,Moderate,Male,62,16+ hours,4,70-79%,2,1+ sessions,Within 0-100
1424,15,91,Medium,Medium,No,6,72,Low,Yes,0,Medium,Medium,Public,Neutral,2,No,High School,Moderate,Female,65,11-15 hours,3,90-100%,4,No tutoring,Within 0-100
1425,14,98,High,High,Yes,7,76,Medium,Yes,0,Low,Medium,Public,Neutral,2,No,Postgraduate,Near,Male,71,11-15 hours,3,90-100%,4,No tutoring,Within 0-100
1426,8,88,Medium,Medium,Yes,8,92,High,Yes,1,Low,Medium,Public,Negative,4,No,College,Near,Male,66,6-10 hours,2,80-89%,3,1+ sessions,Within 0-100
1427,32,84,Low,Medium,Yes,8,96,Medium,Yes,1,Low,Medium,Public,Positive,3,No,High School,Near,Female,72,16+ hours,4,80-89%,3,1+ sessions,Within 0-100
1428,13,78,Medium,Medium,Yes,9,73,Medium,Yes,0,Medium,High,Private,Negative,4,No,High School,Near,Male,64,11-15 hours,3,70-79%,2,No tutoring,Within 0-100
1429,19,75,Medium,Medium,No,7,65,Low,Yes,0,Low,Low,Private,Neutral,4,No,High School,Near,Female,63,16+ hours,4,70-79%,2,No tutoring,Within 0-100
1430,18,74,Low,Medium,Yes,7,67,Low,Yes,0,Low,Medium,Public,Positive,3,No,High School,Near,Male,63,16+ hours,4,70-79%,2,No tutoring,Within 0-100
1431,22,85,High,Medium,No,8,79,High,Yes,5,Medium,High,Public,Neutral,2,No,High School,Near,Female,72,16+ hours,4,80-89%,3,1+ sessions,Within 0-100
1432,25,90,Medium,Medium,Yes,7,64,Medium,Yes,2,Medium,High,Public,Positive,2,No,High School,Moderate,Male,71,16+ hours,4,90-100%,4,1+ sessions,Within 0-100
1433,25,87,High,High,Yes,6,96,Low,No,3,Medium,Medium,Public,Positive,2,No,High School,Moderate,Female,72,16+ hours,4,80-89%,3,1+ sessions,Within 0-100
1434,17,68,Medium,High,Yes,8,71,Medium,Yes,1,Medium,High,Private,Neutral,2,No,High School,Near,Male,65,16+ hours,4,60-69%,1,1+ sessions,Within 0-100
1435,19,80,Medium,Medium,Yes,5,100,Medium,Yes,0,Medium,Medium,Public,Neutral,3,No,High School,Near,Female,67,16+ hours,4,80-89%,3,No tutoring,Within 0-100
1436,22,92,Low,High,Yes,7,55,Low,Yes,1,Low,Medium,Public,Positive,4,No,High School,Moderate,Female,68,16+ hours,4,90-100%,4,1+ sessions,Within 0-100
1437,19,79,Medium,High,Yes,5,59,Medium,Yes,2,Low,Medium,Private,Neutral,2,No,Postgraduate,Far,Male,66,16+ hours,4,70-79%,2,1+ sessions,Within 0-100
1438,30,81,Medium,High,No,6,76,Medium,Yes,0,High,Medium,Public,Positive,3,No,Postgraduate,Near,Male,72,16+ hours,4,80-89%,3,No tutoring,Within 0-100
1439,23,91,High,Medium,No,6,93,Medium,Yes,3,Low,Low,Public,Neutral,3,No,High School,Moderate,Female,71,16+ hours,4,90-100%,4,1+ sessions,Within 0-100
1440,24,86,Medium,High,No,6,68,Low,Yes,3,Low,High,Public,Positive,3,Yes,College,Moderate,Female,70,16+ hours,4,80-89%,3,1+ sessions,Within 0-100
1441,24,76,Medium,Medium,No,9,92,Medium,Yes,1,Medium,Low,Public,Neutral,3,No,Postgraduate,Near,Female,68,16+ hours,4,70-79%,2,1+ sessions,Within 0-100
1442,27,96,Medium,High,No,9,71,Low,Yes,0,Low,Medium,Private,Positive,4,No,College,Near,Female,72,16+ hours,4,90-100%,4,No tutoring,Within 0-100
1443,21,67,Low,Medium,Yes,9,93,High,Yes,1,Low,High,Public,Neutral,3,No,College,Near,Male,66,16+ hours,4,60-69%,1,1+ sessions,Within 0-100
1444,12,100,Medium,Medium,No,7,64,Medium,Yes,1,Medium,High,Public,Positive,6,No,High School,Near,Male,69,11-15 hours,3,90-100%,4,1+ sessions,Within 0-100
1445,22,65,Low,Medium,Yes,6,74,High,Yes,2,Medium,Medium,Public,Positive,1,No,College,Near,Male,65,16+ hours,4,60-69%,1,1+ sessions,Within 0-100
1446,16,61,High,High,No,8,64,Medium,Yes,1,Low,High,Public,Positive,3,No,High School,Far,Male,62,16+ hours,4,60-69%,1,1+ sessions,Within 0-100
1447,17,96,High,High,No,7,61,Low,Yes,1,Low,High,Public,Positive,1,No,College,Moderate,Female,69,16+ hours,4,90-100%,4,1+ sessions,Within 0-100
1448,24,70,Medium,Medium,Yes,7,71,Medium,Yes,1,Medium,Low,Public,Negative,4,No,High School,Near,Male,65,16+ hours,4,70-79%,2,1+ sessions,Within 0-100
1449,27,89,Medium,Low,No,4,67,Medium,Yes,2,Low,Low,Private,Neutral,4,No,College,Near,Female,69,16+ hours,4,80-89%,3,1+ sessions,Within 0-100
1450,20,92,Low,High,Yes,8,89,Medium,Yes,1,Low,Medium,Public,Neutral,3,No,High School,Moderate,Female,69,16+ hours,4,90-100%,4,1+ sessions,Within 0-100
1451,22,94,High,Medium,Yes,8,87,Medium,Yes,2,Low,Unknown,Private,Neutral,5,No,College,Near,Female,73,16+ hours,4,90-100%,4,1+ sessions,Within 0-100
1452,30,100,High,Medium,Yes,7,68,Low,Yes,2,Medium,Medium,Private,Neutral,2,No,Postgraduate,Near,Female,75,16+ hours,4,90-100%,4,1+ sessions,Within 0-100
1453,21,72,High,High,Yes,8,100,Medium,Yes,3,Low,High,Private,Positive,3,No,College,Far,Male,70,16+ hours,4,70-79%,2,1+ sessions,Within 0-100
1454,36,88,Medium,High,No,8,99,High,Yes,0,Low,Medium,Private,Negative,3,No,College,Near,Female,74,16+ hours,4,80-89%,3,No tutoring,Within 0-100
1455,23,65,Medium,Medium,Yes,6,96,Medium,Yes,0,Low,Low,Public,Positive,3,No,High School,Near,Male,65,16+ hours,4,60-69%,1,No tutoring,Within 0-100
1456,9,76,Medium,Medium,No,7,79,Medium,Yes,1,Medium,Medium,Public,Negative,3,No,College,Near,Male,63,6-10 hours,2,70-79%,2,1+ sessions,Within 0-100
1457,25,94,High,High,No,5,71,Low,Yes,4,Medium,High,Public,Negative,4,No,College,Near,Female,74,16+ hours,4,90-100%,4,1+ sessions,Within 0-100
1458,22,75,High,High,Yes,9,66,Low,Yes,0,Low,Medium,Private,Neutral,2,No,Postgraduate,Near,Male,67,16+ hours,4,70-79%,2,No tutoring,Within 0-100
1459,28,84,Medium,Medium,Yes,8,51,Medium,No,3,Medium,Medium,Public,Positive,4,No,Postgraduate,Near,Female,71,16+ hours,4,80-89%,3,1+ sessions,Within 0-100
1460,24,80,High,Low,Yes,6,82,Medium,Yes,1,Low,High,Public,Neutral,3,No,College,Moderate,Female,68,16+ hours,4,80-89%,3,1+ sessions,Within 0-100
1461,19,86,High,Medium,No,8,78,Medium,Yes,2,Medium,Medium,Public,Negative,4,No,College,Near,Female,69,16+ hours,4,80-89%,3,1+ sessions,Within 0-100
1462,13,99,Medium,High,No,7,81,Medium,Yes,0,Medium,Medium,Public,Positive,4,No,Postgraduate,Near,Male,71,11-15 hours,3,90-100%,4,No tutoring,Within 0-100
1463,19,62,High,Medium,Yes,6,79,Low,Yes,7,Medium,Medium,Public,Neutral,2,No,High School,Near,Female,66,16+ hours,4,60-69%,1,1+ sessions,Within 0-100
1464,15,83,Medium,Medium,Yes,7,57,Low,Yes,0,Medium,Medium,Private,Positive,3,No,Postgraduate,Near,Male,65,11-15 hours,3,80-89%,3,No tutoring,Within 0-100
1465,17,95,Medium,Low,Yes,8,85,Low,No,1,Low,High,Private,Negative,2,No,College,Moderate,Female,66,16+ hours,4,90-100%,4,1+ sessions,Within 0-100
1466,24,79,Low,Low,Yes,8,68,High,Yes,2,Low,Medium,Private,Negative,2,No,High School,Near,Male,65,16+ hours,4,70-79%,2,1+ sessions,Within 0-100
1467,30,63,Medium,Medium,No,10,76,Medium,Yes,1,Medium,Medium,Public,Neutral,4,No,Postgraduate,Moderate,Female,67,16+ hours,4,60-69%,1,1+ sessions,Within 0-100
1468,22,82,High,Medium,No,7,68,High,Yes,2,Low,Medium,Private,Neutral,4,No,Postgraduate,Near,Male,70,16+ hours,4,80-89%,3,1+ sessions,Within 0-100
1469,13,73,Medium,Medium,Yes,7,51,Medium,Yes,1,Low,Medium,Public,Positive,4,No,Postgraduate,Near,Male,63,11-15 hours,3,70-79%,2,1+ sessions,Within 0-100
1470,23,66,Low,Low,No,8,94,Low,Yes,1,Medium,High,Private,Neutral,3,No,Postgraduate,Moderate,Male,64,16+ hours,4,60-69%,1,1+ sessions,Within 0-100
1471,27,94,Medium,Medium,Yes,7,57,Medium,Yes,1,Medium,Medium,Private,Neutral,1,No,High School,Near,Male,71,16+ hours,4,90-100%,4,1+ sessions,Within 0-100
1472,16,81,Medium,High,Yes,6,79,Medium,Yes,2,Low,High,Public,Positive,3,No,College,Moderate,Female,68,16+ hours,4,80-89%,3,1+ sessions,Within 0-100
1473,19,97,Medium,Low,No,6,94,Medium,Yes,2,High,Medium,Public,Neutral,4,No,Postgraduate,Near,Male,72,16+ hours,4,90-100%,4,1+ sessions,Within 0-100
1474,20,92,Medium,High,Yes,4,61,Medium,Yes,2,High,Medium,Public,Neutral,4,No,College,Near,Male,71,16+ hours,4,90-100%,4,1+ sessions,Within 0-100
1475,15,88,Low,Low,Yes,8,71,Medium,No,1,Low,Low,Private,Positive,2,No,Postgraduate,Moderate,Male,64,11-15 hours,3,80-89%,3,1+ sessions,Within 0-100
1476,24,60,High,Low,Yes,5,69,Medium,Yes,1,Medium,High,Public,Neutral,5,No,High School,Moderate,Male,64,16+ hours,4,60-69%,1,1+ sessions,Within 0-100
1477,19,77,High,Medium,Yes,6,54,Low,Yes,3,High,Medium,Private,Negative,2,No,College,Moderate,Male,66,16+ hours,4,70-79%,2,1+ sessions,Within 0-100
1478,23,68,Medium,High,Yes,7,71,High,Yes,3,Medium,Unknown,Public,Positive,3,No,High School,Moderate,Female,68,16+ hours,4,60-69%,1,1+ sessions,Within 0-100
1479,15,96,High,Medium,No,7,74,Medium,Yes,2,Low,Low,Private,Positive,2,No,High School,Far,Male,68,11-15 hours,3,90-100%,4,1+ sessions,Within 0-100
1480,17,67,High,Medium,Yes,10,51,Medium,Yes,3,Low,Medium,Public,Positive,5,No,High School,Near,Male,65,16+ hours,4,60-69%,1,1+ sessions,Within 0-100
1481,24,71,Medium,Medium,Yes,5,74,Medium,Yes,1,Medium,Medium,Private,Positive,3,No,High School,Near,Male,67,16+ hours,4,70-79%,2,1+ sessions,Within 0-100
1482,18,81,Medium,Low,Yes,10,55,Low,Yes,3,Low,Medium,Public,Negative,2,No,High School,Near,Male,64,16+ hours,4,80-89%,3,1+ sessions,Within 0-100
1483,30,71,High,Medium,Yes,9,95,High,No,1,Medium,Medium,Public,Neutral,4,No,College,Near,Male,70,16+ hours,4,70-79%,2,1+ sessions,Within 0-100
1484,18,68,Medium,High,Yes,8,83,Low,Yes,1,Low,Medium,Public,Positive,2,No,College,Near,Male,65,16+ hours,4,60-69%,1,1+ sessions,Within 0-100
1485,21,84,Medium,Low,No,9,53,Low,Yes,2,Medium,High,Public,Negative,3,No,High School,Moderate,Female,65,16+ hours,4,80-89%,3,1+ sessions,Within 0-100
1486,26,64,High,Medium,No,8,91,High,Yes,1,Medium,Medium,Public,Positive,4,No,High School,Near,Male,68,16+ hours,4,60-69%,1,1+ sessions,Within 0-100
1487,11,62,Medium,High,Yes,4,68,Medium,Yes,2,High,Medium,Public,Negative,3,No,High School,Moderate,Male,61,11-15 hours,3,60-69%,1,1+ sessions,Within 0-100
1488,9,75,High,Low,No,8,61,High,Yes,3,Medium,Unknown,Public,Neutral,3,No,High School,Near,Male,63,6-10 hours,2,70-79%,2,1+ sessions,Within 0-100
1489,11,89,Medium,Medium,Yes,5,63,Medium,Yes,0,Medium,Medium,Public,Neutral,2,No,College,Near,Female,65,11-15 hours,3,80-89%,3,No tutoring,Within 0-100
1490,28,82,Medium,Medium,Yes,6,80,Medium,Yes,1,Low,Medium,Private,Neutral,5,No,High School,Far,Female,69,16+ hours,4,80-89%,3,1+ sessions,Within 0-100
1491,17,77,Medium,Medium,No,7,54,Low,Yes,1,Low,High,Public,Positive,2,No,College,Near,Male,64,16+ hours,4,70-79%,2,1+ sessions,Within 0-100
1492,35,83,Medium,Low,No,6,53,Medium,Yes,1,Low,Medium,Private,Neutral,2,No,High School,Near,Female,69,16+ hours,4,80-89%,3,1+ sessions,Within 0-100
1493,17,75,High,Medium,Yes,8,81,Low,Yes,3,High,Medium,Public,Neutral,3,Yes,Postgraduate,Near,Male,67,16+ hours,4,70-79%,2,1+ sessions,Within 0-100
1494,21,97,Medium,High,Yes,7,99,High,Yes,1,Medium,High,Public,Neutral,1,No,Postgraduate,Moderate,Male,74,16+ hours,4,90-100%,4,1+ sessions,Within 0-100
1495,29,62,High,Medium,Yes,8,74,Medium,Yes,1,Low,Medium,Private,Negative,3,Yes,College,Near,Male,66,16+ hours,4,60-69%,1,1+ sessions,Within 0-100
1496,32,87,Medium,High,Yes,7,71,Medium,Yes,0,High,Low,Public,Neutral,4,Yes,College,Near,Male,72,16+ hours,4,80-89%,3,No tutoring,Within 0-100
1497,32,96,Medium,Low,Yes,7,97,Low,Yes,1,Low,Medium,Public,Neutral,5,No,College,Moderate,Male,73,16+ hours,4,90-100%,4,1+ sessions,Within 0-100
1498,27,92,High,Medium,No,6,62,High,Yes,0,Medium,High,Public,Positive,4,No,College,Near,Male,73,16+ hours,4,90-100%,4,No tutoring,Within 0-100
1499,26,67,Low,Medium,Yes,5,62,High,Yes,0,Medium,Medium,Public,Negative,2,No,High School,Moderate,Male,63,16+ hours,4,60-69%,1,No tutoring,Within 0-100
1500,24,72,High,Medium,Yes,7,95,Medium,Yes,3,Low,Medium,Public,Negative,2,No,Postgraduate,Near,Male,69,16+ hours,4,70-79%,2,1+ sessions,Within 0-100
1501,25,89,Low,Low,Yes,6,82,High,Yes,2,Low,Medium,Public,Neutral,6,No,Postgraduate,Near,Male,71,16+ hours,4,80-89%,3,1+ sessions,Within 0-100
1502,17,63,High,Medium,No,9,53,High,Yes,1,Low,High,Public,Neutral,4,No,College,Moderate,Male,63,16+ hours,4,60-69%,1,1+ sessions,Within 0-100
1503,15,92,Medium,High,Yes,5,84,Medium,Yes,0,High,Low,Public,Positive,5,No,High School,Moderate,Female,69,11-15 hours,3,90-100%,4,No tutoring,Within 0-100
1504,20,89,High,High,Yes,10,91,Low,Yes,3,Medium,Medium,Private,Neutral,3,No,College,Moderate,Male,72,16+ hours,4,80-89%,3,1+ sessions,Within 0-100
1505,19,89,High,Low,Yes,7,64,Medium,Yes,2,Low,Medium,Public,Positive,4,Yes,Postgraduate,Moderate,Female,68,16+ hours,4,80-89%,3,1+ sessions,Within 0-100
1506,17,64,Low,High,No,7,69,Medium,Yes,1,Medium,Medium,Public,Negative,3,No,High School,Near,Female,62,16+ hours,4,60-69%,1,1+ sessions,Within 0-100
1507,24,89,Low,High,Yes,6,60,Medium,Yes,1,Low,Medium,Private,Neutral,2,No,High School,Near,Male,68,16+ hours,4,80-89%,3,1+ sessions,Within 0-100
1508,26,87,Medium,Medium,Yes,8,82,High,Yes,1,Low,Medium,Public,Negative,2,No,Postgraduate,Near,Male,71,16+ hours,4,80-89%,3,1+ sessions,Within 0-100
1509,21,93,Medium,Low,Yes,7,83,Low,No,1,High,High,Public,Neutral,3,Yes,High School,Moderate,Male,67,16+ hours,4,90-100%,4,1+ sessions,Within 0-100
1510,29,62,Low,High,Yes,7,53,High,Yes,0,Low,Medium,Private,Positive,3,No,College,Moderate,Female,65,16+ hours,4,60-69%,1,No tutoring,Within 0-100
1511,13,61,Low,Medium,Yes,8,84,High,No,1,Medium,High,Public,Neutral,3,Yes,Postgraduate,Far,Male,60,11-15 hours,3,60-69%,1,1+ sessions,Within 0-100
1512,19,75,Medium,High,Yes,8,83,High,Yes,2,High,Medium,Public,Neutral,2,No,High School,Near,Male,68,16+ hours,4,70-79%,2,1+ sessions,Within 0-100
1513,16,66,Low,Medium,Yes,9,52,Medium,Yes,1,Medium,Low,Public,Negative,3,Yes,High School,Near,Male,59,16+ hours,4,60-69%,1,1+ sessions,Within 0-100
1514,9,82,High,Medium,No,8,78,Medium,Yes,0,High,Medium,Public,Neutral,0,No,Unknown,Moderate,Female,64,6-10 hours,2,80-89%,3,No tutoring,Within 0-100
1515,20,97,High,Medium,Yes,6,81,High,Yes,2,Low,Low,Public,Neutral,3,No,High School,Moderate,Male,71,16+ hours,4,90-100%,4,1+ sessions,Within 0-100
1516,19,76,High,High,No,4,72,Low,Yes,2,High,Unknown,Public,Neutral,2,No,College,Moderate,Female,68,16+ hours,4,70-79%,2,1+ sessions,Within 0-100
1517,29,94,Low,Medium,Yes,7,95,Medium,No,2,Low,Medium,Public,Neutral,3,Yes,College,Moderate,Male,70,16+ hours,4,90-100%,4,1+ sessions,Within 0-100
1518,24,60,Low,Low,No,7,66,Medium,Yes,1,Medium,High,Public,Neutral,4,No,College,Near,Female,62,16+ hours,4,60-69%,1,1+ sessions,Within 0-100
1519,14,67,Medium,Medium,No,10,53,Medium,Yes,2,High,Medium,Public,Neutral,3,No,College,Near,Male,62,11-15 hours,3,60-69%,1,1+ sessions,Within 0-100
1520,31,61,High,Medium,No,7,84,Medium,Yes,2,Medium,Medium,Private,Neutral,3,No,High School,Near,Male,68,16+ hours,4,60-69%,1,1+ sessions,Within 0-100
1521,27,73,Medium,Medium,No,8,80,Low,Yes,3,Medium,Medium,Private,Negative,3,No,High School,Near,Female,68,16+ hours,4,70-79%,2,1+ sessions,Within 0-100
1522,23,96,Medium,Medium,Yes,8,99,High,Yes,3,Low,Low,Public,Positive,4,No,High School,Near,Female,74,16+ hours,4,90-100%,4,1+ sessions,Within 0-100
1523,19,64,Low,Medium,No,8,62,Medium,Yes,0,High,Medium,Public,Positive,4,Yes,College,Near,Male,61,16+ hours,4,60-69%,1,No tutoring,Within 0-100
1524,14,84,Medium,Medium,Yes,8,70,Medium,Yes,1,Low,High,Public,Neutral,5,No,College,Near,Male,67,11-15 hours,3,80-89%,3,1+ sessions,Within 0-100
1525,18,78,Medium,Low,No,6,73,Medium,Yes,1,High,High,Public,Positive,2,No,High School,Moderate,Female,65,16+ hours,4,70-79%,2,1+ sessions,Within 0-100
1526,27,98,Low,Medium,Yes,6,93,Low,No,5,High,High,Public,Positive,3,No,High School,Moderate,Female,101,16+ hours,4,90-100%,4,1+ sessions,Above 100
1527,31,65,Medium,Low,Yes,7,71,Medium,Yes,1,Low,Medium,Public,Neutral,4,No,High School,Moderate,Male,65,16+ hours,4,60-69%,1,1+ sessions,Within 0-100
1528,29,68,Medium,Medium,No,4,89,Medium,Yes,0,Medium,Medium,Private,Neutral,4,Yes,College,Near,Male,67,16+ hours,4,60-69%,1,No tutoring,Within 0-100
1529,17,61,Medium,High,Yes,7,58,Low,Yes,2,Low,Medium,Public,Positive,3,Yes,High School,Near,Female,61,16+ hours,4,60-69%,1,1+ sessions,Within 0-100
1530,13,77,Medium,Medium,No,6,70,Medium,Yes,3,Medium,High,Public,Neutral,4,Yes,High School,Near,Male,64,11-15 hours,3,70-79%,2,1+ sessions,Within 0-100
1531,21,71,High,Low,No,7,58,High,Yes,1,Medium,High,Public,Positive,3,Yes,College,Far,Female,64,16+ hours,4,70-79%,2,1+ sessions,Within 0-100
1532,9,95,Medium,Medium,Yes,7,97,Medium,Yes,1,Low,Low,Public,Neutral,2,No,College,Near,Male,67,6-10 hours,2,90-100%,4,1+ sessions,Within 0-100
1533,22,84,Medium,Medium,Yes,5,59,Medium,Yes,0,High,High,Private,Positive,3,No,College,Near,Female,69,16+ hours,4,80-89%,3,No tutoring,Within 0-100
1534,19,85,High,Medium,Yes,9,71,Low,Yes,1,Medium,High,Public,Positive,2,No,Postgraduate,Moderate,Female,69,16+ hours,4,80-89%,3,1+ sessions,Within 0-100
1535,17,81,High,Medium,No,7,54,Medium,Yes,4,Low,Medium,Public,Positive,3,No,High School,Near,Female,67,16+ hours,4,80-89%,3,1+ sessions,Within 0-100
1536,10,64,Medium,High,No,8,96,Medium,Yes,1,Medium,Medium,Public,Neutral,3,No,High School,Moderate,Male,62,6-10 hours,2,60-69%,1,1+ sessions,Within 0-100
1537,23,78,Low,High,No,7,81,Medium,Yes,0,Low,Medium,Private,Neutral,1,No,High School,Near,Male,66,16+ hours,4,70-79%,2,No tutoring,Within 0-100
1538,17,100,High,Medium,No,8,98,Low,Yes,0,Medium,High,Public,Positive,4,No,College,Near,Male,72,16+ hours,4,90-100%,4,No tutoring,Within 0-100
1539,13,93,Medium,Medium,Yes,5,52,Low,Yes,2,Medium,Medium,Public,Positive,3,No,College,Near,Female,67,11-15 hours,3,90-100%,4,1+ sessions,Within 0-100
1540,3,96,High,High,Yes,9,59,Medium,Yes,2,Low,Medium,Public,Negative,3,No,College,Moderate,Female,66,1-5 hours,1,90-100%,4,1+ sessions,Within 0-100
1541,20,93,Low,Low,Yes,8,69,Medium,Yes,2,Low,Medium,Public,Neutral,4,No,High School,Moderate,Male,67,16+ hours,4,90-100%,4,1+ sessions,Within 0-100
1542,31,64,High,Low,Yes,7,81,Low,Yes,1,Medium,Medium,Public,Positive,4,No,High School,Near,Female,67,16+ hours,4,60-69%,1,1+ sessions,Within 0-100
1543,30,69,Medium,Medium,Yes,7,66,Medium,Yes,0,Medium,Low,Public,Positive,4,No,Postgraduate,Near,Female,68,16+ hours,4,60-69%,1,No tutoring,Within 0-100
1544,17,60,High,Medium,Yes,9,86,Medium,Yes,0,Low,High,Public,Positive,2,No,High School,Near,Male,63,16+ hours,4,60-69%,1,No tutoring,Within 0-100
1545,16,72,Medium,High,No,6,58,Low,Yes,1,Medium,Medium,Public,Negative,2,No,High School,Far,Male,62,16+ hours,4,70-79%,2,1+ sessions,Within 0-100
1546,23,64,High,Medium,Yes,5,80,Low,Yes,3,Medium,High,Public,Negative,2,Yes,College,Moderate,Female,65,16+ hours,4,60-69%,1,1+ sessions,Within 0-100
1547,14,79,Medium,Medium,Yes,6,70,Medium,Yes,1,Low,Medium,Public,Positive,6,No,College,Moderate,Male,65,11-15 hours,3,70-79%,2,1+ sessions,Within 0-100
1548,22,87,Medium,High,Yes,7,75,Medium,Yes,0,Medium,High,Public,Positive,2,Yes,College,Near,Female,70,16+ hours,4,80-89%,3,No tutoring,Within 0-100
1549,25,95,Low,Medium,No,7,78,Medium,Yes,7,Low,Medium,Public,Positive,4,No,High School,Near,Male,73,16+ hours,4,90-100%,4,1+ sessions,Within 0-100
1550,27,90,High,Medium,Yes,9,53,Medium,Yes,1,Medium,High,Public,Positive,2,No,Postgraduate,Near,Female,73,16+ hours,4,90-100%,4,1+ sessions,Within 0-100
1551,19,98,Medium,Low,Yes,6,96,Medium,No,2,Low,Medium,Private,Negative,2,No,High School,Moderate,Male,68,16+ hours,4,90-100%,4,1+ sessions,Within 0-100
1552,19,62,Medium,Low,No,6,89,High,Yes,3,Medium,Medium,Public,Positive,1,No,High School,Moderate,Male,63,16+ hours,4,60-69%,1,1+ sessions,Within 0-100
1553,15,60,Medium,Low,Yes,5,72,High,Yes,2,High,High,Public,Positive,2,No,High School,Near,Male,62,11-15 hours,3,60-69%,1,1+ sessions,Within 0-100
1554,15,86,High,Medium,Yes,8,77,Medium,Yes,0,Medium,Medium,Public,Positive,3,No,Postgraduate,Near,Male,69,11-15 hours,3,80-89%,3,No tutoring,Within 0-100
1555,19,72,Medium,High,No,5,52,Medium,Yes,2,Medium,Medium,Public,Neutral,3,No,Postgraduate,Near,Male,66,16+ hours,4,70-79%,2,1+ sessions,Within 0-100
1556,22,70,Medium,High,Yes,8,75,High,Yes,0,Medium,Medium,Private,Positive,3,No,Postgraduate,Near,Male,68,16+ hours,4,70-79%,2,No tutoring,Within 0-100
1557,25,73,High,Medium,Yes,6,71,Low,Yes,0,Low,Medium,Private,Positive,3,No,College,Far,Female,67,16+ hours,4,70-79%,2,No tutoring,Within 0-100
1558,15,71,High,High,Yes,6,69,Low,Yes,2,Low,High,Private,Negative,4,No,College,Near,Female,65,11-15 hours,3,70-79%,2,1+ sessions,Within 0-100
1559,29,80,Low,Medium,Yes,10,91,High,No,1,High,Medium,Public,Positive,3,No,College,Moderate,Male,70,16+ hours,4,80-89%,3,1+ sessions,Within 0-100
1560,18,78,Low,Medium,Yes,9,59,High,No,0,High,High,Private,Positive,1,No,High School,Moderate,Female,64,16+ hours,4,70-79%,2,No tutoring,Within 0-100
1561,20,80,Low,Low,Yes,7,59,High,Yes,2,Medium,High,Private,Neutral,3,No,High School,Moderate,Male,65,16+ hours,4,80-89%,3,1+ sessions,Within 0-100
1562,16,87,Medium,Medium,No,5,76,High,Yes,1,Low,High,Private,Neutral,2,No,Postgraduate,Far,Female,67,16+ hours,4,80-89%,3,1+ sessions,Within 0-100
1563,5,75,Medium,Low,Yes,10,84,Medium,Yes,0,High,Medium,Private,Neutral,4,No,Postgraduate,Moderate,Female,62,1-5 hours,1,70-79%,2,No tutoring,Within 0-100
1564,25,70,Medium,Medium,Yes,7,51,High,Yes,3,Low,Medium,Public,Positive,4,No,High School,Moderate,Male,66,16+ hours,4,70-79%,2,1+ sessions,Within 0-100
1565,24,67,High,High,Yes,7,77,Low,Yes,0,High,Medium,Public,Positive,2,No,College,Near,Female,68,16+ hours,4,60-69%,1,No tutoring,Within 0-100
1566,18,74,Medium,Low,No,8,65,High,Yes,0,Medium,High,Public,Positive,4,No,College,Moderate,Female,64,16+ hours,4,70-79%,2,No tutoring,Within 0-100
1567,20,90,High,Low,No,4,88,Medium,Yes,3,Low,Medium,Public,Negative,3,No,High School,Moderate,Male,69,16+ hours,4,90-100%,4,1+ sessions,Within 0-100
1568,23,90,Medium,Medium,Yes,6,73,Low,No,1,High,Medium,Private,Positive,2,No,High School,Near,Female,69,16+ hours,4,90-100%,4,1+ sessions,Within 0-100
1569,11,87,Medium,Medium,Yes,7,92,Medium,Yes,1,Medium,Medium,Public,Positive,5,No,High School,Moderate,Female,67,11-15 hours,3,80-89%,3,1+ sessions,Within 0-100
1570,17,69,Medium,Medium,Yes,7,70,Low,Yes,0,Low,High,Public,Neutral,3,Yes,College,Moderate,Male,61,16+ hours,4,60-69%,1,No tutoring,Within 0-100
1571,25,84,High,Medium,Yes,5,91,Low,Yes,1,Medium,Medium,Public,Positive,4,Yes,Postgraduate,Moderate,Female,70,16+ hours,4,80-89%,3,1+ sessions,Within 0-100
1572,12,83,Low,Medium,Yes,7,86,Low,Yes,1,High,Medium,Public,Negative,4,No,College,Near,Female,65,11-15 hours,3,80-89%,3,1+ sessions,Within 0-100
1573,22,79,Medium,Medium,Yes,7,91,Low,Yes,0,Low,Medium,Public,Positive,4,Yes,College,Moderate,Male,66,16+ hours,4,70-79%,2,No tutoring,Within 0-100
1574,12,82,Low,Medium,Yes,10,91,Medium,Yes,3,Low,Medium,Public,Negative,3,No,Postgraduate,Near,Male,66,11-15 hours,3,80-89%,3,1+ sessions,Within 0-100
1575,23,80,Medium,High,Yes,9,74,Medium,Yes,4,Medium,Medium,Public,Negative,3,No,High School,Moderate,Male,69,16+ hours,4,80-89%,3,1+ sessions,Within 0-100
1576,20,83,Medium,Medium,Yes,7,68,High,Yes,1,Medium,Medium,Public,Positive,1,No,High School,Near,Female,67,16+ hours,4,80-89%,3,1+ sessions,Within 0-100
1577,10,89,High,High,Yes,7,88,Medium,Yes,2,High,Medium,Private,Positive,2,No,Postgraduate,Near,Female,71,6-10 hours,2,80-89%,3,1+ sessions,Within 0-100
1578,27,64,High,High,Yes,9,68,High,Yes,1,Low,High,Private,Neutral,4,No,High School,Near,Male,68,16+ hours,4,60-69%,1,1+ sessions,Within 0-100
1579,16,90,Medium,Medium,No,7,54,High,No,2,Medium,Medium,Public,Positive,3,No,High School,Near,Female,67,16+ hours,4,90-100%,4,1+ sessions,Within 0-100
1580,15,65,High,Medium,No,5,93,Low,Yes,2,Low,Medium,Public,Neutral,4,Yes,High School,Near,Female,63,11-15 hours,3,60-69%,1,1+ sessions,Within 0-100
1581,21,63,Medium,Medium,No,10,70,Low,Yes,1,High,High,Private,Positive,2,No,College,Near,Female,64,16+ hours,4,60-69%,1,1+ sessions,Within 0-100
1582,27,99,High,Medium,Yes,6,57,Medium,Yes,3,Low,Medium,Public,Neutral,3,No,College,Moderate,Male,73,16+ hours,4,90-100%,4,1+ sessions,Within 0-100
1583,14,98,Medium,Medium,Yes,10,82,High,Yes,1,Low,Medium,Private,Positive,3,No,High School,Moderate,Male,69,11-15 hours,3,90-100%,4,1+ sessions,Within 0-100
1584,20,62,High,Low,No,8,94,High,Yes,1,Medium,Medium,Public,Positive,3,No,High School,Near,Female,65,16+ hours,4,60-69%,1,1+ sessions,Within 0-100
1585,23,78,High,Low,Yes,6,93,Medium,Yes,0,Medium,High,Private,Positive,5,No,Postgraduate,Near,Male,70,16+ hours,4,70-79%,2,No tutoring,Within 0-100
1586,24,67,High,Medium,Yes,4,78,Low,Yes,1,Low,High,Public,Positive,2,No,High School,Near,Female,67,16+ hours,4,60-69%,1,1+ sessions,Within 0-100
1587,21,79,Medium,Low,Yes,8,54,High,Yes,3,Low,Medium,Public,Positive,3,No,Postgraduate,Moderate,Female,67,16+ hours,4,70-79%,2,1+ sessions,Within 0-100
1588,18,93,Medium,High,Yes,5,85,Medium,Yes,0,Low,Medium,Public,Positive,3,No,High School,Near,Male,70,16+ hours,4,90-100%,4,No tutoring,Within 0-100
1589,15,98,High,Low,No,8,80,Low,No,2,High,High,Public,Negative,2,No,Postgraduate,Near,Female,69,11-15 hours,3,90-100%,4,1+ sessions,Within 0-100
1590,21,85,High,Medium,No,10,61,High,Yes,2,Medium,Medium,Public,Neutral,2,Yes,High School,Near,Male,68,16+ hours,4,80-89%,3,1+ sessions,Within 0-100
1591,14,74,Medium,High,No,5,95,High,Yes,1,Low,High,Public,Positive,3,Yes,College,Near,Male,66,11-15 hours,3,70-79%,2,1+ sessions,Within 0-100
1592,2,84,Low,High,No,8,54,Low,Yes,3,Low,Low,Public,Positive,4,No,Unknown,Near,Male,62,1-5 hours,1,80-89%,3,1+ sessions,Within 0-100
1593,23,72,Medium,Medium,Yes,6,69,Low,Yes,2,High,Medium,Public,Positive,4,No,High School,Near,Male,67,16+ hours,4,70-79%,2,1+ sessions,Within 0-100
1594,25,96,Medium,Low,Yes,9,55,High,Yes,2,Medium,High,Public,Neutral,4,No,High School,Moderate,Male,71,16+ hours,4,90-100%,4,1+ sessions,Within 0-100
1595,6,95,High,Medium,Yes,7,96,Medium,Yes,4,Low,Medium,Public,Neutral,2,No,High School,Moderate,Female,68,6-10 hours,2,90-100%,4,1+ sessions,Within 0-100
1596,14,82,High,Medium,Yes,7,52,High,Yes,3,Low,Medium,Public,Negative,2,No,High School,Near,Female,66,11-15 hours,3,80-89%,3,1+ sessions,Within 0-100
1597,24,73,Low,Medium,Yes,9,71,High,Yes,0,Low,Medium,Public,Neutral,3,No,High School,Moderate,Male,64,16+ hours,4,70-79%,2,No tutoring,Within 0-100
1598,32,72,High,Medium,Yes,8,93,Low,Yes,1,Low,Medium,Private,Neutral,4,No,Postgraduate,Near,Female,71,16+ hours,4,70-79%,2,1+ sessions,Within 0-100
1599,20,61,Low,Low,Yes,6,63,Medium,Yes,1,Medium,High,Public,Positive,4,No,College,Far,Male,61,16+ hours,4,60-69%,1,1+ sessions,Within 0-100
1600,16,93,Medium,High,No,10,55,Medium,No,2,Low,Medium,Public,Neutral,2,No,College,Near,Male,67,16+ hours,4,90-100%,4,1+ sessions,Within 0-100
1601,19,78,Medium,Low,Yes,5,56,Low,Yes,3,High,Medium,Public,Neutral,4,No,College,Moderate,Female,65,16+ hours,4,70-79%,2,1+ sessions,Within 0-100
1602,28,73,High,Medium,Yes,7,70,Low,No,0,Low,Medium,Private,Negative,6,No,College,Moderate,Female,66,16+ hours,4,70-79%,2,No tutoring,Within 0-100
1603,16,79,High,High,Yes,6,71,Medium,Yes,2,Low,High,Public,Neutral,4,No,High School,Near,Female,68,16+ hours,4,70-79%,2,1+ sessions,Within 0-100
1604,15,93,Medium,Medium,No,5,86,Medium,Yes,0,Low,Medium,Public,Neutral,2,No,College,Far,Male,66,11-15 hours,3,90-100%,4,No tutoring,Within 0-100
1605,17,65,Medium,Medium,No,5,62,Medium,Yes,2,Medium,Medium,Public,Positive,4,No,High School,Near,Female,63,16+ hours,4,60-69%,1,1+ sessions,Within 0-100
1606,14,94,Low,Low,Yes,7,85,Low,Yes,1,High,Medium,Public,Neutral,3,No,High School,Moderate,Female,66,11-15 hours,3,90-100%,4,1+ sessions,Within 0-100
1607,21,96,Medium,High,No,8,100,Medium,Yes,1,High,Medium,Private,Positive,2,No,College,Near,Female,73,16+ hours,4,90-100%,4,1+ sessions,Within 0-100
1608,30,98,Medium,Low,Yes,9,93,Medium,Yes,1,Low,Low,Private,Positive,3,No,High School,Near,Male,88,16+ hours,4,90-100%,4,1+ sessions,Within 0-100
1609,22,76,Medium,Medium,No,9,82,High,Yes,0,Medium,High,Private,Neutral,4,No,High School,Near,Male,67,16+ hours,4,70-79%,2,No tutoring,Within 0-100
1610,18,69,High,High,Yes,7,97,Medium,Yes,2,Medium,Medium,Public,Positive,2,No,College,Near,Female,69,16+ hours,4,60-69%,1,1+ sessions,Within 0-100
1611,18,75,Medium,Low,Yes,6,100,High,Yes,2,Low,Medium,Public,Positive,3,No,High School,Near,Female,67,16+ hours,4,70-79%,2,1+ sessions,Within 0-100
1612,11,73,Medium,High,Yes,9,79,Medium,Yes,1,Low,High,Public,Neutral,2,No,High School,Near,Male,64,11-15 hours,3,70-79%,2,1+ sessions,Within 0-100
1613,25,67,Medium,High,Yes,6,64,Medium,No,0,Low,Medium,Public,Neutral,2,No,High School,Moderate,Male,64,16+ hours,4,60-69%,1,No tutoring,Within 0-100
1614,20,84,Low,Medium,No,5,96,Low,Yes,1,Low,Medium,Public,Negative,2,No,High School,Near,Male,65,16+ hours,4,80-89%,3,1+ sessions,Within 0-100
1615,19,79,Medium,Medium,No,8,92,High,Yes,1,Medium,High,Public,Positive,2,No,High School,Near,Male,68,16+ hours,4,70-79%,2,1+ sessions,Within 0-100
1616,39,95,Medium,High,Yes,9,54,High,Yes,2,Medium,Medium,Private,Positive,3,No,High School,Moderate,Male,77,16+ hours,4,90-100%,4,1+ sessions,Within 0-100
1617,22,61,Medium,Medium,Yes,6,97,High,Yes,0,Low,High,Public,Negative,2,Yes,High School,Near,Male,63,16+ hours,4,60-69%,1,No tutoring,Within 0-100
1618,15,86,High,High,Yes,10,68,Medium,Yes,0,High,Medium,Public,Neutral,5,No,College,Near,Male,69,11-15 hours,3,80-89%,3,No tutoring,Within 0-100
1619,17,91,Medium,Medium,Yes,8,66,Medium,Yes,3,Medium,Low,Public,Positive,2,No,College,Near,Male,69,16+ hours,4,90-100%,4,1+ sessions,Within 0-100
1620,27,90,Medium,Low,No,8,67,Medium,Yes,2,Medium,Medium,Public,Negative,3,No,Postgraduate,Near,Male,70,16+ hours,4,90-100%,4,1+ sessions,Within 0-100
1621,21,95,High,Medium,Yes,6,66,High,Yes,1,Medium,High,Public,Positive,4,No,College,Near,Male,73,16+ hours,4,90-100%,4,1+ sessions,Within 0-100
1622,11,89,Medium,Low,Yes,9,76,Medium,Yes,1,Medium,High,Public,Neutral,3,No,Postgraduate,Far,Male,66,11-15 hours,3,80-89%,3,1+ sessions,Within 0-100
1623,26,97,Medium,Low,No,5,79,High,Yes,2,Low,Low,Private,Positive,3,No,High School,Near,Female,71,16+ hours,4,90-100%,4,1+ sessions,Within 0-100
1624,16,73,Medium,Low,Yes,6,71,Medium,Yes,2,High,High,Public,Positive,5,No,College,Near,Male,66,16+ hours,4,70-79%,2,1+ sessions,Within 0-100
1625,31,80,Medium,Medium,Yes,6,71,High,Yes,2,Low,High,Public,Neutral,3,No,High School,Near,Female,71,16+ hours,4,80-89%,3,1+ sessions,Within 0-100
1626,26,61,Medium,Low,Yes,5,87,Medium,Yes,3,High,High,Public,Positive,2,Yes,High School,Near,Male,66,16+ hours,4,60-69%,1,1+ sessions,Within 0-100
1627,17,60,Medium,High,Yes,8,50,High,Yes,0,Low,High,Public,Positive,4,No,High School,Near,Female,63,16+ hours,4,60-69%,1,No tutoring,Within 0-100
1628,28,70,High,High,Yes,8,97,Medium,Yes,5,Low,Low,Public,Negative,5,Yes,High School,Near,Male,70,16+ hours,4,70-79%,2,1+ sessions,Within 0-100
1629,20,64,High,Medium,Yes,8,86,Medium,Yes,1,Medium,Medium,Public,Neutral,2,No,Postgraduate,Near,Male,66,16+ hours,4,60-69%,1,1+ sessions,Within 0-100
1630,25,70,Medium,Medium,No,7,85,Medium,Yes,1,Medium,Medium,Public,Negative,4,No,High School,Near,Male,66,16+ hours,4,70-79%,2,1+ sessions,Within 0-100
1631,23,67,Medium,Medium,No,8,71,High,Yes,2,Medium,Medium,Public,Neutral,4,No,College,Moderate,Female,66,16+ hours,4,60-69%,1,1+ sessions,Within 0-100
1632,15,61,Medium,Medium,No,7,98,Medium,Yes,1,Medium,Medium,Public,Neutral,3,No,High School,Near,Male,62,11-15 hours,3,60-69%,1,1+ sessions,Within 0-100
1633,16,96,Medium,Medium,No,6,50,High,Yes,1,Medium,High,Public,Positive,3,No,College,Near,Male,69,16+ hours,4,90-100%,4,1+ sessions,Within 0-100
1634,26,60,Low,High,Yes,6,54,Low,Yes,1,Low,Medium,Private,Positive,1,No,Postgraduate,Moderate,Male,63,16+ hours,4,60-69%,1,1+ sessions,Within 0-100
1635,18,89,Medium,Low,Yes,4,90,Low,Yes,1,High,Medium,Public,Positive,2,Yes,Postgraduate,Near,Female,68,16+ hours,4,80-89%,3,1+ sessions,Within 0-100
1636,18,66,Medium,High,No,9,87,Medium,Yes,1,Medium,Low,Private,Positive,3,No,High School,Moderate,Male,64,16+ hours,4,60-69%,1,1+ sessions,Within 0-100
1637,14,96,Low,High,Yes,9,64,High,Yes,2,Low,High,Public,Neutral,3,No,Postgraduate,Moderate,Male,69,11-15 hours,3,90-100%,4,1+ sessions,Within 0-100
1638,23,96,Low,Medium,Yes,10,80,Low,Yes,3,Low,High,Public,Positive,3,No,High School,Near,Male,71,16+ hours,4,90-100%,4,1+ sessions,Within 0-100
1639,32,86,Medium,Medium,Yes,6,77,Medium,No,2,Medium,Low,Private,Negative,4,No,High School,Near,Male,71,16+ hours,4,80-89%,3,1+ sessions,Within 0-100
1640,14,87,Medium,Medium,No,6,76,Medium,Yes,1,Low,Medium,Private,Positive,4,No,College,Far,Female,66,11-15 hours,3,80-89%,3,1+ sessions,Within 0-100
1641,20,60,Medium,Medium,Yes,4,80,Low,Yes,2,High,Medium,Private,Positive,3,Yes,College,Moderate,Male,63,16+ hours,4,60-69%,1,1+ sessions,Within 0-100
1642,28,99,Low,Medium,Yes,8,100,Low,Yes,0,Medium,Medium,Public,Positive,2,No,High School,Far,Male,72,16+ hours,4,90-100%,4,No tutoring,Within 0-100
1643,20,95,Medium,Medium,Yes,8,99,Low,No,1,Low,Medium,Private,Neutral,3,No,College,Near,Female,70,16+ hours,4,90-100%,4,1+ sessions,Within 0-100
1644,23,96,Medium,Low,No,9,99,Medium,Yes,0,High,Medium,Private,Neutral,2,No,College,Near,Female,71,16+ hours,4,90-100%,4,No tutoring,Within 0-100
1645,14,86,Low,Low,Yes,6,77,Medium,Yes,3,High,Medium,Private,Neutral,3,No,High School,Far,Male,65,11-15 hours,3,80-89%,3,1+ sessions,Within 0-100
1646,23,74,Medium,Low,Yes,8,66,Low,Yes,0,High,Medium,Public,Negative,4,No,Postgraduate,Near,Female,65,16+ hours,4,70-79%,2,No tutoring,Within 0-100
1647,19,96,Low,Medium,No,6,78,High,Yes,1,Low,Low,Public,Positive,2,No,High School,Far,Male,67,16+ hours,4,90-100%,4,1+ sessions,Within 0-100
1648,26,72,High,Medium,No,9,81,High,Yes,0,Medium,High,Public,Neutral,3,No,High School,Near,Male,68,16+ hours,4,70-79%,2,No tutoring,Within 0-100
1649,27,83,Medium,Medium,Yes,8,66,Medium,Yes,3,Medium,Medium,Public,Positive,4,No,College,Far,Female,70,16+ hours,4,80-89%,3,1+ sessions,Within 0-100
1650,36,64,Medium,Medium,Yes,5,82,Medium,Yes,2,Medium,High,Private,Positive,2,No,High School,Near,Female,70,16+ hours,4,60-69%,1,1+ sessions,Within 0-100
1651,23,97,Low,High,Yes,7,81,Low,Yes,2,Medium,High,Public,Neutral,3,No,High School,Near,Male,72,16+ hours,4,90-100%,4,1+ sessions,Within 0-100
1652,22,66,Medium,High,No,4,95,Medium,Yes,1,Low,Low,Public,Neutral,5,No,College,Moderate,Male,65,16+ hours,4,60-69%,1,1+ sessions,Within 0-100
1653,21,69,Medium,Medium,Yes,5,62,High,Yes,2,Low,Medium,Public,Positive,3,No,High School,Near,Male,65,16+ hours,4,60-69%,1,1+ sessions,Within 0-100
1654,18,82,High,Medium,Yes,5,85,High,Yes,3,Medium,High,Private,Neutral,4,No,Postgraduate,Near,Male,71,16+ hours,4,80-89%,3,1+ sessions,Within 0-100
1655,22,91,High,High,Yes,6,73,Low,Yes,3,High,Medium,Public,Positive,4,No,Postgraduate,Near,Male,74,16+ hours,4,90-100%,4,1+ sessions,Within 0-100
1656,18,85,Low,Medium,No,7,56,Low,Yes,0,Low,Medium,Private,Positive,4,No,High School,Moderate,Male,64,16+ hours,4,80-89%,3,No tutoring,Within 0-100
1657,21,69,Medium,Medium,No,7,66,High,Yes,1,Medium,Medium,Private,Neutral,4,No,High School,Far,Female,64,16+ hours,4,60-69%,1,1+ sessions,Within 0-100
1658,28,60,Medium,High,Yes,7,53,Low,Yes,3,Low,Medium,Private,Neutral,3,No,High School,Near,Female,65,16+ hours,4,60-69%,1,1+ sessions,Within 0-100
1659,14,90,Low,Medium,Yes,7,66,Medium,Yes,1,Medium,Medium,Public,Neutral,5,No,College,Near,Male,67,11-15 hours,3,90-100%,4,1+ sessions,Within 0-100
1660,27,99,High,Medium,No,7,53,Low,Yes,2,Low,High,Public,Neutral,3,No,College,Near,Male,73,16+ hours,4,90-100%,4,1+ sessions,Within 0-100
1661,28,92,Low,High,No,5,96,High,Yes,1,Medium,Low,Public,Neutral,3,No,College,Moderate,Male,72,16+ hours,4,90-100%,4,1+ sessions,Within 0-100
1662,19,78,Medium,Medium,No,7,55,Low,Yes,0,Medium,Medium,Public,Positive,3,No,College,Near,Male,65,16+ hours,4,70-79%,2,No tutoring,Within 0-100
1663,7,96,Medium,High,No,9,91,Medium,Yes,0,Low,Medium,Public,Neutral,4,No,College,Near,Male,67,6-10 hours,2,90-100%,4,No tutoring,Within 0-100
1664,16,76,Medium,Medium,Yes,7,95,Low,Yes,2,Medium,Medium,Public,Negative,3,No,High School,Unknown,Female,66,16+ hours,4,70-79%,2,1+ sessions,Within 0-100
1665,28,81,High,Medium,Yes,8,73,Low,Yes,0,Medium,High,Public,Negative,3,No,Postgraduate,Near,Male,70,16+ hours,4,80-89%,3,No tutoring,Within 0-100
1666,20,79,High,Medium,No,8,53,Medium,Yes,2,Medium,Medium,Private,Neutral,3,No,High School,Moderate,Female,66,16+ hours,4,70-79%,2,1+ sessions,Within 0-100
1667,14,78,High,High,Yes,8,80,Low,Yes,1,Medium,Medium,Public,Neutral,1,No,High School,Near,Female,66,11-15 hours,3,70-79%,2,1+ sessions,Within 0-100
1668,17,91,Medium,Low,Yes,7,62,Low,Yes,3,High,Medium,Public,Negative,3,No,Postgraduate,Near,Male,68,16+ hours,4,90-100%,4,1+ sessions,Within 0-100
1669,25,81,Low,Medium,Yes,8,59,Low,Yes,3,Low,Medium,Public,Positive,4,No,College,Near,Male,68,16+ hours,4,80-89%,3,1+ sessions,Within 0-100
1670,23,73,High,High,No,8,78,Low,Yes,0,High,Medium,Public,Neutral,4,No,High School,Moderate,Female,67,16+ hours,4,70-79%,2,No tutoring,Within 0-100
1671,19,70,High,Medium,Yes,8,68,High,No,1,Low,Medium,Public,Positive,3,No,College,Near,Female,65,16+ hours,4,70-79%,2,1+ sessions,Within 0-100
1672,18,62,Medium,Low,Yes,8,87,Medium,Yes,4,Low,Medium,Public,Positive,4,No,College,Near,Female,64,16+ hours,4,60-69%,1,1+ sessions,Within 0-100
1673,18,83,High,Medium,No,5,80,High,Yes,1,High,High,Public,Positive,2,No,College,Near,Male,70,16+ hours,4,80-89%,3,1+ sessions,Within 0-100
1674,14,69,Low,Medium,No,5,91,Medium,Yes,0,High,Medium,Public,Positive,3,No,College,Moderate,Male,63,11-15 hours,3,60-69%,1,No tutoring,Within 0-100
1675,30,66,Medium,High,No,6,53,Low,No,2,Low,Medium,Public,Positive,2,No,High School,Near,Male,65,16+ hours,4,60-69%,1,1+ sessions,Within 0-100
1676,18,86,Low,Medium,Yes,9,62,Medium,Yes,4,Medium,Medium,Public,Negative,2,Yes,Postgraduate,Near,Female,67,16+ hours,4,80-89%,3,1+ sessions,Within 0-100
1677,27,87,Medium,Medium,Yes,7,78,Low,Yes,3,Low,Medium,Private,Negative,5,No,High School,Near,Female,71,16+ hours,4,80-89%,3,1+ sessions,Within 0-100
1678,29,90,High,Medium,Yes,7,94,Medium,Yes,1,Low,Low,Private,Neutral,4,No,High School,Near,Female,73,16+ hours,4,90-100%,4,1+ sessions,Within 0-100
1679,26,80,Medium,Medium,No,4,91,Low,Yes,1,Low,Medium,Private,Neutral,3,No,High School,Far,Male,67,16+ hours,4,80-89%,3,1+ sessions,Within 0-100
1680,17,96,High,Medium,Yes,7,84,Medium,Yes,2,Low,High,Private,Positive,3,No,College,Near,Female,72,16+ hours,4,90-100%,4,1+ sessions,Within 0-100
1681,22,97,Medium,Medium,No,7,79,High,Yes,2,Medium,High,Public,Positive,0,No,High School,Far,Male,71,16+ hours,4,90-100%,4,1+ sessions,Within 0-100
1682,20,92,Medium,High,Yes,4,82,High,Yes,0,Medium,Medium,Public,Neutral,4,No,Postgraduate,Near,Male,72,16+ hours,4,90-100%,4,No tutoring,Within 0-100
1683,15,85,High,High,Yes,7,61,Medium,Yes,1,Medium,High,Public,Negative,3,No,High School,Near,Male,68,11-15 hours,3,80-89%,3,1+ sessions,Within 0-100
1684,22,72,Low,Low,Yes,5,80,Medium,Yes,2,Low,High,Public,Neutral,3,No,College,Near,Female,65,16+ hours,4,70-79%,2,1+ sessions,Within 0-100
1685,13,99,High,Medium,No,6,75,Low,Yes,1,Medium,Medium,Public,Positive,4,Yes,College,Far,Female,68,11-15 hours,3,90-100%,4,1+ sessions,Within 0-100
1686,27,71,Medium,Low,No,8,69,Medium,Yes,1,High,Medium,Public,Positive,4,No,College,Near,Male,67,16+ hours,4,70-79%,2,1+ sessions,Within 0-100
1687,17,68,Medium,Medium,No,7,94,High,Yes,1,High,Medium,Private,Neutral,4,No,College,Moderate,Female,66,16+ hours,4,60-69%,1,1+ sessions,Within 0-100
1688,21,78,Medium,Low,Yes,6,91,Medium,Yes,0,Medium,Low,Private,Neutral,1,Yes,High School,Near,Male,64,16+ hours,4,70-79%,2,No tutoring,Within 0-100
1689,22,62,High,Medium,No,6,54,Medium,Yes,3,Low,Medium,Private,Neutral,3,No,Postgraduate,Near,Male,65,16+ hours,4,60-69%,1,1+ sessions,Within 0-100
1690,18,99,Medium,Medium,No,6,99,Medium,Yes,0,Low,Medium,Public,Neutral,3,No,High School,Moderate,Male,69,16+ hours,4,90-100%,4,No tutoring,Within 0-100
1691,24,84,Medium,Medium,Yes,7,61,Medium,Yes,2,Medium,Medium,Public,Positive,2,No,High School,Far,Male,68,16+ hours,4,80-89%,3,1+ sessions,Within 0-100
1692,17,82,High,High,No,5,61,Medium,Yes,3,Medium,Medium,Public,Neutral,4,No,Postgraduate,Near,Male,69,16+ hours,4,80-89%,3,1+ sessions,Within 0-100
1693,25,86,Medium,Medium,Yes,9,97,Low,Yes,1,High,Medium,Private,Neutral,3,No,High School,Moderate,Male,70,16+ hours,4,80-89%,3,1+ sessions,Within 0-100
1694,12,80,High,Medium,No,5,72,Medium,Yes,1,High,Medium,Private,Positive,4,Yes,High School,Near,Female,65,11-15 hours,3,80-89%,3,1+ sessions,Within 0-100
1695,21,61,Medium,Medium,No,4,90,Low,Yes,2,Medium,Low,Public,Neutral,3,No,High School,Near,Male,63,16+ hours,4,60-69%,1,1+ sessions,Within 0-100
1696,32,84,Low,Medium,Yes,8,64,Medium,Yes,1,Low,High,Private,Positive,3,No,College,Near,Female,71,16+ hours,4,80-89%,3,1+ sessions,Within 0-100
1697,14,89,Medium,High,Yes,6,94,Low,Yes,0,Low,Medium,Private,Neutral,2,No,Postgraduate,Near,Male,68,11-15 hours,3,80-89%,3,No tutoring,Within 0-100
1698,16,77,Medium,Medium,Yes,7,92,High,Yes,5,Low,High,Public,Positive,3,No,Postgraduate,Near,Female,70,16+ hours,4,70-79%,2,1+ sessions,Within 0-100
1699,23,90,Medium,High,Yes,8,76,High,Yes,2,Medium,Low,Public,Positive,3,No,High School,Near,Female,72,16+ hours,4,90-100%,4,1+ sessions,Within 0-100
1700,21,69,Medium,Medium,Yes,6,85,Medium,Yes,3,Low,Low,Public,Neutral,1,No,College,Far,Female,64,16+ hours,4,60-69%,1,1+ sessions,Within 0-100
1701,22,69,Low,Medium,No,7,98,Low,Yes,0,Low,Medium,Public,Positive,2,No,Postgraduate,Moderate,Male,64,16+ hours,4,60-69%,1,No tutoring,Within 0-100
1702,23,66,Medium,Low,Yes,8,73,High,Yes,2,High,Medium,Public,Positive,2,No,College,Near,Female,66,16+ hours,4,60-69%,1,1+ sessions,Within 0-100
1703,24,75,Medium,High,Yes,9,75,High,Yes,0,Medium,High,Public,Positive,3,No,College,Far,Male,69,16+ hours,4,70-79%,2,No tutoring,Within 0-100
1704,27,94,Medium,Low,No,6,86,Medium,Yes,2,Medium,Medium,Private,Neutral,2,No,High School,Near,Female,71,16+ hours,4,90-100%,4,1+ sessions,Within 0-100
1705,22,93,Medium,High,Yes,6,69,High,Yes,0,High,Low,Public,Negative,3,Yes,High School,Near,Male,69,16+ hours,4,90-100%,4,No tutoring,Within 0-100
1706,19,75,High,Medium,No,8,98,Low,Yes,1,Low,Medium,Public,Neutral,3,No,Postgraduate,Moderate,Male,67,16+ hours,4,70-79%,2,1+ sessions,Within 0-100
1707,24,84,Low,Medium,Yes,7,52,Medium,Yes,0,Low,High,Public,Neutral,3,No,High School,Near,Male,66,16+ hours,4,80-89%,3,No tutoring,Within 0-100
1708,31,89,Medium,Medium,No,7,70,Medium,Yes,2,Low,High,Public,Positive,2,No,High School,Moderate,Female,71,16+ hours,4,80-89%,3,1+ sessions,Within 0-100
1709,19,70,Medium,Low,Yes,9,86,Low,Yes,2,High,Medium,Public,Neutral,2,Yes,High School,Near,Male,63,16+ hours,4,70-79%,2,1+ sessions,Within 0-100
1710,14,67,Medium,Low,No,4,71,Medium,Yes,0,High,Medium,Public,Neutral,4,No,College,Near,Female,62,11-15 hours,3,60-69%,1,No tutoring,Within 0-100
1711,27,99,Medium,High,No,5,63,Medium,Yes,0,Medium,High,Public,Neutral,4,No,High School,Near,Female,73,16+ hours,4,90-100%,4,No tutoring,Within 0-100
1712,19,85,High,Medium,No,4,71,Low,Yes,1,Medium,High,Public,Negative,3,No,High School,Far,Female,66,16+ hours,4,80-89%,3,1+ sessions,Within 0-100
1713,7,99,High,Medium,Yes,9,94,Medium,Yes,3,High,High,Public,Positive,2,No,Postgraduate,Moderate,Male,72,6-10 hours,2,90-100%,4,1+ sessions,Within 0-100
1714,25,74,High,Low,Yes,8,77,Low,Yes,1,Low,Medium,Public,Neutral,2,No,Postgraduate,Moderate,Female,67,16+ hours,4,70-79%,2,1+ sessions,Within 0-100
1715,17,88,Low,Low,No,5,67,Medium,No,0,Medium,High,Public,Neutral,3,No,Postgraduate,Near,Male,65,16+ hours,4,80-89%,3,No tutoring,Within 0-100
1716,19,69,Medium,Medium,Yes,7,84,Medium,Yes,2,Medium,Medium,Public,Neutral,4,No,High School,Near,Male,66,16+ hours,4,60-69%,1,1+ sessions,Within 0-100
1717,22,70,High,Medium,Yes,7,81,Low,Yes,3,Medium,Medium,Public,Neutral,2,No,Postgraduate,Moderate,Female,68,16+ hours,4,70-79%,2,1+ sessions,Within 0-100
1718,21,80,Medium,High,Yes,4,78,Medium,Yes,1,Medium,High,Private,Neutral,4,No,High School,Near,Female,69,16+ hours,4,80-89%,3,1+ sessions,Within 0-100
1719,24,73,High,Medium,Yes,7,70,Medium,Yes,0,High,Medium,Public,Negative,3,No,Postgraduate,Near,Female,68,16+ hours,4,70-79%,2,No tutoring,Within 0-100
1720,17,67,Medium,High,Yes,5,54,Medium,Yes,0,Low,Medium,Public,Negative,2,No,High School,Moderate,Male,61,16+ hours,4,60-69%,1,No tutoring,Within 0-100
1721,23,71,High,Low,Yes,8,81,Medium,Yes,3,Medium,High,Private,Positive,2,No,High School,Near,Male,68,16+ hours,4,70-79%,2,1+ sessions,Within 0-100
1722,18,61,High,Low,Yes,5,71,Low,Yes,3,High,High,Private,Neutral,3,No,College,Near,Male,64,16+ hours,4,60-69%,1,1+ sessions,Within 0-100
1723,24,88,Medium,Low,Yes,7,71,Low,No,1,Low,High,Public,Neutral,3,No,College,Moderate,Male,67,16+ hours,4,80-89%,3,1+ sessions,Within 0-100
1724,24,80,Low,High,Yes,9,62,High,Yes,3,High,Low,Public,Neutral,3,No,High School,Moderate,Male,68,16+ hours,4,80-89%,3,1+ sessions,Within 0-100
1725,14,64,Medium,High,No,8,62,Low,Yes,1,Medium,High,Public,Positive,4,Yes,High School,Moderate,Male,61,11-15 hours,3,60-69%,1,1+ sessions,Within 0-100
1726,27,67,High,Low,No,8,89,Low,Yes,1,Low,Low,Public,Positive,3,No,Postgraduate,Near,Female,66,16+ hours,4,60-69%,1,1+ sessions,Within 0-100
1727,17,64,High,Low,Yes,7,74,Low,Yes,2,Medium,Low,Public,Positive,2,No,Postgraduate,Near,Female,64,16+ hours,4,60-69%,1,1+ sessions,Within 0-100
1728,25,85,Low,Medium,No,5,55,Low,Yes,3,High,Medium,Public,Negative,3,No,High School,Moderate,Female,67,16+ hours,4,80-89%,3,1+ sessions,Within 0-100
1729,22,64,Medium,High,No,6,52,Low,Yes,2,High,Medium,Private,Negative,4,No,College,Moderate,Female,64,16+ hours,4,60-69%,1,1+ sessions,Within 0-100
1730,31,90,High,High,No,7,61,Low,Yes,0,Low,Medium,Public,Positive,3,No,High School,Near,Male,72,16+ hours,4,90-100%,4,No tutoring,Within 0-100
1731,19,61,Medium,Medium,No,7,74,Low,Yes,2,High,Medium,Public,Negative,3,No,Postgraduate,Far,Male,62,16+ hours,4,60-69%,1,1+ sessions,Within 0-100
1732,18,70,High,Medium,Yes,5,81,Low,Yes,2,Low,Medium,Private,Negative,2,No,High School,Far,Female,63,16+ hours,4,70-79%,2,1+ sessions,Within 0-100
1733,20,96,High,High,No,8,57,Low,Yes,1,Low,Medium,Private,Neutral,4,No,High School,Near,Male,70,16+ hours,4,90-100%,4,1+ sessions,Within 0-100
1734,18,89,High,Medium,No,5,72,Low,Yes,3,Medium,Medium,Public,Positive,3,No,College,Moderate,Male,69,16+ hours,4,80-89%,3,1+ sessions,Within 0-100
1735,25,63,Low,Medium,Yes,9,54,Medium,Yes,3,Medium,Low,Public,Positive,2,No,High School,Near,Male,64,16+ hours,4,60-69%,1,1+ sessions,Within 0-100
1736,10,93,Low,Medium,No,7,52,Medium,Yes,2,Medium,Medium,Public,Positive,3,No,Postgraduate,Near,Male,66,6-10 hours,2,90-100%,4,1+ sessions,Within 0-100
1737,14,80,Low,Medium,Yes,8,93,Medium,Yes,3,Low,High,Private,Positive,4,No,High School,Near,Female,67,11-15 hours,3,80-89%,3,1+ sessions,Within 0-100
1738,14,94,High,High,Yes,8,83,Medium,Yes,4,Medium,Low,Public,Negative,5,Yes,Postgraduate,Near,Female,71,11-15 hours,3,90-100%,4,1+ sessions,Within 0-100
1739,26,84,Medium,High,Yes,10,89,Medium,Yes,0,Low,High,Private,Positive,1,No,High School,Far,Female,70,16+ hours,4,80-89%,3,No tutoring,Within 0-100
1740,30,87,Low,Medium,No,7,59,Medium,Yes,2,Medium,Medium,Public,Neutral,3,No,High School,Moderate,Male,69,16+ hours,4,80-89%,3,1+ sessions,Within 0-100
1741,19,100,Medium,Low,No,6,66,High,Yes,0,Low,Medium,Public,Neutral,3,No,Unknown,Moderate,Male,68,16+ hours,4,90-100%,4,No tutoring,Within 0-100
1742,19,69,Medium,High,Yes,6,72,Medium,No,1,Low,Medium,Public,Neutral,1,No,College,Near,Female,64,16+ hours,4,60-69%,1,1+ sessions,Within 0-100
1743,20,85,High,Medium,Yes,9,83,Low,Yes,3,Medium,Medium,Public,Positive,3,Yes,College,Near,Male,70,16+ hours,4,80-89%,3,1+ sessions,Within 0-100
1744,27,78,High,Low,Yes,5,77,Medium,Yes,0,Medium,Low,Private,Neutral,3,No,Postgraduate,Near,Male,69,16+ hours,4,70-79%,2,No tutoring,Within 0-100
1745,14,62,Medium,Medium,Yes,6,78,Medium,Yes,0,High,Unknown,Public,Positive,2,No,College,Near,Female,63,11-15 hours,3,60-69%,1,No tutoring,Within 0-100
1746,21,61,Low,Medium,No,7,58,Medium,Yes,1,Medium,Low,Public,Negative,3,No,High School,Near,Female,60,16+ hours,4,60-69%,1,1+ sessions,Within 0-100
1747,26,65,High,Low,No,7,74,Medium,Yes,2,Low,Medium,Public,Negative,4,No,High School,Near,Female,65,16+ hours,4,60-69%,1,1+ sessions,Within 0-100
1748,23,86,Medium,Medium,No,8,91,Medium,Yes,0,Low,Medium,Public,Negative,0,No,High School,Near,Male,67,16+ hours,4,80-89%,3,No tutoring,Within 0-100
1749,21,83,Medium,Low,No,5,75,Low,Yes,1,Medium,Medium,Public,Negative,4,No,College,Near,Male,66,16+ hours,4,80-89%,3,1+ sessions,Within 0-100
1750,26,82,Low,High,No,7,60,Medium,No,3,Low,Medium,Public,Neutral,3,No,Postgraduate,Near,Female,68,16+ hours,4,80-89%,3,1+ sessions,Within 0-100
1751,4,61,Low,High,Yes,7,71,High,Yes,0,Low,Low,Public,Positive,1,No,Postgraduate,Near,Male,58,1-5 hours,1,60-69%,1,No tutoring,Within 0-100
1752,24,79,Low,High,Yes,5,88,Medium,Yes,0,Medium,Medium,Public,Neutral,3,No,High School,Moderate,Female,67,16+ hours,4,70-79%,2,No tutoring,Within 0-100
1753,16,97,Medium,Medium,Yes,8,57,Low,Yes,0,Medium,Medium,Public,Positive,4,Yes,Unknown,Near,Male,68,16+ hours,4,90-100%,4,No tutoring,Within 0-100
1754,9,76,Medium,Medium,Yes,7,79,Medium,Yes,1,Low,Medium,Public,Neutral,3,No,High School,Near,Female,62,6-10 hours,2,70-79%,2,1+ sessions,Within 0-100
1755,23,85,Low,High,No,7,98,High,No,2,Low,Medium,Public,Negative,3,No,Postgraduate,Moderate,Female,69,16+ hours,4,80-89%,3,1+ sessions,Within 0-100
1756,28,91,Medium,High,Yes,6,69,High,Yes,1,Medium,High,Private,Neutral,4,No,High School,Far,Male,73,16+ hours,4,90-100%,4,1+ sessions,Within 0-100
1757,19,91,High,Low,No,6,52,Medium,Yes,2,Low,Medium,Public,Negative,4,Yes,High School,Moderate,Male,66,16+ hours,4,90-100%,4,1+ sessions,Within 0-100
1758,26,81,Low,Medium,Yes,5,82,Medium,Yes,0,Medium,Medium,Public,Negative,5,Yes,Postgraduate,Near,Female,67,16+ hours,4,80-89%,3,No tutoring,Within 0-100
1759,30,94,Medium,Medium,No,8,52,Medium,Yes,1,Medium,Low,Public,Neutral,4,No,High School,Near,Female,71,16+ hours,4,90-100%,4,1+ sessions,Within 0-100
1760,28,76,Medium,Medium,Yes,9,60,Medium,Yes,1,Low,Medium,Public,Neutral,2,No,High School,Far,Male,66,16+ hours,4,70-79%,2,1+ sessions,Within 0-100
1761,30,96,High,Medium,Yes,10,52,Medium,Yes,0,High,High,Public,Positive,4,No,College,Moderate,Female,74,16+ hours,4,90-100%,4,No tutoring,Within 0-100
1762,24,70,Medium,High,No,8,59,Low,Yes,2,Low,High,Public,Positive,5,No,High School,Near,Male,67,16+ hours,4,70-79%,2,1+ sessions,Within 0-100
1763,20,71,High,Medium,No,6,93,High,Yes,2,Medium,High,Public,Negative,2,No,Postgraduate,Near,Male,68,16+ hours,4,70-79%,2,1+ sessions,Within 0-100
1764,10,62,Medium,Medium,No,6,87,High,Yes,2,Low,High,Public,Neutral,3,No,High School,Near,Male,61,6-10 hours,2,60-69%,1,1+ sessions,Within 0-100
1765,19,92,Medium,High,No,8,67,Medium,Yes,2,Medium,Medium,Private,Negative,2,No,High School,Unknown,Female,69,16+ hours,4,90-100%,4,1+ sessions,Within 0-100
1766,15,77,Low,Medium,Yes,7,95,Low,Yes,4,Low,Medium,Public,Positive,4,No,High School,Moderate,Male,65,11-15 hours,3,70-79%,2,1+ sessions,Within 0-100
1767,33,69,Medium,High,Yes,7,83,Medium,Yes,2,Medium,Low,Public,Neutral,2,No,Postgraduate,Near,Male,71,16+ hours,4,60-69%,1,1+ sessions,Within 0-100
1768,19,69,Medium,Low,No,7,72,Medium,Yes,1,Low,Low,Public,Positive,2,No,High School,Far,Female,61,16+ hours,4,60-69%,1,1+ sessions,Within 0-100
1769,21,96,Medium,High,Yes,9,53,Medium,Yes,0,Low,High,Public,Neutral,3,No,College,Near,Male,70,16+ hours,4,90-100%,4,No tutoring,Within 0-100
1770,23,93,Medium,Low,No,6,87,Medium,Yes,2,Medium,Medium,Private,Neutral,3,No,High School,Moderate,Male,70,16+ hours,4,90-100%,4,1+ sessions,Within 0-100
1771,20,82,Medium,High,Yes,9,69,Low,Yes,1,Medium,Medium,Public,Positive,3,No,College,Near,Male,69,16+ hours,4,80-89%,3,1+ sessions,Within 0-100
1772,30,85,High,Low,Yes,7,65,High,Yes,2,Low,Medium,Public,Negative,3,No,High School,Near,Female,70,16+ hours,4,80-89%,3,1+ sessions,Within 0-100
1773,16,79,High,Medium,Yes,6,64,Medium,Yes,4,Low,Low,Public,Positive,4,Yes,College,Near,Male,67,16+ hours,4,70-79%,2,1+ sessions,Within 0-100
1774,21,76,Low,Medium,No,6,50,Low,Yes,2,Low,Medium,Public,Negative,4,No,Postgraduate,Moderate,Female,63,16+ hours,4,70-79%,2,1+ sessions,Within 0-100
1775,16,97,Medium,Medium,No,7,87,Medium,Yes,1,High,Medium,Public,Neutral,3,No,High School,Near,Female,70,16+ hours,4,90-100%,4,1+ sessions,Within 0-100
1776,12,65,Medium,Medium,No,8,57,Medium,Yes,1,High,High,Private,Positive,5,Yes,High School,Near,Female,61,11-15 hours,3,60-69%,1,1+ sessions,Within 0-100
1777,16,77,Low,High,Yes,6,76,Low,Yes,1,Low,Medium,Public,Neutral,1,No,Postgraduate,Moderate,Female,64,16+ hours,4,70-79%,2,1+ sessions,Within 0-100
1778,20,74,Medium,Medium,Yes,8,51,High,Yes,2,Medium,Medium,Public,Negative,3,No,College,Near,Male,65,16+ hours,4,70-79%,2,1+ sessions,Within 0-100
1779,17,80,Medium,Medium,No,6,81,Medium,Yes,1,Medium,High,Public,Neutral,1,No,College,Far,Male,65,16+ hours,4,80-89%,3,1+ sessions,Within 0-100
1780,16,78,Medium,Low,Yes,7,68,High,Yes,3,Low,High,Private,Positive,3,No,Postgraduate,Far,Female,66,16+ hours,4,70-79%,2,1+ sessions,Within 0-100
1781,12,81,High,High,Yes,5,82,Low,Yes,1,Medium,High,Public,Positive,3,No,High School,Far,Female,66,11-15 hours,3,80-89%,3,1+ sessions,Within 0-100
1782,20,66,Low,Medium,Yes,8,54,Medium,Yes,2,Medium,Low,Public,Positive,2,No,Postgraduate,Near,Male,63,16+ hours,4,60-69%,1,1+ sessions,Within 0-100
1783,11,81,Low,High,Yes,7,63,Medium,Yes,3,Medium,Medium,Public,Neutral,2,No,Postgraduate,Near,Male,66,11-15 hours,3,80-89%,3,1+ sessions,Within 0-100
1784,25,70,Medium,Medium,Yes,9,56,High,Yes,0,Low,Medium,Public,Positive,1,No,High School,Far,Male,64,16+ hours,4,70-79%,2,No tutoring,Within 0-100
1785,20,67,High,Low,No,8,82,Medium,Yes,3,Low,High,Public,Neutral,4,Yes,High School,Near,Male,65,16+ hours,4,60-69%,1,1+ sessions,Within 0-100
1786,11,63,High,Medium,No,7,55,Low,Yes,3,High,Medium,Private,Positive,1,No,Postgraduate,Near,Male,62,11-15 hours,3,60-69%,1,1+ sessions,Within 0-100
1787,18,91,Low,High,Yes,9,81,High,Yes,4,High,Medium,Public,Neutral,5,No,High School,Moderate,Male,71,16+ hours,4,90-100%,4,1+ sessions,Within 0-100
1788,15,77,Medium,Medium,Yes,8,57,Low,Yes,1,Low,Medium,Public,Neutral,2,No,College,Near,Male,63,11-15 hours,3,70-79%,2,1+ sessions,Within 0-100
1789,22,85,Medium,High,No,9,97,High,Yes,0,Medium,High,Public,Negative,3,No,College,Moderate,Male,70,16+ hours,4,80-89%,3,No tutoring,Within 0-100
1790,28,89,Medium,Low,Yes,6,71,Low,Yes,2,Low,Medium,Private,Neutral,4,No,College,Moderate,Male,70,16+ hours,4,80-89%,3,1+ sessions,Within 0-100
1791,9,87,Medium,Medium,No,8,56,Medium,Yes,1,Medium,High,Public,Positive,3,No,College,Moderate,Female,65,6-10 hours,2,80-89%,3,1+ sessions,Within 0-100
1792,21,79,High,High,Yes,8,52,Medium,Yes,1,Low,Unknown,Public,Neutral,3,Yes,High School,Near,Female,66,16+ hours,4,70-79%,2,1+ sessions,Within 0-100
1793,19,76,Medium,Low,Yes,5,66,Medium,Yes,2,Medium,Medium,Private,Positive,4,No,College,Near,Female,66,16+ hours,4,70-79%,2,1+ sessions,Within 0-100
1794,24,75,Medium,Low,No,9,95,High,Yes,0,Medium,High,Public,Positive,2,No,College,Near,Male,68,16+ hours,4,70-79%,2,No tutoring,Within 0-100
1795,21,86,High,High,No,5,57,Medium,Yes,1,Low,Medium,Private,Negative,3,No,High School,Near,Male,68,16+ hours,4,80-89%,3,1+ sessions,Within 0-100
1796,15,80,High,Medium,Yes,5,90,Medium,Yes,4,Medium,High,Private,Neutral,3,No,High School,Near,Female,69,11-15 hours,3,80-89%,3,1+ sessions,Within 0-100
1797,18,94,Medium,Medium,Yes,4,71,Medium,Yes,3,High,Low,Public,Positive,3,No,College,Near,Female,71,16+ hours,4,90-100%,4,1+ sessions,Within 0-100
1798,15,95,Medium,Medium,Yes,8,90,Low,Yes,2,Low,Unknown,Private,Negative,1,No,Postgraduate,Near,Male,69,11-15 hours,3,90-100%,4,1+ sessions,Within 0-100
1799,26,67,Medium,High,Yes,5,94,Medium,Yes,0,Medium,Medium,Public,Positive,2,No,College,Near,Male,68,16+ hours,4,60-69%,1,No tutoring,Within 0-100
1800,20,65,Medium,High,Yes,6,100,Medium,Yes,2,Low,High,Public,Neutral,5,No,High School,Moderate,Male,67,16+ hours,4,60-69%,1,1+ sessions,Within 0-100
1801,31,85,High,Medium,No,8,53,Medium,Yes,2,Low,High,Public,Positive,3,No,High School,Near,Male,72,16+ hours,4,80-89%,3,1+ sessions,Within 0-100
1802,20,72,High,Medium,Yes,7,90,High,Yes,2,Medium,Medium,Public,Neutral,3,No,High School,Near,Male,68,16+ hours,4,70-79%,2,1+ sessions,Within 0-100
1803,16,61,High,Medium,Yes,6,53,Low,Yes,0,High,Medium,Public,Positive,4,Yes,High School,Moderate,Female,60,16+ hours,4,60-69%,1,No tutoring,Within 0-100
1804,11,96,Medium,High,No,5,66,High,Yes,2,Low,Medium,Public,Neutral,4,No,High School,Moderate,Male,68,11-15 hours,3,90-100%,4,1+ sessions,Within 0-100
1805,9,69,High,Medium,Yes,7,82,High,Yes,1,High,High,Public,Positive,2,No,High School,Near,Female,65,6-10 hours,2,60-69%,1,1+ sessions,Within 0-100
1806,10,97,Low,High,No,8,72,High,Yes,0,Low,Medium,Public,Neutral,3,No,Postgraduate,Moderate,Female,67,6-10 hours,2,90-100%,4,No tutoring,Within 0-100
1807,22,89,Low,Medium,No,8,78,Low,Yes,4,High,Medium,Private,Positive,3,No,High School,Near,Female,70,16+ hours,4,80-89%,3,1+ sessions,Within 0-100
1808,23,91,Medium,Low,Yes,10,98,High,Yes,0,Low,High,Private,Negative,3,No,High School,Near,Female,70,16+ hours,4,90-100%,4,No tutoring,Within 0-100
1809,11,68,Medium,Medium,No,6,91,Low,Yes,3,Low,High,Public,Negative,2,No,College,Far,Female,61,11-15 hours,3,60-69%,1,1+ sessions,Within 0-100
1810,25,69,High,Low,Yes,5,68,Medium,Yes,2,High,High,Public,Positive,4,No,College,Far,Male,68,16+ hours,4,60-69%,1,1+ sessions,Within 0-100
1811,17,81,Medium,High,No,7,80,High,Yes,1,Low,Medium,Public,Negative,3,No,Postgraduate,Near,Female,67,16+ hours,4,80-89%,3,1+ sessions,Within 0-100
1812,21,67,Medium,High,No,7,52,Medium,Yes,3,Low,Medium,Public,Negative,3,Yes,High School,Moderate,Female,62,16+ hours,4,60-69%,1,1+ sessions,Within 0-100
1813,30,72,Medium,Low,No,7,73,Medium,Yes,0,High,Medium,Public,Neutral,4,No,High School,Moderate,Male,66,16+ hours,4,70-79%,2,No tutoring,Within 0-100
1814,25,73,High,Medium,Yes,6,80,Medium,Yes,3,High,Medium,Public,Positive,2,No,High School,Far,Female,69,16+ hours,4,70-79%,2,1+ sessions,Within 0-100
1815,18,66,Medium,High,Yes,4,86,Medium,Yes,2,Medium,Medium,Public,Negative,4,No,College,Near,Female,66,16+ hours,4,60-69%,1,1+ sessions,Within 0-100
1816,15,68,Medium,Medium,Yes,5,95,Medium,Yes,0,High,Medium,Public,Negative,5,No,College,Near,Female,64,11-15 hours,3,60-69%,1,No tutoring,Within 0-100
1817,7,92,High,Medium,No,8,64,High,Yes,1,Low,Low,Public,Neutral,4,No,Postgraduate,Near,Male,66,6-10 hours,2,90-100%,4,1+ sessions,Within 0-100
1818,16,67,Medium,Medium,No,7,95,Low,Yes,2,Medium,Medium,Public,Neutral,5,Yes,High School,Near,Male,63,16+ hours,4,60-69%,1,1+ sessions,Within 0-100
1819,19,61,Low,High,Yes,8,83,Low,Yes,1,Medium,Medium,Private,Negative,3,No,High School,Near,Male,62,16+ hours,4,60-69%,1,1+ sessions,Within 0-100
1820,14,85,Medium,Medium,Yes,8,54,Low,Yes,1,High,Medium,Private,Negative,4,No,Postgraduate,Moderate,Male,65,11-15 hours,3,80-89%,3,1+ sessions,Within 0-100
1821,19,99,Low,High,No,8,69,Low,Yes,0,High,Medium,Private,Negative,2,No,High School,Moderate,Male,68,16+ hours,4,90-100%,4,No tutoring,Within 0-100
1822,20,73,High,High,Yes,8,74,Low,Yes,1,Low,Low,Private,Negative,4,No,High School,Moderate,Male,65,16+ hours,4,70-79%,2,1+ sessions,Within 0-100
1823,19,65,Medium,High,Yes,7,68,Low,Yes,1,Low,Low,Public,Neutral,4,No,College,Near,Female,63,16+ hours,4,60-69%,1,1+ sessions,Within 0-100
1824,16,83,High,High,Yes,7,56,Medium,Yes,3,Medium,Medium,Public,Negative,2,No,High School,Near,Male,68,16+ hours,4,80-89%,3,1+ sessions,Within 0-100
1825,21,96,Medium,High,Yes,4,78,Low,Yes,2,High,Medium,Private,Positive,2,No,High School,Near,Male,72,16+ hours,4,90-100%,4,1+ sessions,Within 0-100
1826,23,91,High,Low,No,6,57,Medium,Yes,2,Low,Medium,Private,Positive,3,No,High School,Near,Male,69,16+ hours,4,90-100%,4,1+ sessions,Within 0-100
1827,13,85,Low,Medium,No,6,96,Low,Yes,1,Low,High,Public,Positive,5,No,Postgraduate,Far,Male,66,11-15 hours,3,80-89%,3,1+ sessions,Within 0-100
1828,28,73,Low,Low,Yes,7,93,High,Yes,2,Low,High,Private,Neutral,3,No,College,Near,Male,68,16+ hours,4,70-79%,2,1+ sessions,Within 0-100
1829,19,82,Low,Low,No,6,74,Medium,Yes,1,Medium,High,Public,Neutral,2,No,High School,Moderate,Male,64,16+ hours,4,80-89%,3,1+ sessions,Within 0-100
1830,20,64,Medium,Low,Yes,8,53,Low,Yes,1,Low,Medium,Public,Positive,2,No,High School,Near,Male,61,16+ hours,4,60-69%,1,1+ sessions,Within 0-100
1831,24,87,Low,Medium,No,6,78,High,Yes,0,Low,Low,Public,Neutral,2,Yes,Postgraduate,Near,Male,67,16+ hours,4,80-89%,3,No tutoring,Within 0-100
1832,21,89,Medium,Low,Yes,9,80,Medium,Yes,0,Medium,Low,Public,Neutral,3,No,Postgraduate,Moderate,Male,68,16+ hours,4,80-89%,3,No tutoring,Within 0-100
1833,26,99,Medium,Medium,No,6,94,High,Yes,2,Medium,Medium,Public,Positive,3,No,High School,Near,Male,74,16+ hours,4,90-100%,4,1+ sessions,Within 0-100
1834,22,70,Medium,High,Yes,6,53,Medium,Yes,3,Medium,High,Public,Positive,2,No,High School,Near,Female,67,16+ hours,4,70-79%,2,1+ sessions,Within 0-100
1835,16,61,Medium,High,Yes,6,85,Medium,Yes,2,Medium,Medium,Private,Positive,3,No,High School,Near,Male,64,16+ hours,4,60-69%,1,1+ sessions,Within 0-100
1836,22,82,Low,High,No,6,78,Medium,Yes,3,Medium,High,Public,Neutral,3,No,High School,Moderate,Male,69,16+ hours,4,80-89%,3,1+ sessions,Within 0-100
1837,13,88,High,Medium,Yes,9,59,Medium,Yes,0,Low,Medium,Private,Negative,3,Yes,High School,Far,Female,63,11-15 hours,3,80-89%,3,No tutoring,Within 0-100
1838,21,92,Medium,Medium,No,7,56,Medium,Yes,0,Low,Medium,Private,Neutral,4,No,High School,Moderate,Female,67,16+ hours,4,90-100%,4,No tutoring,Within 0-100
1839,20,68,High,Medium,Yes,7,85,Medium,Yes,1,Medium,Medium,Public,Neutral,3,No,College,Far,Male,65,16+ hours,4,60-69%,1,1+ sessions,Within 0-100
1840,19,70,Medium,Medium,Yes,6,67,Medium,Yes,5,Medium,Low,Public,Positive,4,No,Postgraduate,Moderate,Female,67,16+ hours,4,70-79%,2,1+ sessions,Within 0-100
1841,19,81,High,Medium,No,7,100,Medium,Yes,1,Low,Medium,Private,Negative,5,No,Postgraduate,Moderate,Female,68,16+ hours,4,80-89%,3,1+ sessions,Within 0-100
1842,9,73,Medium,Low,Yes,7,95,Medium,No,3,Low,Medium,Private,Negative,3,No,Postgraduate,Near,Male,62,6-10 hours,2,70-79%,2,1+ sessions,Within 0-100
1843,17,94,High,Medium,Yes,7,78,Medium,Yes,1,Low,High,Public,Neutral,3,No,College,Near,Female,70,16+ hours,4,90-100%,4,1+ sessions,Within 0-100
1844,21,79,Low,High,Yes,7,82,Medium,Yes,1,High,Medium,Public,Negative,3,No,High School,Near,Female,67,16+ hours,4,70-79%,2,1+ sessions,Within 0-100
1845,21,92,High,High,Yes,9,58,Medium,Yes,2,High,Medium,Public,Neutral,5,No,High School,Moderate,Female,89,16+ hours,4,90-100%,4,1+ sessions,Within 0-100
1846,14,83,High,Medium,Yes,7,95,Low,Yes,1,Low,Medium,Private,Neutral,2,Yes,High School,Near,Female,65,11-15 hours,3,80-89%,3,1+ sessions,Within 0-100
1847,28,91,Low,Medium,Yes,5,73,Medium,No,2,Medium,Medium,Public,Neutral,2,No,High School,Near,Female,69,16+ hours,4,90-100%,4,1+ sessions,Within 0-100
1848,15,73,Medium,Medium,No,7,76,High,Yes,2,Low,Medium,Public,Positive,4,No,High School,Far,Female,64,11-15 hours,3,70-79%,2,1+ sessions,Within 0-100
1849,26,93,High,Low,No,6,94,Medium,Yes,6,High,Medium,Private,Negative,4,No,High School,Near,Female,74,16+ hours,4,90-100%,4,1+ sessions,Within 0-100
1850,23,71,Medium,High,No,8,50,Medium,Yes,0,High,Medium,Public,Positive,2,No,High School,Far,Female,64,16+ hours,4,70-79%,2,No tutoring,Within 0-100
1851,16,82,Low,High,No,7,75,Medium,Yes,0,Low,Medium,Public,Negative,2,No,Postgraduate,Moderate,Female,64,16+ hours,4,80-89%,3,No tutoring,Within 0-100
1852,31,69,Medium,Low,Yes,9,81,Medium,Yes,2,Medium,Medium,Private,Negative,2,No,College,Near,Male,67,16+ hours,4,60-69%,1,1+ sessions,Within 0-100
1853,13,79,Low,Low,Yes,6,58,High,Yes,2,Medium,Medium,Public,Positive,4,No,College,Moderate,Male,63,11-15 hours,3,70-79%,2,1+ sessions,Within 0-100
1854,26,73,High,Medium,Yes,7,53,Low,Yes,3,Medium,High,Private,Neutral,5,No,High School,Moderate,Female,68,16+ hours,4,70-79%,2,1+ sessions,Within 0-100
1855,26,71,Low,Medium,Yes,5,77,Low,Yes,0,Medium,Medium,Public,Neutral,5,No,Postgraduate,Near,Male,66,16+ hours,4,70-79%,2,No tutoring,Within 0-100
1856,16,99,Low,High,Yes,7,77,High,Yes,0,Low,Medium,Public,Neutral,3,Yes,High School,Moderate,Female,68,16+ hours,4,90-100%,4,No tutoring,Within 0-100
1857,28,66,Medium,High,No,5,67,Medium,Yes,1,High,Medium,Private,Positive,1,No,Postgraduate,Moderate,Female,68,16+ hours,4,60-69%,1,1+ sessions,Within 0-100
1858,18,91,Medium,Medium,No,7,94,Medium,Yes,3,Low,Medium,Private,Neutral,2,No,High School,Near,Female,69,16+ hours,4,90-100%,4,1+ sessions,Within 0-100
1859,22,99,High,Low,No,7,65,Medium,Yes,3,Low,Low,Public,Neutral,3,No,Postgraduate,Near,Female,71,16+ hours,4,90-100%,4,1+ sessions,Within 0-100
1860,22,61,Low,High,Yes,7,76,Medium,Yes,1,High,Medium,Public,Positive,3,No,College,Near,Female,65,16+ hours,4,60-69%,1,1+ sessions,Within 0-100
1861,19,88,Low,Medium,Yes,8,59,Medium,Yes,2,Medium,Medium,Private,Neutral,4,No,High School,Near,Male,67,16+ hours,4,80-89%,3,1+ sessions,Within 0-100
1862,25,70,Medium,Medium,No,7,51,Medium,Yes,1,High,Medium,Public,Negative,4,No,College,Near,Female,65,16+ hours,4,70-79%,2,1+ sessions,Within 0-100
1863,25,62,High,Medium,No,5,71,Medium,Yes,0,Low,High,Private,Positive,4,No,High School,Moderate,Male,65,16+ hours,4,60-69%,1,No tutoring,Within 0-100
1864,10,76,Medium,Low,No,6,76,Medium,Yes,1,High,High,Public,Negative,2,No,Postgraduate,Near,Male,80,6-10 hours,2,70-79%,2,1+ sessions,Within 0-100
1865,28,97,Medium,Medium,Yes,7,88,High,Yes,2,Medium,Medium,Public,Neutral,2,No,High School,Moderate,Male,74,16+ hours,4,90-100%,4,1+ sessions,Within 0-100
1866,10,60,Medium,Medium,No,7,72,Low,No,3,Medium,Low,Public,Positive,3,No,High School,Near,Male,59,6-10 hours,2,60-69%,1,1+ sessions,Within 0-100
1867,26,84,Medium,Medium,No,7,64,Low,Yes,2,High,High,Public,Neutral,3,No,High School,Near,Male,69,16+ hours,4,80-89%,3,1+ sessions,Within 0-100
1868,27,80,Medium,Low,Yes,9,80,Medium,Yes,0,High,Medium,Public,Neutral,2,Yes,High School,Moderate,Male,66,16+ hours,4,80-89%,3,No tutoring,Within 0-100
1869,13,95,Medium,Medium,Yes,7,69,Medium,Yes,1,Low,Low,Public,Positive,2,Yes,Postgraduate,Moderate,Female,66,11-15 hours,3,90-100%,4,1+ sessions,Within 0-100
1870,18,63,High,High,No,8,62,Medium,Yes,2,High,Medium,Public,Positive,4,No,High School,Near,Female,65,16+ hours,4,60-69%,1,1+ sessions,Within 0-100
1871,13,87,High,Medium,Yes,4,96,Low,Yes,3,Low,Low,Public,Neutral,3,Yes,College,Near,Male,67,11-15 hours,3,80-89%,3,1+ sessions,Within 0-100
1872,19,87,High,High,No,8,77,Low,Yes,3,Low,Medium,Private,Neutral,4,No,High School,Moderate,Male,69,16+ hours,4,80-89%,3,1+ sessions,Within 0-100
1873,18,87,Medium,Low,Yes,10,60,High,Yes,2,Medium,Medium,Public,Positive,3,No,High School,Near,Female,68,16+ hours,4,80-89%,3,1+ sessions,Within 0-100
1874,25,98,Medium,Medium,Yes,9,84,Medium,Yes,1,Medium,High,Private,Neutral,2,No,Postgraduate,Near,Female,73,16+ hours,4,90-100%,4,1+ sessions,Within 0-100
1875,28,93,Low,High,Yes,6,90,Medium,Yes,1,Low,Medium,Public,Positive,2,Yes,High School,Near,Female,71,16+ hours,4,90-100%,4,1+ sessions,Within 0-100
1876,28,62,High,Medium,Yes,10,88,Medium,Yes,0,Low,High,Public,Positive,2,Yes,Postgraduate,Moderate,Male,67,16+ hours,4,60-69%,1,No tutoring,Within 0-100
1877,17,79,Medium,Medium,Yes,7,80,Low,Yes,1,High,High,Public,Positive,3,No,College,Near,Female,67,16+ hours,4,70-79%,2,1+ sessions,Within 0-100
1878,19,76,High,Low,No,7,76,Medium,Yes,0,High,High,Public,Neutral,2,No,Postgraduate,Near,Male,66,16+ hours,4,70-79%,2,No tutoring,Within 0-100
1879,10,72,Medium,Low,No,7,89,Medium,Yes,3,Medium,Medium,Public,Negative,4,No,College,Near,Female,63,6-10 hours,2,70-79%,2,1+ sessions,Within 0-100
1880,15,78,High,High,No,7,85,Medium,No,1,High,Medium,Public,Negative,1,No,High School,Far,Male,65,11-15 hours,3,70-79%,2,1+ sessions,Within 0-100
1881,26,75,Medium,Low,Yes,4,79,Medium,Yes,2,High,Medium,Public,Negative,1,No,College,Near,Male,67,16+ hours,4,70-79%,2,1+ sessions,Within 0-100
1882,30,77,Medium,Low,Yes,8,83,Medium,Yes,1,Low,Low,Public,Positive,3,No,College,Near,Male,69,16+ hours,4,70-79%,2,1+ sessions,Within 0-100
1883,13,99,Medium,Medium,Yes,7,58,Medium,Yes,1,Low,Medium,Public,Neutral,2,No,High School,Near,Male,67,11-15 hours,3,90-100%,4,1+ sessions,Within 0-100
1884,16,64,High,Medium,Yes,7,51,High,Yes,4,High,High,Public,Neutral,3,No,College,Near,Male,66,16+ hours,4,60-69%,1,1+ sessions,Within 0-100
1885,20,97,High,High,Yes,7,97,Low,Yes,2,Medium,High,Private,Neutral,4,No,High School,Moderate,Female,74,16+ hours,4,90-100%,4,1+ sessions,Within 0-100
1886,22,79,High,Medium,No,6,97,Medium,No,2,High,Unknown,Public,Positive,2,No,College,Moderate,Female,69,16+ hours,4,70-79%,2,1+ sessions,Within 0-100
1887,15,85,Low,Medium,Yes,7,89,High,Yes,0,Medium,Medium,Public,Negative,4,No,College,Moderate,Female,66,11-15 hours,3,80-89%,3,No tutoring,Within 0-100
1888,23,93,High,Low,Yes,9,69,Low,Yes,0,Medium,Medium,Private,Positive,3,Yes,Postgraduate,Moderate,Male,69,16+ hours,4,90-100%,4,No tutoring,Within 0-100
1889,17,74,Medium,Medium,Yes,8,58,Low,Yes,1,High,Medium,Public,Neutral,2,No,College,Far,Male,63,16+ hours,4,70-79%,2,1+ sessions,Within 0-100
1890,20,77,Medium,Low,Yes,7,68,Medium,No,0,Medium,High,Private,Positive,3,No,College,Near,Female,65,16+ hours,4,70-79%,2,No tutoring,Within 0-100
1891,23,76,Low,Medium,No,7,86,Low,No,1,Low,Medium,Private,Positive,4,No,College,Far,Male,64,16+ hours,4,70-79%,2,1+ sessions,Within 0-100
1892,20,75,Low,Medium,No,7,67,High,Yes,0,Medium,Medium,Private,Neutral,4,No,High School,Near,Male,64,16+ hours,4,70-79%,2,No tutoring,Within 0-100
1893,17,97,Low,High,Yes,6,90,Low,Yes,2,Medium,Low,Public,Negative,2,No,High School,Moderate,Male,69,16+ hours,4,90-100%,4,1+ sessions,Within 0-100
1894,19,93,High,High,No,7,84,Medium,Yes,5,Low,High,Public,Negative,3,No,High School,Near,Female,73,16+ hours,4,90-100%,4,1+ sessions,Within 0-100
1895,19,64,Medium,Medium,Yes,8,81,High,Yes,1,Medium,Medium,Public,Negative,3,Yes,High School,Moderate,Male,62,16+ hours,4,60-69%,1,1+ sessions,Within 0-100
1896,18,64,Low,Low,Yes,7,97,Low,Yes,2,Medium,Low,Private,Neutral,4,No,College,Near,Male,62,16+ hours,4,60-69%,1,1+ sessions,Within 0-100
1897,18,77,Medium,Medium,Yes,6,95,High,Yes,0,Medium,High,Private,Positive,2,No,Postgraduate,Moderate,Female,68,16+ hours,4,70-79%,2,No tutoring,Within 0-100
1898,30,64,Medium,Medium,No,7,86,Low,Yes,1,Medium,Medium,Private,Positive,3,No,Postgraduate,Far,Female,66,16+ hours,4,60-69%,1,1+ sessions,Within 0-100
1899,23,85,Low,High,Yes,8,60,High,Yes,2,Medium,Medium,Public,Positive,1,Yes,College,Moderate,Female,68,16+ hours,4,80-89%,3,1+ sessions,Within 0-100
1900,18,66,Low,High,Yes,5,97,Medium,Yes,4,Medium,Medium,Public,Neutral,4,No,High School,Moderate,Male,66,16+ hours,4,60-69%,1,1+ sessions,Within 0-100
1901,24,81,Low,Medium,Yes,6,61,Low,Yes,3,Medium,Medium,Public,Positive,3,No,Postgraduate,Near,Male,69,16+ hours,4,80-89%,3,1+ sessions,Within 0-100
1902,18,60,Medium,Medium,Yes,5,69,Medium,Yes,0,Medium,Medium,Public,Neutral,2,No,Postgraduate,Near,Female,62,16+ hours,4,60-69%,1,No tutoring,Within 0-100
1903,27,73,Low,Medium,No,7,91,Medium,Yes,2,High,Medium,Public,Neutral,4,No,College,Far,Female,68,16+ hours,4,70-79%,2,1+ sessions,Within 0-100
1904,22,87,Medium,Medium,No,8,60,Low,Yes,2,Medium,High,Public,Negative,2,No,College,Moderate,Male,67,16+ hours,4,80-89%,3,1+ sessions,Within 0-100
1905,19,79,Low,Medium,No,9,82,Medium,Yes,1,Low,Medium,Private,Neutral,4,No,High School,Near,Male,65,16+ hours,4,70-79%,2,1+ sessions,Within 0-100
1906,23,99,Low,Medium,No,9,73,Medium,Yes,0,Low,Medium,Public,Negative,4,No,College,Near,Male,69,16+ hours,4,90-100%,4,No tutoring,Within 0-100
1907,11,95,Medium,Medium,No,6,81,High,Yes,2,Low,Low,Public,Positive,3,No,High School,Near,Male,67,11-15 hours,3,90-100%,4,1+ sessions,Within 0-100
1908,13,74,Low,Low,Yes,7,98,High,Yes,0,Medium,Medium,Public,Positive,3,No,Postgraduate,Near,Female,64,11-15 hours,3,70-79%,2,No tutoring,Within 0-100
1909,13,62,Low,Medium,Yes,6,90,Medium,No,3,High,High,Private,Neutral,3,Yes,Postgraduate,Near,Female,62,11-15 hours,3,60-69%,1,1+ sessions,Within 0-100
1910,21,94,Medium,Medium,Yes,9,65,Low,Yes,5,High,High,Private,Neutral,3,Yes,High School,Near,Male,71,16+ hours,4,90-100%,4,1+ sessions,Within 0-100
1911,30,96,Medium,High,Yes,9,53,Medium,No,0,Medium,Medium,Private,Neutral,3,No,High School,Near,Male,72,16+ hours,4,90-100%,4,No tutoring,Within 0-100
1912,33,93,High,High,Yes,7,98,Low,Yes,0,Medium,Medium,Public,Negative,2,Yes,High School,Near,Female,74,16+ hours,4,90-100%,4,No tutoring,Within 0-100
1913,24,65,Low,High,No,6,79,Low,Yes,1,Medium,High,Public,Neutral,2,No,Postgraduate,Near,Male,66,16+ hours,4,60-69%,1,1+ sessions,Within 0-100
1914,23,100,High,Low,Yes,4,59,Medium,Yes,2,Medium,Medium,Public,Positive,4,No,High School,Near,Female,72,16+ hours,4,90-100%,4,1+ sessions,Within 0-100
1915,9,70,High,Medium,No,5,81,Medium,Yes,1,High,High,Private,Neutral,4,No,Postgraduate,Near,Female,65,6-10 hours,2,70-79%,2,1+ sessions,Within 0-100
1916,17,89,High,Medium,Yes,4,52,High,Yes,0,Low,Medium,Public,Positive,3,No,College,Far,Female,67,16+ hours,4,80-89%,3,No tutoring,Within 0-100
1917,15,96,Medium,High,Yes,5,59,High,Yes,2,Medium,High,Private,Neutral,2,No,High School,Near,Male,70,11-15 hours,3,90-100%,4,1+ sessions,Within 0-100
1918,16,69,High,Medium,Yes,10,82,Medium,Yes,0,Low,High,Public,Negative,1,Yes,High School,Moderate,Male,62,16+ hours,4,60-69%,1,No tutoring,Within 0-100
1919,19,96,Low,Low,Yes,5,70,High,Yes,0,Low,Medium,Public,Positive,2,No,High School,Far,Male,66,16+ hours,4,90-100%,4,No tutoring,Within 0-100
1920,17,72,Low,Medium,Yes,5,66,Medium,Yes,2,High,High,Public,Negative,3,No,College,Near,Male,65,16+ hours,4,70-79%,2,1+ sessions,Within 0-100
1921,8,99,Low,High,Yes,6,83,High,Yes,2,Medium,High,Public,Positive,4,Yes,Postgraduate,Near,Male,70,6-10 hours,2,90-100%,4,1+ sessions,Within 0-100
1922,24,71,High,High,Yes,10,93,Low,Yes,2,Medium,Medium,Private,Positive,2,Yes,College,Near,Female,69,16+ hours,4,70-79%,2,1+ sessions,Within 0-100
1923,14,98,Medium,Medium,Yes,7,84,Low,Yes,3,High,Medium,Public,Neutral,3,No,High School,Near,Female,70,11-15 hours,3,90-100%,4,1+ sessions,Within 0-100
1924,21,62,High,High,No,8,73,Medium,Yes,2,High,Medium,Private,Negative,2,No,College,Near,Female,66,16+ hours,4,60-69%,1,1+ sessions,Within 0-100
1925,32,88,Medium,Low,Yes,7,83,Low,Yes,1,Low,High,Private,Positive,4,No,Postgraduate,Near,Male,73,16+ hours,4,80-89%,3,1+ sessions,Within 0-100
1926,14,81,High,Medium,No,4,85,Low,Yes,3,Medium,High,Public,Positive,4,No,Postgraduate,Moderate,Female,69,11-15 hours,3,80-89%,3,1+ sessions,Within 0-100
1927,5,79,High,High,Yes,9,89,Low,Yes,3,Medium,Medium,Private,Neutral,3,No,College,Near,Female,66,1-5 hours,1,70-79%,2,1+ sessions,Within 0-100
1928,18,69,High,Medium,Yes,8,65,Medium,Yes,4,Medium,Medium,Public,Neutral,4,No,High School,Far,Male,65,16+ hours,4,60-69%,1,1+ sessions,Within 0-100
1929,27,88,Medium,Low,No,7,56,High,Yes,2,Low,Medium,Public,Neutral,4,No,Postgraduate,Near,Female,70,16+ hours,4,80-89%,3,1+ sessions,Within 0-100
1930,32,68,High,High,No,10,84,Medium,Yes,0,Medium,High,Private,Positive,2,No,Postgraduate,Far,Male,70,16+ hours,4,60-69%,1,No tutoring,Within 0-100
1931,13,82,High,Medium,No,6,56,High,Yes,2,Low,High,Public,Neutral,4,No,Postgraduate,Near,Male,67,11-15 hours,3,80-89%,3,1+ sessions,Within 0-100
1932,23,70,Medium,High,Yes,7,73,High,Yes,1,Low,Medium,Private,Positive,3,No,Postgraduate,Near,Male,68,16+ hours,4,70-79%,2,1+ sessions,Within 0-100
1933,17,98,Medium,Low,Yes,6,62,Low,Yes,1,Medium,Medium,Private,Neutral,2,No,College,Near,Female,68,16+ hours,4,90-100%,4,1+ sessions,Within 0-100
1934,19,61,High,Medium,No,9,67,Medium,Yes,0,Low,Medium,Public,Negative,2,No,College,Far,Female,61,16+ hours,4,60-69%,1,No tutoring,Within 0-100
1935,36,68,Medium,Medium,Yes,8,74,High,Yes,2,Medium,Medium,Public,Negative,3,No,High School,Near,Male,70,16+ hours,4,60-69%,1,1+ sessions,Within 0-100
1936,11,70,High,High,No,7,95,High,Yes,0,Low,High,Public,Negative,5,No,College,Moderate,Male,65,11-15 hours,3,70-79%,2,No tutoring,Within 0-100
1937,22,77,Low,Medium,Yes,5,84,Medium,No,3,High,Medium,Public,Positive,2,No,High School,Moderate,Male,66,16+ hours,4,70-79%,2,1+ sessions,Within 0-100
1938,23,69,Medium,Medium,Yes,6,59,Medium,Yes,3,High,Medium,Public,Neutral,3,No,Postgraduate,Moderate,Male,67,16+ hours,4,60-69%,1,1+ sessions,Within 0-100
1939,27,80,Low,Low,Yes,5,94,High,Yes,3,High,Medium,Public,Negative,3,No,High School,Near,Male,69,16+ hours,4,80-89%,3,1+ sessions,Within 0-100
1940,21,95,Medium,High,No,9,75,Medium,Yes,1,Low,Medium,Public,Neutral,2,No,College,Far,Male,69,16+ hours,4,90-100%,4,1+ sessions,Within 0-100
1941,22,88,Medium,Medium,Yes,5,60,Low,Yes,1,Low,Medium,Public,Neutral,2,No,High School,Moderate,Male,67,16+ hours,4,80-89%,3,1+ sessions,Within 0-100
1942,18,83,High,Low,No,9,76,Medium,Yes,0,Medium,Low,Private,Neutral,4,No,High School,Near,Female,66,16+ hours,4,80-89%,3,No tutoring,Within 0-100
1943,22,64,Low,Medium,Yes,9,60,Medium,Yes,1,High,High,Private,Neutral,2,No,High School,Near,Male,63,16+ hours,4,60-69%,1,1+ sessions,Within 0-100
1944,18,88,High,Medium,No,6,68,Low,Yes,0,Medium,High,Public,Neutral,4,No,High School,Far,Female,67,16+ hours,4,80-89%,3,No tutoring,Within 0-100
1945,24,67,High,Low,Yes,6,90,Medium,Yes,0,Low,Medium,Public,Neutral,1,No,College,Far,Male,64,16+ hours,4,60-69%,1,No tutoring,Within 0-100
1946,18,91,Medium,Low,No,6,83,Medium,Yes,2,Low,Medium,Private,Neutral,4,No,High School,Near,Male,68,16+ hours,4,90-100%,4,1+ sessions,Within 0-100
1947,22,70,Medium,High,Yes,8,74,Low,Yes,2,Low,High,Public,Negative,2,No,Unknown,Moderate,Male,65,16+ hours,4,70-79%,2,1+ sessions,Within 0-100
1948,20,77,Medium,Low,No,9,61,Medium,Yes,2,Medium,Medium,Public,Neutral,3,No,High School,Near,Male,65,16+ hours,4,70-79%,2,1+ sessions,Within 0-100
1949,27,74,Medium,Low,Yes,9,64,High,No,1,Low,Medium,Public,Neutral,3,No,High School,Near,Male,65,16+ hours,4,70-79%,2,1+ sessions,Within 0-100
1950,20,94,Low,Medium,Yes,6,99,Medium,Yes,0,Medium,Medium,Public,Negative,4,No,College,Near,Female,70,16+ hours,4,90-100%,4,No tutoring,Within 0-100
1951,9,65,Medium,High,Yes,9,67,Medium,Yes,1,High,Medium,Public,Neutral,3,No,High School,Near,Female,62,6-10 hours,2,60-69%,1,1+ sessions,Within 0-100
1952,28,83,High,Low,No,9,81,Medium,Yes,0,Low,Medium,Public,Neutral,4,No,High School,Moderate,Male,68,16+ hours,4,80-89%,3,No tutoring,Within 0-100
1953,15,66,Low,High,Yes,7,75,Low,Yes,0,High,High,Public,Negative,3,No,College,Near,Male,62,11-15 hours,3,60-69%,1,No tutoring,Within 0-100
1954,16,88,Medium,High,Yes,7,51,Medium,Yes,0,Medium,Medium,Public,Positive,3,No,College,Near,Female,68,16+ hours,4,80-89%,3,No tutoring,Within 0-100
1955,16,96,High,Medium,Yes,9,97,Medium,Yes,0,Medium,High,Private,Neutral,5,No,College,Near,Male,72,16+ hours,4,90-100%,4,No tutoring,Within 0-100
1956,28,77,High,Medium,Yes,9,54,Low,Yes,1,High,Medium,Public,Positive,3,No,Postgraduate,Near,Female,70,16+ hours,4,70-79%,2,1+ sessions,Within 0-100
1957,7,80,High,Medium,No,9,83,Low,No,3,Medium,Medium,Public,Neutral,3,No,High School,Far,Female,62,6-10 hours,2,80-89%,3,1+ sessions,Within 0-100
1958,39,97,High,High,Yes,10,91,Medium,Yes,2,Low,Medium,Public,Positive,3,No,High School,Moderate,Female,79,16+ hours,4,90-100%,4,1+ sessions,Within 0-100
1959,26,81,Medium,High,Yes,8,87,Medium,Yes,2,High,High,Public,Neutral,1,No,Postgraduate,Near,Male,73,16+ hours,4,80-89%,3,1+ sessions,Within 0-100
1960,21,80,High,High,Yes,7,90,High,Yes,1,Low,Low,Public,Negative,2,No,College,Far,Male,68,16+ hours,4,80-89%,3,1+ sessions,Within 0-100
1961,20,83,High,Medium,Yes,9,87,Low,Yes,0,High,Medium,Public,Neutral,2,No,High School,Near,Male,68,16+ hours,4,80-89%,3,No tutoring,Within 0-100
1962,22,88,Medium,Medium,Yes,10,72,Medium,Yes,2,Low,High,Public,Neutral,2,No,High School,Moderate,Female,69,16+ hours,4,80-89%,3,1+ sessions,Within 0-100
1963,23,64,Medium,Low,Yes,6,95,High,Yes,1,Low,Medium,Public,Positive,2,Yes,College,Far,Female,63,16+ hours,4,60-69%,1,1+ sessions,Within 0-100
1964,24,93,Medium,Medium,Yes,7,96,Medium,No,5,High,Medium,Public,Negative,4,No,Postgraduate,Near,Female,74,16+ hours,4,90-100%,4,1+ sessions,Within 0-100
1965,23,77,Medium,Medium,Yes,5,72,Medium,Yes,2,High,High,Public,Negative,5,No,College,Moderate,Female,69,16+ hours,4,70-79%,2,1+ sessions,Within 0-100
1966,21,63,Medium,Low,No,8,74,Medium,Yes,0,Low,Medium,Public,Negative,3,No,High School,Near,Female,61,16+ hours,4,60-69%,1,No tutoring,Within 0-100
1967,19,91,Medium,Low,Yes,8,74,Low,Yes,4,Medium,Medium,Public,Neutral,2,Yes,Postgraduate,Near,Female,69,16+ hours,4,90-100%,4,1+ sessions,Within 0-100
1968,19,75,Medium,Low,No,6,64,High,Yes,2,Low,Medium,Public,Neutral,3,No,High School,Near,Female,64,16+ hours,4,70-79%,2,1+ sessions,Within 0-100
1969,19,64,Medium,Medium,Yes,9,56,Low,Yes,2,Low,Medium,Public,Positive,4,No,Postgraduate,Far,Female,63,16+ hours,4,60-69%,1,1+ sessions,Within 0-100
1970,27,85,Low,High,No,6,63,Low,Yes,1,Low,Medium,Public,Negative,2,No,College,Near,Male,68,16+ hours,4,80-89%,3,1+ sessions,Within 0-100
1971,24,95,High,Medium,Yes,6,92,Medium,Yes,2,Low,Medium,Public,Neutral,3,No,High School,Far,Male,72,16+ hours,4,90-100%,4,1+ sessions,Within 0-100
1972,2,96,Low,High,Yes,9,77,Medium,Yes,3,Medium,Unknown,Public,Neutral,2,No,High School,Far,Female,65,1-5 hours,1,90-100%,4,1+ sessions,Within 0-100
1973,24,98,Low,Low,No,6,93,Low,No,2,Low,Low,Public,Positive,4,No,College,Near,Male,69,16+ hours,4,90-100%,4,1+ sessions,Within 0-100
1974,21,95,Medium,Low,No,5,87,Low,Yes,2,Medium,Medium,Private,Neutral,4,No,High School,Near,Male,70,16+ hours,4,90-100%,4,1+ sessions,Within 0-100
1975,20,60,Medium,Medium,Yes,8,67,Low,Yes,1,Medium,Medium,Public,Neutral,4,No,Postgraduate,Moderate,Female,63,16+ hours,4,60-69%,1,1+ sessions,Within 0-100
1976,18,75,Low,Medium,Yes,7,59,Low,Yes,0,Medium,Medium,Public,Positive,2,Yes,High School,Near,Female,62,16+ hours,4,70-79%,2,No tutoring,Within 0-100
1977,27,93,Medium,Medium,Yes,9,78,Low,Yes,1,Low,Medium,Public,Positive,2,No,Postgraduate,Near,Female,72,16+ hours,4,90-100%,4,1+ sessions,Within 0-100
1978,26,75,High,High,No,8,97,Medium,Yes,1,Low,Medium,Public,Neutral,4,No,High School,Far,Male,69,16+ hours,4,70-79%,2,1+ sessions,Within 0-100
1979,15,84,Medium,Medium,No,4,92,Low,Yes,2,Medium,Medium,Public,Negative,3,No,High School,Moderate,Female,66,11-15 hours,3,80-89%,3,1+ sessions,Within 0-100
1980,22,84,Medium,Medium,Yes,9,88,Medium,Yes,2,Low,High,Private,Neutral,4,No,Postgraduate,Near,Male,71,16+ hours,4,80-89%,3,1+ sessions,Within 0-100
1981,14,75,Low,Low,No,10,88,Medium,Yes,2,Low,Medium,Private,Negative,3,No,College,Moderate,Female,62,11-15 hours,3,70-79%,2,1+ sessions,Within 0-100
1982,12,96,Medium,Low,Yes,9,76,Medium,Yes,2,Medium,High,Public,Positive,2,No,High School,Near,Male,68,11-15 hours,3,90-100%,4,1+ sessions,Within 0-100
1983,16,80,High,Low,No,9,58,Low,Yes,0,Medium,Medium,Public,Neutral,2,No,High School,Near,Female,63,16+ hours,4,80-89%,3,No tutoring,Within 0-100
1984,25,79,Medium,Medium,Yes,7,64,Medium,Yes,0,Low,Medium,Public,Neutral,3,No,College,Far,Female,66,16+ hours,4,70-79%,2,No tutoring,Within 0-100
1985,26,100,High,Medium,Yes,6,79,High,Yes,1,Medium,High,Public,Positive,3,No,College,Moderate,Male,75,16+ hours,4,90-100%,4,1+ sessions,Within 0-100
1986,23,80,Medium,Low,Yes,7,66,High,Yes,1,High,High,Private,Positive,4,No,College,Near,Female,69,16+ hours,4,80-89%,3,1+ sessions,Within 0-100
1987,24,67,High,Medium,No,8,89,Medium,Yes,2,High,Low,Private,Positive,3,No,High School,Near,Female,68,16+ hours,4,60-69%,1,1+ sessions,Within 0-100
1988,23,81,High,Medium,No,8,69,Medium,Yes,5,Medium,Medium,Public,Negative,2,No,High School,Moderate,Male,69,16+ hours,4,80-89%,3,1+ sessions,Within 0-100
1989,16,93,High,Low,No,6,56,Medium,Yes,2,Low,Medium,Public,Positive,4,No,High School,Near,Male,67,16+ hours,4,90-100%,4,1+ sessions,Within 0-100
1990,23,91,High,Medium,Yes,6,89,Medium,Yes,3,Medium,Medium,Private,Negative,3,No,Postgraduate,Near,Male,73,16+ hours,4,90-100%,4,1+ sessions,Within 0-100
1991,25,92,Medium,High,Yes,5,85,Low,Yes,1,Low,Medium,Public,Negative,1,No,College,Near,Male,71,16+ hours,4,90-100%,4,1+ sessions,Within 0-100
1992,25,88,High,Medium,Yes,8,63,Medium,Yes,2,High,Medium,Public,Positive,3,No,High School,Moderate,Female,71,16+ hours,4,80-89%,3,1+ sessions,Within 0-100
1993,27,70,Medium,Medium,No,6,99,High,Yes,2,Low,Medium,Private,Neutral,2,No,High School,Near,Female,68,16+ hours,4,70-79%,2,1+ sessions,Within 0-100
1994,24,94,High,Low,No,7,70,Medium,Yes,1,High,Medium,Public,Neutral,1,No,High School,Near,Male,70,16+ hours,4,90-100%,4,1+ sessions,Within 0-100
1995,22,96,Low,High,Yes,10,84,Low,Yes,1,High,High,Public,Negative,3,No,High School,Near,Male,71,16+ hours,4,90-100%,4,1+ sessions,Within 0-100
1996,26,68,Medium,High,No,8,96,High,Yes,1,Medium,High,Public,Neutral,2,No,High School,Near,Male,69,16+ hours,4,60-69%,1,1+ sessions,Within 0-100
1997,20,65,High,Medium,No,7,58,Medium,No,3,Low,Medium,Private,Neutral,4,No,High School,Near,Male,63,16+ hours,4,60-69%,1,1+ sessions,Within 0-100
1998,15,99,Low,Medium,Yes,8,94,Medium,Yes,2,Medium,Medium,Private,Neutral,3,No,Postgraduate,Near,Male,71,11-15 hours,3,90-100%,4,1+ sessions,Within 0-100
1999,19,95,Medium,Medium,Yes,9,85,Medium,No,2,Low,Medium,Public,Negative,3,No,College,Near,Male,69,16+ hours,4,90-100%,4,1+ sessions,Within 0-100
2000,16,96,High,Medium,Yes,5,58,Medium,Yes,2,High,Low,Public,Positive,5,No,Postgraduate,Moderate,Male,71,16+ hours,4,90-100%,4,1+ sessions,Within 0-100
2001,16,95,Medium,Low,No,6,83,Low,Yes,2,Low,High,Private,Neutral,3,No,High School,Near,Female,68,16+ hours,4,90-100%,4,1+ sessions,Within 0-100
2002,19,82,Medium,Medium,No,7,94,Medium,Yes,1,Medium,Medium,Public,Positive,3,No,High School,Near,Female,68,16+ hours,4,80-89%,3,1+ sessions,Within 0-100
2003,15,86,Medium,Low,No,6,90,Medium,Yes,0,Medium,High,Public,Neutral,3,No,Postgraduate,Far,Male,66,11-15 hours,3,80-89%,3,No tutoring,Within 0-100
2004,18,82,Medium,Medium,No,7,88,Medium,Yes,3,Low,Medium,Public,Negative,3,No,College,Moderate,Female,67,16+ hours,4,80-89%,3,1+ sessions,Within 0-100
2005,9,62,Low,High,Yes,5,58,Low,Yes,0,Medium,High,Private,Positive,5,No,College,Moderate,Female,59,6-10 hours,2,60-69%,1,No tutoring,Within 0-100
2006,21,90,Low,Medium,No,8,60,Medium,Yes,1,Low,Medium,Public,Negative,2,No,College,Near,Female,66,16+ hours,4,90-100%,4,1+ sessions,Within 0-100
2007,20,80,Low,Low,No,6,77,Low,Yes,0,Medium,High,Private,Negative,3,No,High School,Near,Male,64,16+ hours,4,80-89%,3,No tutoring,Within 0-100
2008,15,86,Medium,Medium,No,7,79,Medium,Yes,1,Low,Medium,Public,Neutral,3,Yes,High School,Moderate,Female,64,11-15 hours,3,80-89%,3,1+ sessions,Within 0-100
2009,24,80,Medium,High,Yes,7,97,Medium,Yes,0,Low,High,Private,Neutral,4,No,High School,Moderate,Female,69,16+ hours,4,80-89%,3,No tutoring,Within 0-100
2010,26,80,High,Low,No,8,73,High,Yes,1,Medium,Medium,Public,Neutral,3,No,High School,Near,Male,69,16+ hours,4,80-89%,3,1+ sessions,Within 0-100
2011,10,67,Medium,Medium,No,4,65,Medium,No,3,Medium,Medium,Public,Positive,3,No,High School,Near,Male,61,6-10 hours,2,60-69%,1,1+ sessions,Within 0-100
2012,15,71,High,High,No,8,60,Medium,Yes,0,Low,High,Private,Negative,3,No,High School,Far,Female,62,11-15 hours,3,70-79%,2,No tutoring,Within 0-100
2013,15,66,Low,Medium,No,7,53,Medium,Yes,2,Medium,High,Public,Negative,3,No,College,Near,Female,61,11-15 hours,3,60-69%,1,1+ sessions,Within 0-100
2014,14,68,Medium,Medium,Yes,8,53,High,Yes,1,Medium,High,Private,Positive,2,No,College,Near,Female,63,11-15 hours,3,60-69%,1,1+ sessions,Within 0-100
2015,25,99,Medium,Low,No,5,79,Low,Yes,2,Low,Medium,Public,Positive,4,No,College,Near,Female,71,16+ hours,4,90-100%,4,1+ sessions,Within 0-100
2016,19,66,High,High,Yes,8,59,Medium,Yes,1,Medium,Low,Public,Positive,2,No,Postgraduate,Moderate,Female,65,16+ hours,4,60-69%,1,1+ sessions,Within 0-100
2017,18,71,High,High,Yes,9,93,Medium,Yes,1,Low,High,Private,Neutral,4,No,College,Moderate,Male,68,16+ hours,4,70-79%,2,1+ sessions,Within 0-100
2018,8,84,High,High,No,7,80,Medium,Yes,1,High,High,Public,Positive,4,No,High School,Moderate,Male,67,6-10 hours,2,80-89%,3,1+ sessions,Within 0-100
2019,24,84,Low,High,Yes,6,93,High,Yes,2,Low,Medium,Public,Neutral,1,No,High School,Near,Female,70,16+ hours,4,80-89%,3,1+ sessions,Within 0-100
2020,13,66,High,Medium,Yes,6,71,Medium,Yes,3,Medium,Medium,Public,Neutral,3,No,High School,Near,Male,64,11-15 hours,3,60-69%,1,1+ sessions,Within 0-100
2021,20,92,Medium,High,No,8,80,High,Yes,0,Medium,Medium,Private,Neutral,3,No,College,Near,Male,71,16+ hours,4,90-100%,4,No tutoring,Within 0-100
2022,22,91,High,Medium,Yes,8,76,Low,Yes,2,Medium,Medium,Public,Neutral,3,No,College,Moderate,Female,71,16+ hours,4,90-100%,4,1+ sessions,Within 0-100
2023,28,69,Medium,High,No,8,99,Low,Yes,0,High,Medium,Private,Negative,3,No,High School,Moderate,Female,67,16+ hours,4,60-69%,1,No tutoring,Within 0-100
2024,12,72,Medium,Low,Yes,7,90,Medium,Yes,0,High,Medium,Public,Positive,3,No,Postgraduate,Far,Male,63,11-15 hours,3,70-79%,2,No tutoring,Within 0-100
2025,2,98,Low,High,Yes,7,80,High,Yes,2,Low,High,Public,Neutral,1,No,High School,Near,Male,66,1-5 hours,1,90-100%,4,1+ sessions,Within 0-100
2026,21,93,Medium,Low,Yes,7,80,Medium,Yes,3,High,Medium,Public,Neutral,1,No,High School,Moderate,Male,70,16+ hours,4,90-100%,4,1+ sessions,Within 0-100
2027,31,88,Medium,Low,No,6,62,Medium,Yes,2,Low,Medium,Private,Positive,4,No,High School,Near,Male,70,16+ hours,4,80-89%,3,1+ sessions,Within 0-100
2028,27,63,Low,Medium,Yes,8,87,Medium,Yes,3,Low,High,Private,Positive,3,No,High School,Near,Female,67,16+ hours,4,60-69%,1,1+ sessions,Within 0-100
2029,21,77,Low,Medium,No,7,99,High,Yes,3,Medium,High,Public,Neutral,3,No,Postgraduate,Near,Male,69,16+ hours,4,70-79%,2,1+ sessions,Within 0-100
2030,17,82,High,Low,No,9,56,Low,Yes,3,High,Medium,Public,Positive,2,No,High School,Near,Female,66,16+ hours,4,80-89%,3,1+ sessions,Within 0-100
2031,25,67,Medium,High,No,9,82,Medium,Yes,1,Medium,Medium,Public,Positive,3,No,Postgraduate,Far,Female,67,16+ hours,4,60-69%,1,1+ sessions,Within 0-100
2032,14,78,High,Medium,Yes,7,76,Medium,Yes,0,High,Medium,Public,Negative,2,Yes,College,Near,Female,65,11-15 hours,3,70-79%,2,No tutoring,Within 0-100
2033,23,84,High,High,Yes,8,93,Medium,Yes,1,High,Medium,Public,Positive,3,No,Postgraduate,Far,Male,72,16+ hours,4,80-89%,3,1+ sessions,Within 0-100
2034,23,73,High,High,No,6,50,Medium,Yes,1,Medium,Medium,Public,Positive,3,No,College,Near,Male,68,16+ hours,4,70-79%,2,1+ sessions,Within 0-100
2035,26,91,High,Medium,Yes,7,57,Low,Yes,3,Medium,Medium,Public,Negative,3,No,College,Near,Male,72,16+ hours,4,90-100%,4,1+ sessions,Within 0-100
2036,37,94,High,Medium,Yes,8,52,High,Yes,1,Low,Medium,Private,Positive,3,No,Postgraduate,Near,Male,76,16+ hours,4,90-100%,4,1+ sessions,Within 0-100
2037,22,73,Medium,Low,Yes,5,58,Medium,Yes,4,Low,Medium,Public,Positive,3,Yes,College,Near,Female,65,16+ hours,4,70-79%,2,1+ sessions,Within 0-100
2038,17,94,Low,Medium,No,8,85,Medium,Yes,1,Medium,Low,Public,Positive,4,No,High School,Near,Male,68,16+ hours,4,90-100%,4,1+ sessions,Within 0-100
2039,20,64,Medium,Medium,Yes,6,57,Medium,Yes,3,Low,High,Public,Neutral,4,No,College,Near,Female,65,16+ hours,4,60-69%,1,1+ sessions,Within 0-100
2040,9,94,Medium,Medium,Yes,6,81,Low,Yes,0,Low,High,Public,Positive,3,No,High School,Near,Male,66,6-10 hours,2,90-100%,4,No tutoring,Within 0-100
2041,16,66,Low,Medium,No,6,93,Medium,Yes,7,Low,Medium,Public,Negative,2,No,High School,Far,Male,63,16+ hours,4,60-69%,1,1+ sessions,Within 0-100
2042,18,63,Medium,Low,No,7,52,Medium,Yes,2,High,High,Public,Positive,3,No,Postgraduate,Moderate,Female,63,16+ hours,4,60-69%,1,1+ sessions,Within 0-100
2043,17,86,Medium,Medium,Yes,5,51,Medium,Yes,2,Low,Medium,Private,Neutral,2,No,Postgraduate,Moderate,Male,66,16+ hours,4,80-89%,3,1+ sessions,Within 0-100
2044,21,79,High,Low,Yes,8,99,Medium,Yes,2,Low,High,Public,Positive,4,No,High School,Near,Male,69,16+ hours,4,70-79%,2,1+ sessions,Within 0-100
2045,15,96,Medium,High,Yes,7,84,High,Yes,3,Medium,Low,Public,Positive,1,No,Postgraduate,Near,Male,72,11-15 hours,3,90-100%,4,1+ sessions,Within 0-100
2046,27,75,Medium,Low,Yes,10,57,Medium,Yes,3,High,Low,Public,Negative,3,No,High School,Near,Male,66,16+ hours,4,70-79%,2,1+ sessions,Within 0-100
2047,20,71,Medium,Medium,Yes,7,65,Medium,No,2,Medium,Medium,Public,Negative,4,No,High School,Moderate,Female,64,16+ hours,4,70-79%,2,1+ sessions,Within 0-100
2048,20,80,Medium,Low,Yes,8,99,Low,Yes,0,Low,High,Private,Positive,3,No,High School,Unknown,Male,67,16+ hours,4,80-89%,3,No tutoring,Within 0-100
2049,18,78,High,High,Yes,6,61,Low,Yes,1,Low,Medium,Private,Positive,5,No,High School,Near,Male,67,16+ hours,4,70-79%,2,1+ sessions,Within 0-100
2050,21,74,Low,Medium,Yes,5,88,Medium,Yes,1,Medium,High,Public,Neutral,1,No,College,Near,Male,66,16+ hours,4,70-79%,2,1+ sessions,Within 0-100
2051,25,88,Medium,Low,Yes,8,62,Low,Yes,2,Low,Medium,Public,Neutral,2,No,High School,Near,Female,68,16+ hours,4,80-89%,3,1+ sessions,Within 0-100
2052,15,90,Medium,Medium,No,5,70,Medium,Yes,0,Medium,Medium,Private,Neutral,2,No,High School,Moderate,Male,65,11-15 hours,3,90-100%,4,No tutoring,Within 0-100
2053,16,94,Medium,High,Yes,8,94,High,Yes,2,Low,High,Private,Negative,3,No,High School,Near,Male,71,16+ hours,4,90-100%,4,1+ sessions,Within 0-100
2054,18,99,Medium,High,Yes,10,51,Medium,Yes,1,Medium,Low,Public,Neutral,4,No,Postgraduate,Near,Male,71,16+ hours,4,90-100%,4,1+ sessions,Within 0-100
2055,12,71,Medium,Medium,Yes,8,65,Medium,Yes,1,Medium,High,Private,Neutral,2,No,High School,Moderate,Male,62,11-15 hours,3,70-79%,2,1+ sessions,Within 0-100
2056,15,89,Medium,High,Yes,8,74,Low,Yes,2,Medium,High,Public,Positive,2,No,College,Near,Male,69,11-15 hours,3,80-89%,3,1+ sessions,Within 0-100
2057,17,76,Medium,Low,No,7,81,Low,Yes,4,High,Medium,Private,Neutral,2,No,High School,Near,Male,65,16+ hours,4,70-79%,2,1+ sessions,Within 0-100
2058,25,87,High,Low,No,6,51,Low,Yes,3,Medium,Medium,Public,Neutral,3,No,Postgraduate,Near,Male,70,16+ hours,4,80-89%,3,1+ sessions,Within 0-100
2059,22,79,Medium,Medium,Yes,7,71,Medium,Yes,2,Low,Unknown,Private,Neutral,2,No,College,Moderate,Male,66,16+ hours,4,70-79%,2,1+ sessions,Within 0-100
2060,21,100,Medium,Medium,No,6,67,Medium,Yes,0,High,Medium,Public,Positive,3,No,High School,Far,Male,70,16+ hours,4,90-100%,4,No tutoring,Within 0-100
2061,25,89,Medium,High,No,5,51,Low,Yes,2,Medium,High,Private,Negative,2,No,Postgraduate,Moderate,Female,70,16+ hours,4,80-89%,3,1+ sessions,Within 0-100
2062,19,98,Low,High,Yes,7,68,Medium,Yes,1,Low,Medium,Private,Neutral,4,No,High School,Moderate,Female,69,16+ hours,4,90-100%,4,1+ sessions,Within 0-100
2063,22,93,High,Low,Yes,9,97,Medium,Yes,2,Medium,Medium,Public,Neutral,3,Yes,High School,Near,Male,71,16+ hours,4,90-100%,4,1+ sessions,Within 0-100
2064,19,96,Medium,Medium,No,5,64,Medium,Yes,1,Medium,Medium,Public,Neutral,3,No,High School,Near,Male,69,16+ hours,4,90-100%,4,1+ sessions,Within 0-100
2065,22,93,High,Medium,No,9,79,Medium,Yes,2,Medium,High,Public,Positive,2,No,Postgraduate,Near,Female,73,16+ hours,4,90-100%,4,1+ sessions,Within 0-100
2066,17,78,Medium,Medium,Yes,9,65,Low,Yes,1,Medium,High,Public,Neutral,4,No,High School,Moderate,Female,65,16+ hours,4,70-79%,2,1+ sessions,Within 0-100
2067,5,70,High,High,Yes,8,55,Medium,Yes,3,Low,Medium,Public,Neutral,3,No,High School,Near,Male,62,1-5 hours,1,70-79%,2,1+ sessions,Within 0-100
2068,19,75,Medium,High,No,8,64,Medium,Yes,2,High,Low,Public,Negative,5,No,Postgraduate,Moderate,Female,67,16+ hours,4,70-79%,2,1+ sessions,Within 0-100
2069,29,61,Low,Medium,Yes,7,74,High,Yes,1,Medium,Medium,Public,Neutral,3,No,Postgraduate,Moderate,Male,65,16+ hours,4,60-69%,1,1+ sessions,Within 0-100
2070,26,81,Low,Medium,No,7,65,Low,Yes,1,Medium,Medium,Public,Neutral,3,No,High School,Far,Male,65,16+ hours,4,80-89%,3,1+ sessions,Within 0-100
2071,26,80,Medium,High,Yes,6,81,Medium,Yes,0,Medium,Medium,Public,Neutral,2,No,College,Near,Female,70,16+ hours,4,80-89%,3,No tutoring,Within 0-100
2072,27,81,Medium,Medium,Yes,7,97,Low,Yes,1,Medium,Medium,Public,Neutral,2,No,College,Near,Female,70,16+ hours,4,80-89%,3,1+ sessions,Within 0-100
2073,21,99,Medium,High,Yes,7,53,Medium,Yes,0,Medium,Low,Public,Neutral,4,No,Postgraduate,Near,Female,71,16+ hours,4,90-100%,4,No tutoring,Within 0-100
2074,21,96,High,Low,No,10,86,Low,Yes,1,Low,High,Public,Neutral,3,No,College,Near,Male,71,16+ hours,4,90-100%,4,1+ sessions,Within 0-100
2075,16,66,Medium,Medium,Yes,8,50,Low,Yes,1,Medium,High,Public,Neutral,4,No,High School,Moderate,Male,62,16+ hours,4,60-69%,1,1+ sessions,Within 0-100
2076,18,75,Medium,Low,No,7,50,Medium,Yes,4,Low,Medium,Public,Positive,2,No,Postgraduate,Near,Female,65,16+ hours,4,70-79%,2,1+ sessions,Within 0-100
2077,24,77,High,Medium,Yes,7,57,Medium,Yes,3,Medium,High,Public,Positive,2,No,College,Far,Male,84,16+ hours,4,70-79%,2,1+ sessions,Within 0-100
2078,27,74,Medium,Medium,Yes,6,74,Medium,Yes,2,Medium,High,Public,Neutral,2,No,College,Far,Male,68,16+ hours,4,70-79%,2,1+ sessions,Within 0-100
2079,19,92,High,Medium,Yes,6,52,Medium,Yes,3,High,Medium,Public,Positive,1,No,High School,Near,Male,70,16+ hours,4,90-100%,4,1+ sessions,Within 0-100
2080,17,81,Medium,High,No,8,86,Medium,Yes,1,Medium,Medium,Private,Neutral,3,No,Postgraduate,Near,Male,68,16+ hours,4,80-89%,3,1+ sessions,Within 0-100
2081,20,83,Medium,Medium,No,6,51,Medium,Yes,2,Low,High,Public,Negative,4,No,Postgraduate,Near,Male,67,16+ hours,4,80-89%,3,1+ sessions,Within 0-100
2082,24,94,Low,Medium,Yes,6,75,Low,Yes,1,Low,High,Public,Negative,4,No,High School,Near,Female,69,16+ hours,4,90-100%,4,1+ sessions,Within 0-100
2083,11,92,High,High,Yes,6,84,Medium,Yes,2,Low,Low,Public,Negative,1,No,High School,Near,Female,68,11-15 hours,3,90-100%,4,1+ sessions,Within 0-100
2084,6,65,High,High,No,6,62,Medium,No,3,Low,Low,Public,Neutral,1,No,High School,Near,Male,59,6-10 hours,2,60-69%,1,1+ sessions,Within 0-100
2085,17,89,High,Low,Yes,9,79,Medium,No,0,Medium,Medium,Public,Positive,2,No,College,Near,Female,67,16+ hours,4,80-89%,3,No tutoring,Within 0-100
2086,13,77,Medium,High,Yes,7,63,Low,Yes,0,High,Low,Public,Positive,1,No,High School,Moderate,Male,63,11-15 hours,3,70-79%,2,No tutoring,Within 0-100
2087,17,72,High,High,Yes,7,61,Low,Yes,1,Medium,Medium,Public,Negative,4,No,High School,Near,Female,65,16+ hours,4,70-79%,2,1+ sessions,Within 0-100
2088,19,62,Medium,Medium,No,7,91,Low,Yes,1,Low,Medium,Public,Positive,3,No,College,Near,Male,63,16+ hours,4,60-69%,1,1+ sessions,Within 0-100
2089,17,79,Medium,Medium,No,7,67,Low,Yes,1,Low,Medium,Private,Positive,3,No,High School,Near,Female,64,16+ hours,4,70-79%,2,1+ sessions,Within 0-100
2090,29,74,High,Medium,Yes,6,91,High,Yes,3,Low,High,Public,Positive,4,No,College,Far,Female,72,16+ hours,4,70-79%,2,1+ sessions,Within 0-100
2091,22,70,Low,Medium,Yes,5,61,High,Yes,1,Low,Medium,Public,Negative,3,No,College,Moderate,Male,63,16+ hours,4,70-79%,2,1+ sessions,Within 0-100
2092,22,88,Medium,Medium,No,9,68,Medium,No,2,Medium,Medium,Public,Neutral,2,Yes,High School,Near,Male,66,16+ hours,4,80-89%,3,1+ sessions,Within 0-100
2093,24,91,Medium,Medium,Yes,8,55,Low,Yes,0,Medium,Low,Private,Neutral,2,No,College,Moderate,Female,67,16+ hours,4,90-100%,4,No tutoring,Within 0-100
2094,13,70,High,High,Yes,8,75,High,Yes,1,High,Medium,Public,Positive,2,Yes,Postgraduate,Moderate,Male,66,11-15 hours,3,70-79%,2,1+ sessions,Within 0-100
2095,26,62,Medium,Medium,Yes,8,69,Medium,Yes,2,Medium,High,Public,Positive,3,No,College,Moderate,Female,66,16+ hours,4,60-69%,1,1+ sessions,Within 0-100
2096,20,94,Medium,Medium,Yes,10,50,Low,Yes,1,Low,High,Private,Negative,4,Yes,Postgraduate,Near,Female,68,16+ hours,4,90-100%,4,1+ sessions,Within 0-100
2097,24,60,High,High,No,6,73,Medium,Yes,1,Low,Medium,Private,Positive,5,No,Postgraduate,Moderate,Male,66,16+ hours,4,60-69%,1,1+ sessions,Within 0-100
2098,14,97,Medium,Medium,Yes,5,54,Medium,Yes,3,Medium,Medium,Public,Negative,2,No,College,Near,Female,68,11-15 hours,3,90-100%,4,1+ sessions,Within 0-100
2099,11,85,Medium,Medium,Yes,8,92,Low,Yes,2,Medium,Medium,Public,Negative,4,No,High School,Far,Female,65,11-15 hours,3,80-89%,3,1+ sessions,Within 0-100
2100,25,73,Medium,Medium,Yes,5,75,Low,Yes,0,Medium,Medium,Private,Positive,2,No,College,Near,Female,67,16+ hours,4,70-79%,2,No tutoring,Within 0-100
2101,22,70,High,Low,No,7,85,Medium,Yes,0,High,Medium,Private,Negative,3,No,High School,Far,Male,64,16+ hours,4,70-79%,2,No tutoring,Within 0-100
2102,15,60,Low,High,No,7,91,Low,Yes,0,Low,Medium,Private,Negative,2,No,College,Far,Male,59,11-15 hours,3,60-69%,1,No tutoring,Within 0-100
2103,15,69,Medium,Medium,Yes,8,53,Low,No,0,High,Medium,Private,Negative,3,No,High School,Near,Male,60,11-15 hours,3,60-69%,1,No tutoring,Within 0-100
2104,27,66,Low,High,No,6,67,Low,Yes,1,High,High,Public,Negative,4,No,College,Far,Female,65,16+ hours,4,60-69%,1,1+ sessions,Within 0-100
2105,13,84,Medium,Medium,Yes,9,51,High,Yes,0,Low,Medium,Public,Negative,4,No,High School,Near,Female,64,11-15 hours,3,80-89%,3,No tutoring,Within 0-100
2106,30,67,Medium,High,No,6,52,Medium,Yes,1,Low,Medium,Public,Neutral,1,No,High School,Near,Female,66,16+ hours,4,60-69%,1,1+ sessions,Within 0-100
2107,15,81,Medium,Medium,Yes,8,52,Medium,Yes,0,Medium,Medium,Public,Neutral,2,No,Postgraduate,Near,Male,65,11-15 hours,3,80-89%,3,No tutoring,Within 0-100
2108,24,84,Medium,Medium,Yes,6,74,Medium,Yes,2,Medium,High,Public,Positive,2,No,High School,Far,Male,69,16+ hours,4,80-89%,3,1+ sessions,Within 0-100
2109,18,72,High,High,Yes,8,73,Medium,Yes,0,Medium,Medium,Private,Positive,4,Yes,High School,Near,Female,66,16+ hours,4,70-79%,2,No tutoring,Within 0-100
2110,24,61,High,Medium,Yes,5,53,Medium,Yes,1,Low,High,Private,Neutral,5,No,College,Unknown,Female,65,16+ hours,4,60-69%,1,1+ sessions,Within 0-100
2111,17,61,High,Medium,No,7,63,Low,Yes,1,Medium,Medium,Public,Positive,4,No,College,Moderate,Female,62,16+ hours,4,60-69%,1,1+ sessions,Within 0-100
2112,19,61,Medium,Low,No,9,62,Medium,Yes,2,Medium,Medium,Public,Neutral,2,No,High School,Far,Female,60,16+ hours,4,60-69%,1,1+ sessions,Within 0-100
2113,20,90,Low,Medium,No,7,65,Low,No,4,Low,High,Public,Positive,4,No,College,Moderate,Female,68,16+ hours,4,90-100%,4,1+ sessions,Within 0-100
2114,14,73,Medium,High,Yes,9,82,Medium,Yes,1,Medium,Medium,Public,Negative,3,No,High School,Near,Female,64,11-15 hours,3,70-79%,2,1+ sessions,Within 0-100
2115,24,92,High,High,No,7,85,High,Yes,0,Medium,Medium,Public,Positive,3,No,College,Near,Female,73,16+ hours,4,90-100%,4,No tutoring,Within 0-100
2116,17,77,Medium,Medium,Yes,6,67,Low,Yes,1,Low,Medium,Public,Positive,1,No,College,Near,Male,64,16+ hours,4,70-79%,2,1+ sessions,Within 0-100
2117,19,78,High,High,No,7,89,Medium,Yes,2,Medium,Medium,Public,Neutral,4,No,Unknown,Moderate,Female,69,16+ hours,4,70-79%,2,1+ sessions,Within 0-100
2118,14,81,Low,Medium,No,8,71,Low,Yes,1,Low,High,Public,Neutral,3,Yes,Postgraduate,Near,Female,63,11-15 hours,3,80-89%,3,1+ sessions,Within 0-100
2119,5,89,Medium,Medium,Yes,4,76,High,Yes,2,Medium,Medium,Public,Neutral,3,No,College,Near,Male,65,1-5 hours,1,80-89%,3,1+ sessions,Within 0-100
2120,19,71,Medium,Medium,No,8,57,Medium,Yes,2,Medium,High,Public,Positive,4,No,High School,Moderate,Male,65,16+ hours,4,70-79%,2,1+ sessions,Within 0-100
2121,34,65,Medium,Medium,Yes,6,62,High,Yes,0,Medium,High,Public,Negative,3,No,High School,Near,Male,67,16+ hours,4,60-69%,1,No tutoring,Within 0-100
2122,25,82,Medium,Medium,Yes,5,86,Medium,No,0,Low,Low,Public,Positive,4,No,High School,Near,Male,67,16+ hours,4,80-89%,3,No tutoring,Within 0-100
2123,20,73,Medium,Medium,No,8,99,Low,Yes,1,Medium,Medium,Private,Positive,3,No,High School,Near,Male,66,16+ hours,4,70-79%,2,1+ sessions,Within 0-100
2124,18,78,Medium,High,Yes,9,85,High,Yes,1,Low,High,Private,Negative,2,No,Postgraduate,Near,Male,68,16+ hours,4,70-79%,2,1+ sessions,Within 0-100
2125,20,86,Medium,Low,Yes,7,53,Medium,Yes,1,Low,High,Public,Negative,2,No,High School,Near,Male,65,16+ hours,4,80-89%,3,1+ sessions,Within 0-100
2126,23,80,Low,Low,Yes,5,57,Medium,Yes,1,Low,Medium,Public,Neutral,4,No,Postgraduate,Near,Male,66,16+ hours,4,80-89%,3,1+ sessions,Within 0-100
2127,13,85,High,Low,Yes,6,72,Medium,Yes,2,Low,Medium,Public,Positive,1,No,College,Moderate,Female,66,11-15 hours,3,80-89%,3,1+ sessions,Within 0-100
2128,27,82,Medium,Medium,Yes,6,87,Low,No,2,Low,High,Public,Positive,2,No,High School,Near,Male,69,16+ hours,4,80-89%,3,1+ sessions,Within 0-100
2129,24,90,Medium,Medium,No,7,58,Medium,Yes,2,Low,Medium,Private,Neutral,2,No,Postgraduate,Near,Male,70,16+ hours,4,90-100%,4,1+ sessions,Within 0-100
2130,24,88,Medium,Low,Yes,7,88,Medium,Yes,2,Medium,High,Private,Neutral,2,No,Postgraduate,Moderate,Male,71,16+ hours,4,80-89%,3,1+ sessions,Within 0-100
2131,23,81,High,Medium,No,8,78,High,Yes,4,Low,Low,Public,Positive,3,No,High School,Moderate,Male,70,16+ hours,4,80-89%,3,1+ sessions,Within 0-100
2132,20,87,Medium,Medium,No,8,89,Low,Yes,2,Medium,Medium,Public,Neutral,3,No,High School,Moderate,Male,68,16+ hours,4,80-89%,3,1+ sessions,Within 0-100
2133,24,95,High,High,Yes,8,78,Medium,Yes,2,Low,High,Public,Negative,2,No,Postgraduate,Far,Female,73,16+ hours,4,90-100%,4,1+ sessions,Within 0-100
2134,24,77,Medium,High,No,8,80,High,Yes,1,Low,High,Public,Positive,2,Yes,High School,Moderate,Female,68,16+ hours,4,70-79%,2,1+ sessions,Within 0-100
2135,18,77,Medium,Medium,Yes,7,62,Low,Yes,2,High,Medium,Private,Neutral,4,No,College,Near,Male,66,16+ hours,4,70-79%,2,1+ sessions,Within 0-100
2136,17,91,Medium,Low,Yes,10,86,Low,Yes,1,Medium,Medium,Public,Neutral,3,Yes,Postgraduate,Moderate,Female,67,16+ hours,4,90-100%,4,1+ sessions,Within 0-100
2137,21,83,Medium,Low,Yes,8,92,Low,Yes,2,Medium,Medium,Private,Negative,4,Yes,High School,Near,Male,66,16+ hours,4,80-89%,3,1+ sessions,Within 0-100
2138,29,63,Medium,High,Yes,8,94,Medium,Yes,0,Medium,High,Private,Positive,2,No,Postgraduate,Near,Female,69,16+ hours,4,60-69%,1,No tutoring,Within 0-100
2139,13,96,Medium,Medium,No,10,51,Medium,Yes,1,Low,Low,Public,Positive,3,No,Postgraduate,Near,Female,67,11-15 hours,3,90-100%,4,1+ sessions,Within 0-100
2140,11,61,Medium,Low,Yes,7,81,High,Yes,5,Medium,Low,Public,Positive,4,Yes,High School,Near,Male,61,11-15 hours,3,60-69%,1,1+ sessions,Within 0-100
2141,21,90,Medium,Medium,No,6,99,Medium,Yes,2,Low,Medium,Private,Negative,3,No,College,Near,Female,70,16+ hours,4,90-100%,4,1+ sessions,Within 0-100
2142,20,90,High,High,No,9,79,Medium,Yes,2,Low,Medium,Public,Negative,2,No,High School,Near,Female,70,16+ hours,4,90-100%,4,1+ sessions,Within 0-100
2143,21,98,Medium,Medium,Yes,9,59,High,No,3,Medium,Medium,Public,Neutral,3,Yes,College,Near,Female,70,16+ hours,4,90-100%,4,1+ sessions,Within 0-100
2144,21,62,Medium,Medium,No,7,94,Low,Yes,1,Low,High,Private,Positive,3,No,College,Moderate,Female,64,16+ hours,4,60-69%,1,1+ sessions,Within 0-100
2145,19,84,High,Medium,No,10,63,Medium,Yes,0,Low,Medium,Public,Negative,3,No,College,Far,Female,65,16+ hours,4,80-89%,3,No tutoring,Within 0-100
2146,29,77,Medium,Medium,No,7,52,Medium,Yes,5,Low,Medium,Public,Positive,4,No,College,Near,Female,70,16+ hours,4,70-79%,2,1+ sessions,Within 0-100
2147,10,73,Low,High,Yes,8,72,Low,Yes,1,Low,High,Public,Positive,2,No,College,Moderate,Female,62,6-10 hours,2,70-79%,2,1+ sessions,Within 0-100
2148,15,64,High,High,Yes,9,55,High,Yes,1,Medium,Low,Public,Neutral,3,No,College,Near,Female,64,11-15 hours,3,60-69%,1,1+ sessions,Within 0-100
2149,19,83,Medium,High,Yes,7,56,Medium,Yes,1,Medium,Low,Private,Positive,3,No,College,Far,Female,67,16+ hours,4,80-89%,3,1+ sessions,Within 0-100
2150,10,79,High,Medium,No,8,73,High,No,1,Low,Low,Public,Neutral,4,No,High School,Near,Female,63,6-10 hours,2,70-79%,2,1+ sessions,Within 0-100
2151,19,64,Low,Medium,Yes,9,81,High,Yes,0,Medium,High,Public,Neutral,3,Yes,High School,Near,Male,62,16+ hours,4,60-69%,1,No tutoring,Within 0-100
2152,30,84,Low,Medium,No,6,95,Medium,Yes,2,High,High,Public,Negative,2,No,College,Near,Male,72,16+ hours,4,80-89%,3,1+ sessions,Within 0-100
2153,20,90,Low,Medium,No,6,85,High,No,3,Low,High,Private,Neutral,2,No,College,Near,Male,69,16+ hours,4,90-100%,4,1+ sessions,Within 0-100
2154,21,91,Medium,High,Yes,9,92,Medium,Yes,5,Low,Medium,Private,Negative,2,No,High School,Near,Male,72,16+ hours,4,90-100%,4,1+ sessions,Within 0-100
2155,12,96,Low,Medium,Yes,7,71,High,Yes,2,Medium,Medium,Private,Positive,2,No,College,Near,Male,68,11-15 hours,3,90-100%,4,1+ sessions,Within 0-100
2156,16,76,Low,Medium,No,6,66,Low,Yes,1,Medium,Medium,Private,Neutral,3,No,Postgraduate,Near,Female,64,16+ hours,4,70-79%,2,1+ sessions,Within 0-100
2157,18,98,High,High,Yes,7,80,Low,Yes,3,Low,Medium,Private,Neutral,1,No,College,Near,Female,72,16+ hours,4,90-100%,4,1+ sessions,Within 0-100
2158,18,95,High,High,Yes,8,85,Low,Yes,2,Low,High,Public,Positive,3,No,College,Near,Female,73,16+ hours,4,90-100%,4,1+ sessions,Within 0-100
2159,28,72,High,Medium,Yes,5,78,Low,No,5,Medium,Low,Private,Negative,2,No,College,Far,Male,67,16+ hours,4,70-79%,2,1+ sessions,Within 0-100
2160,23,66,High,Low,Yes,8,63,Medium,Yes,0,Low,Medium,Public,Negative,4,No,College,Near,Female,64,16+ hours,4,60-69%,1,No tutoring,Within 0-100
2161,13,77,Medium,Medium,Yes,8,68,Low,Yes,3,High,Medium,Private,Neutral,3,No,High School,Near,Female,65,11-15 hours,3,70-79%,2,1+ sessions,Within 0-100
2162,21,76,High,High,Yes,9,72,Low,Yes,1,Low,High,Public,Neutral,3,No,High School,Moderate,Female,67,16+ hours,4,70-79%,2,1+ sessions,Within 0-100
2163,23,83,Medium,Medium,Yes,7,51,Low,Yes,3,Medium,High,Public,Neutral,2,No,College,Moderate,Male,68,16+ hours,4,80-89%,3,1+ sessions,Within 0-100
2164,27,83,Medium,High,Yes,9,94,Medium,Yes,2,Low,High,Public,Positive,2,No,High School,Unknown,Male,72,16+ hours,4,80-89%,3,1+ sessions,Within 0-100
2165,29,90,High,Low,Yes,7,76,Low,Yes,1,Medium,Low,Public,Positive,3,No,High School,Moderate,Female,71,16+ hours,4,90-100%,4,1+ sessions,Within 0-100
2166,14,80,Medium,Medium,Yes,7,88,Medium,Yes,1,Medium,Medium,Private,Neutral,3,No,High School,Near,Male,66,11-15 hours,3,80-89%,3,1+ sessions,Within 0-100
2167,15,64,High,Medium,No,7,59,Low,Yes,0,Low,Medium,Public,Neutral,3,Yes,High School,Near,Female,59,11-15 hours,3,60-69%,1,No tutoring,Within 0-100
2168,12,94,Medium,Medium,Yes,10,78,Medium,Yes,1,Medium,High,Public,Neutral,2,No,High School,Near,Female,68,11-15 hours,3,90-100%,4,1+ sessions,Within 0-100
2169,19,72,Low,High,Yes,5,96,Low,No,3,Low,Low,Public,Positive,2,No,High School,Moderate,Female,64,16+ hours,4,70-79%,2,1+ sessions,Within 0-100
2170,23,99,Low,Medium,No,8,61,Low,Yes,2,High,High,Private,Positive,3,Yes,High School,Near,Female,70,16+ hours,4,90-100%,4,1+ sessions,Within 0-100
2171,26,65,Low,Medium,Yes,7,67,Medium,Yes,4,High,Medium,Private,Negative,3,No,High School,Moderate,Female,65,16+ hours,4,60-69%,1,1+ sessions,Within 0-100
2172,20,98,High,Medium,Yes,7,69,High,No,2,High,High,Public,Negative,2,No,College,Near,Female,72,16+ hours,4,90-100%,4,1+ sessions,Within 0-100
2173,18,64,High,High,No,8,69,Medium,Yes,3,High,Medium,Public,Positive,3,No,College,Moderate,Male,66,16+ hours,4,60-69%,1,1+ sessions,Within 0-100
2174,21,69,Medium,Medium,Yes,9,80,High,Yes,2,Medium,High,Public,Positive,5,No,College,Near,Male,68,16+ hours,4,60-69%,1,1+ sessions,Within 0-100
2175,15,62,Medium,High,No,8,70,Medium,Yes,1,Low,Medium,Private,Positive,3,No,College,Near,Male,62,11-15 hours,3,60-69%,1,1+ sessions,Within 0-100
2176,33,88,Medium,Low,No,9,84,Medium,Yes,1,Low,Medium,Public,Negative,3,No,High School,Near,Male,70,16+ hours,4,80-89%,3,1+ sessions,Within 0-100
2177,10,94,High,Medium,Yes,7,74,High,Yes,3,High,Medium,Public,Positive,3,No,College,Moderate,Male,70,6-10 hours,2,90-100%,4,1+ sessions,Within 0-100
2178,21,77,Medium,Low,Yes,7,58,Medium,Yes,0,Low,High,Public,Negative,3,No,College,Near,Male,64,16+ hours,4,70-79%,2,No tutoring,Within 0-100
2179,32,97,High,Low,Yes,5,97,Low,Yes,1,Low,High,Public,Positive,5,No,College,Moderate,Female,76,16+ hours,4,90-100%,4,1+ sessions,Within 0-100
2180,20,84,Medium,Medium,Yes,10,62,High,Yes,1,Medium,Medium,Public,Neutral,2,No,College,Moderate,Male,67,16+ hours,4,80-89%,3,1+ sessions,Within 0-100
2181,19,85,High,High,No,7,78,Low,Yes,2,Low,High,Private,Negative,3,No,College,Near,Male,69,16+ hours,4,80-89%,3,1+ sessions,Within 0-100
2182,18,94,Medium,Low,Yes,7,53,Medium,Yes,4,Medium,High,Public,Positive,3,No,High School,Far,Female,68,16+ hours,4,90-100%,4,1+ sessions,Within 0-100
2183,19,72,Medium,Medium,Yes,8,96,Low,Yes,1,Medium,High,Public,Positive,2,No,Postgraduate,Moderate,Female,67,16+ hours,4,70-79%,2,1+ sessions,Within 0-100
2184,28,74,Medium,Medium,Yes,9,96,Low,Yes,0,High,High,Private,Neutral,3,No,High School,Near,Female,69,16+ hours,4,70-79%,2,No tutoring,Within 0-100
2185,7,96,High,Medium,Yes,6,68,Medium,Yes,2,Low,High,Public,Neutral,1,No,High School,Near,Female,67,6-10 hours,2,90-100%,4,1+ sessions,Within 0-100
2186,29,96,High,High,Yes,9,56,Low,Yes,0,Low,High,Private,Neutral,4,No,High School,Near,Male,73,16+ hours,4,90-100%,4,No tutoring,Within 0-100
2187,11,99,Medium,High,Yes,7,88,High,No,4,Medium,Low,Private,Neutral,3,No,College,Near,Male,71,11-15 hours,3,90-100%,4,1+ sessions,Within 0-100
2188,18,96,Medium,Low,No,9,63,Medium,Yes,4,Low,Medium,Private,Neutral,3,No,Postgraduate,Near,Male,70,16+ hours,4,90-100%,4,1+ sessions,Within 0-100
2189,17,65,High,Medium,Yes,6,85,Medium,Yes,1,Low,Medium,Private,Neutral,3,No,Unknown,Near,Male,65,16+ hours,4,60-69%,1,1+ sessions,Within 0-100
2190,24,93,High,Medium,Yes,8,96,Medium,Yes,0,Medium,Medium,Public,Positive,1,No,Postgraduate,Moderate,Male,73,16+ hours,4,90-100%,4,No tutoring,Within 0-100
2191,10,76,Medium,Medium,Yes,7,80,Medium,Yes,1,Low,High,Public,Positive,4,No,Postgraduate,Near,Female,65,6-10 hours,2,70-79%,2,1+ sessions,Within 0-100
2192,23,100,Low,Medium,Yes,5,93,Medium,Yes,4,Low,Medium,Private,Neutral,3,No,Postgraduate,Moderate,Male,73,16+ hours,4,90-100%,4,1+ sessions,Within 0-100
2193,32,79,Low,High,Yes,5,61,Medium,Yes,0,Low,High,Public,Positive,3,No,College,Near,Male,70,16+ hours,4,70-79%,2,No tutoring,Within 0-100
2194,12,82,High,Medium,Yes,6,96,High,Yes,0,Low,Low,Private,Positive,4,Yes,College,Near,Male,66,11-15 hours,3,80-89%,3,No tutoring,Within 0-100
2195,21,81,Low,Medium,Yes,8,61,High,Yes,3,Medium,Low,Public,Negative,5,No,High School,Moderate,Female,66,16+ hours,4,80-89%,3,1+ sessions,Within 0-100
2196,16,73,Medium,Medium,Yes,4,61,Low,Yes,4,Low,High,Private,Neutral,5,No,High School,Moderate,Male,64,16+ hours,4,70-79%,2,1+ sessions,Within 0-100
2197,23,63,Medium,Medium,Yes,8,94,High,Yes,2,Medium,Medium,Public,Neutral,5,No,Postgraduate,Near,Male,68,16+ hours,4,60-69%,1,1+ sessions,Within 0-100
2198,20,96,Medium,Medium,No,7,78,Medium,Yes,1,High,High,Public,Neutral,2,No,High School,Near,Male,70,16+ hours,4,90-100%,4,1+ sessions,Within 0-100
2199,16,92,Medium,Medium,Yes,4,90,High,Yes,6,High,Medium,Private,Neutral,3,No,High School,Near,Male,72,16+ hours,4,90-100%,4,1+ sessions,Within 0-100
2200,23,66,Medium,High,No,6,90,Medium,Yes,2,Low,Medium,Public,Neutral,3,No,High School,Near,Male,66,16+ hours,4,60-69%,1,1+ sessions,Within 0-100
2201,31,91,Medium,Medium,Yes,6,82,Medium,Yes,2,Medium,High,Public,Positive,3,No,High School,Near,Male,74,16+ hours,4,90-100%,4,1+ sessions,Within 0-100
2202,19,85,High,Medium,No,7,59,Low,Yes,0,Medium,High,Private,Negative,4,No,College,Moderate,Male,67,16+ hours,4,80-89%,3,No tutoring,Within 0-100
2203,24,76,High,High,Yes,9,85,Medium,Yes,2,Low,Medium,Private,Positive,2,No,Postgraduate,Near,Female,71,16+ hours,4,70-79%,2,1+ sessions,Within 0-100
2204,12,70,Low,High,Yes,9,53,Medium,Yes,2,Low,Medium,Public,Neutral,2,Yes,High School,Near,Male,60,11-15 hours,3,70-79%,2,1+ sessions,Within 0-100
2205,14,94,Low,Medium,No,6,60,Medium,Yes,3,High,Medium,Public,Neutral,3,No,College,Unknown,Female,68,11-15 hours,3,90-100%,4,1+ sessions,Within 0-100
2206,23,88,Medium,Medium,No,6,82,Medium,Yes,0,Medium,Medium,Private,Negative,3,No,College,Near,Male,69,16+ hours,4,80-89%,3,No tutoring,Within 0-100
2207,29,82,High,High,No,5,95,Medium,Yes,2,Medium,High,Public,Neutral,3,No,College,Near,Male,74,16+ hours,4,80-89%,3,1+ sessions,Within 0-100
2208,22,84,High,Medium,Yes,6,89,Medium,Yes,2,Medium,Medium,Public,Neutral,3,No,High School,Near,Male,71,16+ hours,4,80-89%,3,1+ sessions,Within 0-100
2209,18,64,High,Medium,Yes,6,67,High,Yes,0,Low,Medium,Private,Negative,4,No,College,Near,Male,63,16+ hours,4,60-69%,1,No tutoring,Within 0-100
2210,20,79,High,Low,Yes,7,91,High,No,2,Low,Medium,Private,Negative,4,Yes,College,Moderate,Male,66,16+ hours,4,70-79%,2,1+ sessions,Within 0-100
2211,12,68,Medium,High,No,7,98,Medium,Yes,1,Medium,High,Private,Neutral,4,No,High School,Near,Male,65,11-15 hours,3,60-69%,1,1+ sessions,Within 0-100
2212,24,68,Low,Low,No,6,67,High,No,0,Low,High,Private,Positive,3,Yes,High School,Far,Female,60,16+ hours,4,60-69%,1,No tutoring,Within 0-100
2213,25,86,Medium,Low,Yes,6,59,Medium,Yes,3,Low,Medium,Public,Positive,3,No,High School,Near,Female,69,16+ hours,4,80-89%,3,1+ sessions,Within 0-100
2214,17,96,High,Medium,No,6,60,Medium,Yes,1,Low,Medium,Public,Neutral,3,No,College,Near,Female,69,16+ hours,4,90-100%,4,1+ sessions,Within 0-100
2215,17,76,Medium,High,Yes,6,70,Low,Yes,2,High,Medium,Public,Neutral,4,No,Postgraduate,Moderate,Male,67,16+ hours,4,70-79%,2,1+ sessions,Within 0-100
2216,22,68,High,Medium,Yes,9,53,High,Yes,1,Medium,Medium,Public,Neutral,2,No,High School,Moderate,Female,65,16+ hours,4,60-69%,1,1+ sessions,Within 0-100
2217,17,86,High,High,Yes,8,74,Medium,Yes,1,Low,High,Private,Neutral,4,No,College,Near,Male,70,16+ hours,4,80-89%,3,1+ sessions,Within 0-100
2218,20,95,High,Medium,Yes,8,87,Low,Yes,0,Low,Medium,Private,Positive,3,No,Postgraduate,Moderate,Female,71,16+ hours,4,90-100%,4,No tutoring,Within 0-100
2219,33,90,Low,Medium,Yes,9,77,Medium,Yes,3,Medium,High,Public,Negative,6,Yes,Postgraduate,Moderate,Male,73,16+ hours,4,90-100%,4,1+ sessions,Within 0-100
2220,19,95,Low,High,Yes,8,99,Medium,Yes,0,Low,Medium,Public,Neutral,2,No,Postgraduate,Moderate,Male,70,16+ hours,4,90-100%,4,No tutoring,Within 0-100
2221,18,81,High,Low,Yes,9,73,High,Yes,1,Medium,High,Public,Neutral,2,No,High School,Near,Female,67,16+ hours,4,80-89%,3,1+ sessions,Within 0-100
2222,16,90,Low,High,Yes,8,51,Medium,Yes,1,High,Medium,Public,Neutral,5,No,High School,Moderate,Female,67,16+ hours,4,90-100%,4,1+ sessions,Within 0-100
2223,24,66,Low,High,No,7,74,Medium,Yes,0,High,High,Public,Neutral,2,No,College,Moderate,Male,65,16+ hours,4,60-69%,1,No tutoring,Within 0-100
2224,19,74,High,High,Yes,6,96,Medium,Yes,2,High,Medium,Public,Neutral,3,No,College,Unknown,Male,69,16+ hours,4,70-79%,2,1+ sessions,Within 0-100
2225,16,76,High,High,Yes,6,55,Medium,No,1,Low,Unknown,Public,Positive,1,No,Postgraduate,Unknown,Male,65,16+ hours,4,70-79%,2,1+ sessions,Within 0-100
2226,28,80,Medium,High,Yes,8,61,Low,Yes,1,Low,Medium,Private,Negative,3,No,College,Far,Female,68,16+ hours,4,80-89%,3,1+ sessions,Within 0-100
2227,29,97,High,Medium,No,7,86,Medium,Yes,0,Medium,Medium,Public,Positive,3,No,College,Near,Female,74,16+ hours,4,90-100%,4,No tutoring,Within 0-100
2228,16,95,Low,Medium,Yes,5,65,High,Yes,0,Medium,Medium,Private,Neutral,3,No,College,Near,Female,68,16+ hours,4,90-100%,4,No tutoring,Within 0-100
2229,9,65,Medium,Medium,No,4,88,Low,Yes,1,Low,Medium,Public,Positive,3,No,College,Near,Male,61,6-10 hours,2,60-69%,1,1+ sessions,Within 0-100
2230,26,67,Medium,Low,Yes,10,71,High,Yes,3,Low,Medium,Public,Neutral,3,No,Postgraduate,Near,Male,67,16+ hours,4,60-69%,1,1+ sessions,Within 0-100
2231,16,74,High,High,Yes,6,90,Medium,Yes,1,Low,Medium,Private,Negative,4,Yes,High School,Near,Female,66,16+ hours,4,70-79%,2,1+ sessions,Within 0-100
2232,25,72,Low,Low,Yes,6,78,Low,Yes,8,Medium,High,Public,Positive,4,No,High School,Near,Male,69,16+ hours,4,70-79%,2,1+ sessions,Within 0-100
2233,8,85,Medium,Low,Yes,9,54,Low,Yes,1,Low,High,Private,Positive,3,No,High School,Near,Male,62,6-10 hours,2,80-89%,3,1+ sessions,Within 0-100
2234,25,96,Medium,High,Yes,5,69,Low,Yes,0,Low,Medium,Public,Neutral,4,No,High School,Moderate,Male,71,16+ hours,4,90-100%,4,No tutoring,Within 0-100
2235,13,98,High,High,Yes,8,67,Medium,Yes,1,Medium,Medium,Private,Positive,4,No,Postgraduate,Moderate,Female,71,11-15 hours,3,90-100%,4,1+ sessions,Within 0-100
2236,24,86,Medium,High,Yes,10,91,Low,Yes,0,Low,High,Private,Positive,4,No,College,Near,Female,72,16+ hours,4,80-89%,3,No tutoring,Within 0-100
2237,20,94,Medium,High,Yes,10,81,Low,Yes,1,Medium,High,Public,Neutral,5,Yes,High School,Far,Female,69,16+ hours,4,90-100%,4,1+ sessions,Within 0-100
2238,14,81,Low,Medium,No,6,89,Medium,No,6,Low,High,Private,Neutral,3,No,College,Near,Female,67,11-15 hours,3,80-89%,3,1+ sessions,Within 0-100
2239,18,68,Medium,High,No,7,69,Medium,Yes,1,Low,High,Public,Neutral,4,Yes,High School,Moderate,Female,63,16+ hours,4,60-69%,1,1+ sessions,Within 0-100
2240,24,81,Medium,Medium,Yes,6,85,Medium,No,1,Medium,High,Public,Neutral,4,No,College,Moderate,Male,68,16+ hours,4,80-89%,3,1+ sessions,Within 0-100
2241,21,82,High,High,Yes,7,53,Low,Yes,0,High,Medium,Public,Positive,2,No,Postgraduate,Near,Male,69,16+ hours,4,80-89%,3,No tutoring,Within 0-100
2242,24,90,Medium,Low,Yes,9,52,Low,Yes,0,Low,Medium,Public,Negative,3,Yes,College,Near,Female,65,16+ hours,4,90-100%,4,No tutoring,Within 0-100
2243,32,69,High,High,Yes,5,64,Medium,Yes,0,Medium,Medium,Public,Negative,3,No,Postgraduate,Near,Female,70,16+ hours,4,60-69%,1,No tutoring,Within 0-100
2244,11,75,Medium,Medium,No,8,89,Medium,Yes,2,High,High,Private,Positive,4,No,College,Moderate,Male,65,11-15 hours,3,70-79%,2,1+ sessions,Within 0-100
2245,30,75,Medium,Medium,No,7,77,Medium,Yes,0,Low,Medium,Public,Positive,2,No,High School,Moderate,Male,67,16+ hours,4,70-79%,2,No tutoring,Within 0-100
2246,21,98,Medium,High,Yes,9,70,Medium,Yes,0,Low,High,Public,Positive,1,No,College,Near,Male,72,16+ hours,4,90-100%,4,No tutoring,Within 0-100
2247,15,78,Medium,High,Yes,9,95,High,Yes,1,High,High,Public,Positive,3,No,High School,Near,Male,69,11-15 hours,3,70-79%,2,1+ sessions,Within 0-100
2248,12,90,High,High,Yes,6,75,Low,No,2,Medium,Medium,Public,Neutral,3,No,Postgraduate,Near,Male,69,11-15 hours,3,90-100%,4,1+ sessions,Within 0-100
2249,19,90,High,Low,No,7,81,Medium,Yes,4,High,High,Public,Neutral,4,Yes,College,Near,Female,71,16+ hours,4,90-100%,4,1+ sessions,Within 0-100
2250,26,71,Medium,Low,Yes,8,99,Medium,Yes,1,Medium,High,Public,Positive,3,No,High School,Far,Male,67,16+ hours,4,70-79%,2,1+ sessions,Within 0-100
2251,19,83,Low,Low,No,8,76,Low,Yes,3,Low,Low,Public,Neutral,3,No,Postgraduate,Near,Female,65,16+ hours,4,80-89%,3,1+ sessions,Within 0-100
2252,29,96,Low,Low,No,4,89,Medium,Yes,2,Low,High,Public,Neutral,2,No,High School,Far,Female,70,16+ hours,4,90-100%,4,1+ sessions,Within 0-100
2253,11,79,Medium,Medium,No,8,71,Low,Yes,1,Medium,Medium,Private,Positive,2,No,College,Moderate,Female,63,11-15 hours,3,70-79%,2,1+ sessions,Within 0-100
2254,20,98,High,High,Yes,9,52,Medium,Yes,0,Medium,Medium,Private,Positive,3,No,College,Far,Male,71,16+ hours,4,90-100%,4,No tutoring,Within 0-100
2255,12,69,High,Medium,Yes,7,92,Low,Yes,1,Medium,Medium,Public,Neutral,3,No,College,Near,Female,64,11-15 hours,3,60-69%,1,1+ sessions,Within 0-100
2256,22,63,Medium,High,Yes,8,97,High,Yes,5,Medium,Medium,Private,Neutral,3,No,High School,Near,Male,69,16+ hours,4,60-69%,1,1+ sessions,Within 0-100
2257,25,96,Low,Medium,No,9,72,Low,Yes,0,Low,Medium,Private,Positive,3,No,High School,Near,Male,69,16+ hours,4,90-100%,4,No tutoring,Within 0-100
2258,17,94,Medium,Medium,Yes,7,75,Medium,Yes,1,Low,High,Public,Positive,3,No,Postgraduate,Moderate,Male,70,16+ hours,4,90-100%,4,1+ sessions,Within 0-100
2259,4,100,High,Low,No,8,71,Low,Yes,2,Low,Medium,Private,Negative,4,No,High School,Moderate,Female,64,1-5 hours,1,90-100%,4,1+ sessions,Within 0-100
2260,21,87,Medium,High,No,7,100,Low,Yes,1,Low,Medium,Public,Positive,3,No,High School,Near,Male,70,16+ hours,4,80-89%,3,1+ sessions,Within 0-100
2261,23,97,Medium,High,No,7,95,Medium,Yes,0,Medium,High,Private,Positive,4,No,Postgraduate,Moderate,Female,74,16+ hours,4,90-100%,4,No tutoring,Within 0-100
2262,22,93,Medium,Medium,Yes,6,52,Medium,Yes,1,Low,Medium,Public,Negative,3,No,College,Near,Female,69,16+ hours,4,90-100%,4,1+ sessions,Within 0-100
2263,27,94,Low,Medium,Yes,7,89,Medium,Yes,3,Low,Medium,Private,Positive,2,No,College,Near,Female,73,16+ hours,4,90-100%,4,1+ sessions,Within 0-100
2264,14,83,Medium,Medium,Yes,10,80,Medium,Yes,1,Medium,High,Private,Neutral,3,Yes,College,Near,Female,66,11-15 hours,3,80-89%,3,1+ sessions,Within 0-100
2265,24,75,High,High,Yes,6,51,High,No,1,Medium,High,Public,Negative,3,No,High School,Near,Male,67,16+ hours,4,70-79%,2,1+ sessions,Within 0-100
2266,27,97,High,High,No,8,72,Medium,Yes,6,Low,Medium,Public,Neutral,2,No,College,Near,Female,76,16+ hours,4,90-100%,4,1+ sessions,Within 0-100
2267,9,77,Medium,Medium,No,7,57,Low,Yes,2,Medium,Low,Public,Negative,3,No,High School,Near,Male,61,6-10 hours,2,70-79%,2,1+ sessions,Within 0-100
2268,22,82,Low,Medium,Yes,9,94,High,Yes,0,Medium,Medium,Public,Positive,4,No,High School,Moderate,Female,68,16+ hours,4,80-89%,3,No tutoring,Within 0-100
2269,17,78,Medium,Low,Yes,9,51,High,Yes,1,Low,Medium,Private,Neutral,3,No,High School,Moderate,Male,63,16+ hours,4,70-79%,2,1+ sessions,Within 0-100
2270,20,83,High,Low,Yes,6,94,Medium,Yes,1,Low,Medium,Public,Neutral,2,No,High School,Near,Male,67,16+ hours,4,80-89%,3,1+ sessions,Within 0-100
2271,22,79,Low,Low,Yes,6,97,Low,Yes,3,High,Medium,Public,Negative,3,No,High School,Moderate,Male,66,16+ hours,4,70-79%,2,1+ sessions,Within 0-100
2272,17,62,High,Low,Yes,6,54,Low,Yes,2,Medium,High,Public,Neutral,3,No,College,Near,Male,62,16+ hours,4,60-69%,1,1+ sessions,Within 0-100
2273,16,95,High,Low,Yes,6,86,Medium,Yes,0,Low,High,Private,Neutral,3,No,High School,Near,Male,69,16+ hours,4,90-100%,4,No tutoring,Within 0-100
2274,20,78,Medium,Medium,No,6,77,Medium,Yes,3,Medium,Medium,Private,Positive,3,No,High School,Moderate,Male,67,16+ hours,4,70-79%,2,1+ sessions,Within 0-100
2275,13,84,Medium,Medium,No,8,98,Low,No,2,Medium,Medium,Public,Positive,2,No,College,Moderate,Female,66,11-15 hours,3,80-89%,3,1+ sessions,Within 0-100
2276,13,66,High,Medium,Yes,6,90,Medium,Yes,2,Low,Medium,Public,Positive,3,Yes,High School,Moderate,Male,63,11-15 hours,3,60-69%,1,1+ sessions,Within 0-100
2277,24,60,Medium,Medium,No,6,85,Low,Yes,1,High,Medium,Public,Neutral,2,No,Postgraduate,Moderate,Male,64,16+ hours,4,60-69%,1,1+ sessions,Within 0-100
2278,13,70,Low,Medium,Yes,6,96,High,Yes,2,Medium,Medium,Private,Negative,5,No,Postgraduate,Moderate,Male,64,11-15 hours,3,70-79%,2,1+ sessions,Within 0-100
2279,24,88,Low,Medium,No,8,58,Medium,Yes,1,Low,High,Public,Negative,3,No,High School,Near,Male,67,16+ hours,4,80-89%,3,1+ sessions,Within 0-100
2280,23,64,Low,Medium,Yes,7,69,High,Yes,4,High,Medium,Public,Positive,3,No,High School,Moderate,Male,66,16+ hours,4,60-69%,1,1+ sessions,Within 0-100
2281,10,96,High,High,Yes,7,92,Medium,Yes,1,Low,Low,Public,Neutral,1,No,High School,Near,Female,68,6-10 hours,2,90-100%,4,1+ sessions,Within 0-100
2282,16,69,Medium,High,Yes,6,55,Medium,Yes,1,Medium,High,Public,Negative,1,No,High School,Moderate,Male,62,16+ hours,4,60-69%,1,1+ sessions,Within 0-100
2283,27,68,Medium,Medium,Yes,5,97,Low,Yes,1,Medium,Medium,Public,Negative,4,No,College,Near,Male,68,16+ hours,4,60-69%,1,1+ sessions,Within 0-100
2284,14,67,High,Low,No,9,87,Medium,Yes,1,Medium,Medium,Private,Positive,3,No,High School,Near,Male,63,11-15 hours,3,60-69%,1,1+ sessions,Within 0-100
2285,17,61,Medium,High,No,7,72,Low,Yes,1,Medium,High,Public,Neutral,2,No,High School,Moderate,Male,62,16+ hours,4,60-69%,1,1+ sessions,Within 0-100
2286,23,91,High,High,No,10,67,High,Yes,2,Low,Medium,Public,Positive,2,No,College,Near,Male,72,16+ hours,4,90-100%,4,1+ sessions,Within 0-100
2287,25,95,Medium,Low,No,8,57,Low,Yes,4,Low,Medium,Public,Neutral,3,No,High School,Moderate,Female,69,16+ hours,4,90-100%,4,1+ sessions,Within 0-100
2288,18,85,Medium,Low,Yes,10,55,High,Yes,3,Medium,High,Public,Neutral,3,No,High School,Near,Male,67,16+ hours,4,80-89%,3,1+ sessions,Within 0-100
2289,16,68,Medium,High,Yes,8,71,Medium,Yes,1,High,High,Private,Neutral,3,No,High School,Moderate,Male,65,16+ hours,4,60-69%,1,1+ sessions,Within 0-100
2290,29,71,High,Medium,No,7,92,Low,Yes,1,Low,Medium,Public,Positive,3,No,High School,Near,Female,69,16+ hours,4,70-79%,2,1+ sessions,Within 0-100
2291,30,79,High,High,Yes,6,77,Medium,Yes,1,Low,Medium,Public,Positive,2,No,High School,Near,Male,72,16+ hours,4,70-79%,2,1+ sessions,Within 0-100
2292,26,98,Low,Medium,Yes,6,73,Medium,Yes,2,Low,Low,Public,Negative,3,No,High School,Near,Female,70,16+ hours,4,90-100%,4,1+ sessions,Within 0-100
2293,21,70,High,High,No,9,66,Medium,Yes,1,Medium,Low,Public,Neutral,4,No,College,Moderate,Male,91,16+ hours,4,70-79%,2,1+ sessions,Within 0-100
2294,15,89,High,Low,Yes,7,58,Low,Yes,2,Low,Medium,Public,Negative,3,No,High School,Moderate,Male,65,11-15 hours,3,80-89%,3,1+ sessions,Within 0-100
2295,15,78,Low,Medium,Yes,8,100,Low,Yes,0,Low,Medium,Public,Negative,3,Yes,High School,Near,Female,62,11-15 hours,3,70-79%,2,No tutoring,Within 0-100
2296,23,72,Low,High,Yes,8,51,Medium,Yes,2,Low,Medium,Private,Positive,3,No,College,Far,Male,65,16+ hours,4,70-79%,2,1+ sessions,Within 0-100
2297,23,78,Medium,Medium,Yes,8,66,Medium,Yes,1,Medium,High,Public,Neutral,1,No,College,Moderate,Female,67,16+ hours,4,70-79%,2,1+ sessions,Within 0-100
2298,28,63,Medium,Low,No,6,88,High,Yes,4,Medium,High,Public,Neutral,4,No,High School,Far,Male,67,16+ hours,4,60-69%,1,1+ sessions,Within 0-100
2299,24,92,Medium,High,No,9,76,Medium,Yes,2,High,Medium,Public,Positive,2,No,High School,Near,Female,72,16+ hours,4,90-100%,4,1+ sessions,Within 0-100
2300,11,70,Medium,Low,Yes,7,66,Low,Yes,1,Medium,High,Public,Negative,3,No,High School,Near,Female,60,11-15 hours,3,70-79%,2,1+ sessions,Within 0-100
2301,26,89,Medium,Low,No,7,100,Low,Yes,0,Medium,Low,Public,Neutral,3,No,High School,Near,Female,69,16+ hours,4,80-89%,3,No tutoring,Within 0-100
2302,14,63,Medium,Medium,No,8,81,Low,Yes,0,Medium,Low,Private,Positive,5,No,High School,Near,Female,61,11-15 hours,3,60-69%,1,No tutoring,Within 0-100
2303,18,98,Low,Medium,Yes,7,65,Medium,Yes,1,High,Medium,Private,Neutral,4,No,Postgraduate,Near,Female,70,16+ hours,4,90-100%,4,1+ sessions,Within 0-100
2304,22,68,Medium,High,No,4,92,High,Yes,2,High,Medium,Public,Neutral,3,No,High School,Near,Male,68,16+ hours,4,60-69%,1,1+ sessions,Within 0-100
2305,32,95,Medium,High,Yes,9,58,Medium,Yes,2,Medium,Medium,Private,Positive,4,No,High School,Near,Male,75,16+ hours,4,90-100%,4,1+ sessions,Within 0-100
2306,39,92,Medium,Medium,No,9,73,Medium,Yes,1,Medium,Medium,Public,Negative,4,No,Postgraduate,Moderate,Male,75,16+ hours,4,90-100%,4,1+ sessions,Within 0-100
2307,24,99,High,Medium,No,4,92,Low,Yes,2,High,Medium,Private,Neutral,3,No,High School,Far,Male,72,16+ hours,4,90-100%,4,1+ sessions,Within 0-100
2308,19,79,Low,Medium,Yes,5,99,High,Yes,1,Low,Medium,Private,Negative,4,No,College,Moderate,Female,66,16+ hours,4,70-79%,2,1+ sessions,Within 0-100
2309,23,89,Low,High,No,10,69,Low,Yes,5,Medium,Medium,Public,Neutral,4,No,High School,Near,Male,71,16+ hours,4,80-89%,3,1+ sessions,Within 0-100
2310,25,75,Low,High,No,7,57,High,Yes,4,Low,High,Public,Positive,5,No,College,Near,Male,70,16+ hours,4,70-79%,2,1+ sessions,Within 0-100
2311,18,67,Medium,High,Yes,7,78,Low,Yes,2,Medium,Medium,Public,Negative,3,Yes,High School,Near,Female,63,16+ hours,4,60-69%,1,1+ sessions,Within 0-100
2312,31,78,High,High,Yes,6,97,Low,Yes,0,Medium,High,Public,Neutral,3,No,High School,Near,Male,72,16+ hours,4,70-79%,2,No tutoring,Within 0-100
2313,21,67,Medium,Medium,Yes,5,83,Medium,Yes,1,Low,High,Private,Neutral,5,No,High School,Near,Male,65,16+ hours,4,60-69%,1,1+ sessions,Within 0-100
2314,23,99,Medium,Medium,Yes,7,80,Low,Yes,3,Low,Low,Private,Neutral,2,No,High School,Near,Male,71,16+ hours,4,90-100%,4,1+ sessions,Within 0-100
2315,24,64,Medium,Medium,Yes,8,65,Medium,Yes,0,Medium,Medium,Public,Positive,3,No,College,Near,Female,65,16+ hours,4,60-69%,1,No tutoring,Within 0-100
2316,23,84,Medium,Low,Yes,7,80,Medium,Yes,1,Medium,High,Private,Positive,3,No,College,Moderate,Female,69,16+ hours,4,80-89%,3,1+ sessions,Within 0-100
2317,25,85,Medium,Low,Yes,8,94,Medium,Yes,3,Medium,High,Public,Positive,3,No,High School,Moderate,Male,71,16+ hours,4,80-89%,3,1+ sessions,Within 0-100
2318,16,82,Medium,High,Yes,10,69,Medium,Yes,2,Low,Medium,Public,Positive,4,No,College,Near,Male,68,16+ hours,4,80-89%,3,1+ sessions,Within 0-100
2319,17,86,Low,Medium,No,6,62,Low,Yes,2,Medium,High,Public,Positive,4,No,High School,Near,Female,66,16+ hours,4,80-89%,3,1+ sessions,Within 0-100
2320,13,65,High,Medium,No,7,74,Low,Yes,0,High,Medium,Public,Neutral,2,Yes,High School,Moderate,Male,60,11-15 hours,3,60-69%,1,No tutoring,Within 0-100
2321,23,82,Medium,Medium,No,9,69,Medium,Yes,0,High,Medium,Public,Positive,3,No,High School,Near,Female,68,16+ hours,4,80-89%,3,No tutoring,Within 0-100
2322,25,71,Medium,High,Yes,6,73,Medium,Yes,1,Low,Medium,Private,Neutral,4,No,High School,Near,Female,67,16+ hours,4,70-79%,2,1+ sessions,Within 0-100
2323,23,98,Medium,Low,No,7,55,Medium,Yes,3,High,High,Private,Neutral,4,No,High School,Near,Male,71,16+ hours,4,90-100%,4,1+ sessions,Within 0-100
2324,30,90,High,Medium,No,10,67,High,Yes,2,Medium,Medium,Private,Neutral,6,No,High School,Near,Male,74,16+ hours,4,90-100%,4,1+ sessions,Within 0-100
2325,20,99,Low,Medium,No,6,91,Medium,Yes,2,Medium,Low,Public,Negative,4,No,High School,Near,Male,70,16+ hours,4,90-100%,4,1+ sessions,Within 0-100
2326,24,62,Low,High,No,9,70,Low,Yes,2,Low,Medium,Public,Positive,2,No,College,Moderate,Female,63,16+ hours,4,60-69%,1,1+ sessions,Within 0-100
2327,13,71,Medium,Medium,No,7,98,Medium,Yes,0,Medium,Medium,Public,Positive,3,No,College,Near,Male,64,11-15 hours,3,70-79%,2,No tutoring,Within 0-100
2328,18,68,Medium,High,Yes,10,85,High,Yes,3,Low,Medium,Public,Neutral,3,No,High School,Near,Male,66,16+ hours,4,60-69%,1,1+ sessions,Within 0-100
2329,24,60,Medium,Medium,Yes,5,68,Medium,Yes,0,Medium,Low,Public,Neutral,3,No,Postgraduate,Near,Female,64,16+ hours,4,60-69%,1,No tutoring,Within 0-100
2330,25,70,High,High,Yes,7,63,Medium,Yes,1,Medium,High,Private,Positive,3,No,College,Moderate,Male,69,16+ hours,4,70-79%,2,1+ sessions,Within 0-100
2331,18,87,Medium,High,Yes,5,84,Medium,Yes,2,Medium,Low,Private,Positive,4,No,Postgraduate,Near,Male,71,16+ hours,4,80-89%,3,1+ sessions,Within 0-100
2332,20,69,High,Medium,No,6,65,Medium,Yes,1,Low,Medium,Public,Neutral,2,No,High School,Near,Female,64,16+ hours,4,60-69%,1,1+ sessions,Within 0-100
2333,11,80,Medium,Medium,Yes,6,96,Low,Yes,1,Low,High,Public,Neutral,3,No,High School,Near,Male,65,11-15 hours,3,80-89%,3,1+ sessions,Within 0-100
2334,18,96,High,Medium,No,7,56,Low,Yes,2,Medium,Medium,Private,Neutral,1,No,College,Near,Female,69,16+ hours,4,90-100%,4,1+ sessions,Within 0-100
2335,25,88,Medium,High,No,5,51,Medium,Yes,1,Medium,Low,Public,Neutral,1,No,High School,Near,Female,68,16+ hours,4,80-89%,3,1+ sessions,Within 0-100
2336,23,76,Medium,Medium,Yes,7,61,Medium,Yes,3,Medium,Low,Public,Positive,4,No,High School,Near,Male,68,16+ hours,4,70-79%,2,1+ sessions,Within 0-100
2337,23,75,High,Medium,Yes,8,80,High,Yes,0,Low,High,Private,Neutral,4,No,High School,Moderate,Female,68,16+ hours,4,70-79%,2,No tutoring,Within 0-100
2338,20,78,Low,Medium,Yes,5,92,Low,Yes,1,Medium,Medium,Public,Positive,3,No,High School,Far,Male,65,16+ hours,4,70-79%,2,1+ sessions,Within 0-100
2339,20,67,High,High,No,6,59,Low,Yes,1,Medium,Medium,Private,Negative,4,No,College,Near,Female,65,16+ hours,4,60-69%,1,1+ sessions,Within 0-100
2340,16,85,Medium,Low,No,10,79,Low,Yes,1,High,Medium,Private,Neutral,3,No,College,Near,Male,66,16+ hours,4,80-89%,3,1+ sessions,Within 0-100
2341,24,75,High,Low,No,7,57,Medium,Yes,0,Medium,Medium,Public,Neutral,1,No,Postgraduate,Near,Male,66,16+ hours,4,70-79%,2,No tutoring,Within 0-100
2342,23,94,Medium,Low,Yes,4,78,Medium,Yes,2,High,High,Public,Neutral,4,No,High School,Moderate,Male,71,16+ hours,4,90-100%,4,1+ sessions,Within 0-100
2343,23,90,High,Medium,Yes,5,51,Medium,Yes,0,Low,High,Public,Negative,1,No,High School,Near,Male,68,16+ hours,4,90-100%,4,No tutoring,Within 0-100
2344,17,84,Low,Medium,Yes,7,78,Low,Yes,0,High,High,Public,Neutral,5,Yes,College,Moderate,Female,65,16+ hours,4,80-89%,3,No tutoring,Within 0-100
2345,7,75,Medium,High,Yes,7,76,Medium,Yes,0,Medium,Low,Private,Positive,4,No,College,Moderate,Female,63,6-10 hours,2,70-79%,2,No tutoring,Within 0-100
2346,27,68,High,Medium,No,6,52,Medium,Yes,1,Medium,Low,Private,Neutral,5,No,Postgraduate,Far,Female,66,16+ hours,4,60-69%,1,1+ sessions,Within 0-100
2347,17,91,High,Low,Yes,10,84,Medium,Yes,7,Low,High,Public,Neutral,4,Yes,College,Moderate,Male,71,16+ hours,4,90-100%,4,1+ sessions,Within 0-100
2348,15,79,Low,Medium,Yes,10,79,Medium,Yes,2,Low,Medium,Private,Neutral,4,No,College,Moderate,Male,65,11-15 hours,3,70-79%,2,1+ sessions,Within 0-100
2349,24,69,Medium,High,Yes,7,81,Low,Yes,3,Medium,Medium,Private,Neutral,4,No,High School,Near,Female,68,16+ hours,4,60-69%,1,1+ sessions,Within 0-100
2350,18,68,Medium,Medium,Yes,8,76,High,Yes,2,High,Medium,Public,Neutral,3,No,Postgraduate,Near,Male,66,16+ hours,4,60-69%,1,1+ sessions,Within 0-100
2351,26,67,Low,High,No,8,86,Medium,Yes,2,Low,Medium,Public,Negative,2,Yes,High School,Near,Female,64,16+ hours,4,60-69%,1,1+ sessions,Within 0-100
2352,24,91,Medium,Low,Yes,9,76,High,Yes,1,Low,Low,Public,Positive,4,No,College,Near,Female,70,16+ hours,4,90-100%,4,1+ sessions,Within 0-100
2353,24,69,High,Low,Yes,6,96,Medium,Yes,4,High,Medium,Public,Positive,4,No,College,Moderate,Male,70,16+ hours,4,60-69%,1,1+ sessions,Within 0-100
2354,12,81,Medium,High,No,10,97,Low,Yes,1,Low,Unknown,Private,Positive,5,No,High School,Near,Female,66,11-15 hours,3,80-89%,3,1+ sessions,Within 0-100
2355,27,78,Medium,Medium,Yes,7,86,Medium,Yes,3,Medium,Unknown,Public,Positive,2,No,High School,Moderate,Female,70,16+ hours,4,70-79%,2,1+ sessions,Within 0-100
2356,22,83,High,High,No,8,96,Medium,No,2,Medium,High,Public,Positive,0,No,College,Near,Female,71,16+ hours,4,80-89%,3,1+ sessions,Within 0-100
2357,18,95,Low,High,No,7,96,Medium,Yes,2,Medium,High,Private,Positive,4,Yes,High School,Moderate,Male,70,16+ hours,4,90-100%,4,1+ sessions,Within 0-100
2358,21,95,Medium,Medium,No,7,63,Medium,Yes,1,Low,Medium,Private,Positive,4,No,Postgraduate,Near,Male,70,16+ hours,4,90-100%,4,1+ sessions,Within 0-100
2359,9,78,High,Medium,Yes,7,100,Low,Yes,2,Medium,Medium,Public,Positive,2,No,High School,Near,Male,66,6-10 hours,2,70-79%,2,1+ sessions,Within 0-100
2360,22,61,High,Medium,No,5,63,Low,Yes,1,Low,Medium,Public,Positive,3,No,Postgraduate,Near,Male,64,16+ hours,4,60-69%,1,1+ sessions,Within 0-100
2361,14,77,High,High,No,4,51,Low,Yes,5,Low,Medium,Public,Positive,3,No,College,Moderate,Male,66,11-15 hours,3,70-79%,2,1+ sessions,Within 0-100
2362,12,84,High,Medium,Yes,7,98,High,Yes,1,Low,Medium,Public,Positive,3,No,High School,Near,Female,68,11-15 hours,3,80-89%,3,1+ sessions,Within 0-100
2363,11,82,Low,Low,No,6,61,Low,Yes,2,Medium,Medium,Public,Neutral,2,No,High School,Near,Female,61,11-15 hours,3,80-89%,3,1+ sessions,Within 0-100
2364,27,86,Medium,Medium,Yes,8,79,Medium,Yes,2,Low,High,Private,Positive,4,No,College,Near,Male,72,16+ hours,4,80-89%,3,1+ sessions,Within 0-100
2365,16,66,High,High,No,8,99,Medium,Yes,1,Low,High,Private,Positive,3,No,High School,Moderate,Male,66,16+ hours,4,60-69%,1,1+ sessions,Within 0-100
2366,29,86,Low,Low,Yes,7,52,Medium,Yes,1,Low,Medium,Public,Positive,3,No,College,Near,Female,68,16+ hours,4,80-89%,3,1+ sessions,Within 0-100
2367,17,67,Low,Medium,No,9,63,High,Yes,1,Low,High,Public,Negative,4,No,College,Far,Male,61,16+ hours,4,60-69%,1,1+ sessions,Within 0-100
2368,10,90,High,Medium,Yes,7,80,Low,Yes,0,Medium,Medium,Public,Neutral,5,No,High School,Near,Female,67,6-10 hours,2,90-100%,4,No tutoring,Within 0-100
2369,13,74,High,High,Yes,5,88,Low,Yes,3,Low,Medium,Private,Neutral,3,Yes,College,Near,Female,66,11-15 hours,3,70-79%,2,1+ sessions,Within 0-100
2370,27,88,Medium,Medium,Yes,7,90,Medium,Yes,3,Medium,Medium,Public,Positive,4,No,Postgraduate,Moderate,Female,74,16+ hours,4,80-89%,3,1+ sessions,Within 0-100
2371,19,62,High,Medium,Yes,9,94,Medium,Yes,0,High,Low,Public,Neutral,4,No,Postgraduate,Near,Female,66,16+ hours,4,60-69%,1,No tutoring,Within 0-100
2372,17,76,High,Medium,Yes,4,58,Medium,Yes,4,Medium,Medium,Private,Neutral,2,No,Postgraduate,Moderate,Female,67,16+ hours,4,70-79%,2,1+ sessions,Within 0-100
2373,21,88,High,Low,Yes,7,69,Medium,Yes,4,Medium,Medium,Private,Neutral,3,No,College,Near,Male,71,16+ hours,4,80-89%,3,1+ sessions,Within 0-100
2374,23,69,High,Low,Yes,8,86,High,Yes,0,Medium,High,Public,Neutral,4,No,College,Far,Male,66,16+ hours,4,60-69%,1,No tutoring,Within 0-100
2375,27,92,Medium,Medium,Yes,10,86,High,Yes,0,Low,Low,Private,Positive,3,No,High School,Moderate,Male,71,16+ hours,4,90-100%,4,No tutoring,Within 0-100
2376,29,85,High,Medium,Yes,9,65,High,No,4,Low,Medium,Private,Neutral,4,No,Postgraduate,Moderate,Male,72,16+ hours,4,80-89%,3,1+ sessions,Within 0-100
2377,18,84,Medium,Medium,Yes,7,65,Medium,Yes,2,Medium,Medium,Public,Negative,3,No,High School,Near,Female,66,16+ hours,4,80-89%,3,1+ sessions,Within 0-100
2378,12,74,High,Low,Yes,8,66,Low,Yes,1,Low,Medium,Public,Positive,2,No,High School,Near,Male,62,11-15 hours,3,70-79%,2,1+ sessions,Within 0-100
2379,18,79,High,Medium,Yes,4,95,Low,Yes,1,Low,High,Public,Negative,2,No,High School,Moderate,Female,66,16+ hours,4,70-79%,2,1+ sessions,Within 0-100
2380,22,84,Low,High,Yes,5,95,Medium,Yes,2,Low,High,Public,Neutral,3,No,High School,Moderate,Male,69,16+ hours,4,80-89%,3,1+ sessions,Within 0-100
2381,14,79,Medium,Medium,Yes,8,51,Medium,Yes,0,Medium,High,Public,Negative,4,No,Unknown,Near,Male,64,11-15 hours,3,70-79%,2,No tutoring,Within 0-100
2382,14,88,Medium,Medium,Yes,7,66,Medium,Yes,4,Medium,High,Public,Positive,3,No,High School,Near,Female,69,11-15 hours,3,80-89%,3,1+ sessions,Within 0-100
2383,22,77,High,Low,Yes,7,70,Medium,Yes,2,Medium,Medium,Private,Positive,4,No,Postgraduate,Near,Male,69,16+ hours,4,70-79%,2,1+ sessions,Within 0-100
2384,20,68,High,Low,Yes,7,99,High,Yes,0,Low,Medium,Public,Positive,2,Yes,College,Moderate,Female,64,16+ hours,4,60-69%,1,No tutoring,Within 0-100
2385,20,69,Medium,High,Yes,7,97,Medium,Yes,3,Medium,High,Public,Positive,3,Yes,College,Near,Female,68,16+ hours,4,60-69%,1,1+ sessions,Within 0-100
2386,15,60,Medium,Medium,Yes,7,81,Low,Yes,4,Low,High,Public,Positive,2,No,High School,Near,Male,63,11-15 hours,3,60-69%,1,1+ sessions,Within 0-100
2387,19,72,High,Medium,Yes,5,52,Low,Yes,1,Low,Medium,Public,Positive,2,No,High School,Near,Male,64,16+ hours,4,70-79%,2,1+ sessions,Within 0-100
2388,14,90,Medium,High,Yes,7,60,Medium,Yes,2,Medium,Medium,Public,Neutral,4,No,Postgraduate,Near,Male,69,11-15 hours,3,90-100%,4,1+ sessions,Within 0-100
2389,25,92,Low,High,No,5,72,Medium,Yes,1,Medium,Medium,Public,Positive,4,No,High School,Near,Female,71,16+ hours,4,90-100%,4,1+ sessions,Within 0-100
2390,26,68,Medium,High,No,6,98,Low,Yes,2,Medium,Medium,Private,Neutral,3,No,College,Far,Female,67,16+ hours,4,60-69%,1,1+ sessions,Within 0-100
2391,9,98,High,Medium,No,9,55,Low,Yes,3,Low,Medium,Public,Positive,2,No,High School,Unknown,Male,67,6-10 hours,2,90-100%,4,1+ sessions,Within 0-100
2392,14,80,High,Low,Yes,7,90,High,Yes,2,Low,High,Public,Negative,2,No,College,Far,Female,66,11-15 hours,3,80-89%,3,1+ sessions,Within 0-100
2393,11,97,Medium,High,Yes,8,60,Medium,Yes,0,Medium,Low,Private,Positive,3,No,High School,Near,Male,67,11-15 hours,3,90-100%,4,No tutoring,Within 0-100
2394,16,88,Low,High,No,7,75,Low,Yes,2,Medium,Medium,Public,Neutral,4,No,Postgraduate,Near,Female,68,16+ hours,4,80-89%,3,1+ sessions,Within 0-100
2395,19,89,Medium,Medium,Yes,6,88,Low,Yes,1,Medium,High,Public,Positive,2,No,High School,Near,Female,69,16+ hours,4,80-89%,3,1+ sessions,Within 0-100
2396,11,63,High,High,Yes,5,85,High,No,0,Low,High,Public,Positive,4,Yes,High School,Moderate,Female,62,11-15 hours,3,60-69%,1,No tutoring,Within 0-100
2397,14,69,Medium,Medium,Yes,6,89,High,Yes,2,High,High,Private,Positive,5,No,High School,Moderate,Female,66,11-15 hours,3,60-69%,1,1+ sessions,Within 0-100
2398,14,60,Medium,Medium,Yes,7,91,Medium,Yes,1,Low,High,Private,Negative,3,No,Postgraduate,Near,Male,63,11-15 hours,3,60-69%,1,1+ sessions,Within 0-100
2399,21,89,Low,Low,Yes,8,65,Medium,Yes,2,Low,Low,Public,Neutral,3,No,College,Near,Female,67,16+ hours,4,80-89%,3,1+ sessions,Within 0-100
2400,20,74,High,Medium,No,7,68,High,Yes,3,Medium,Unknown,Public,Positive,4,No,High School,Far,Male,68,16+ hours,4,70-79%,2,1+ sessions,Within 0-100
2401,16,91,Medium,Low,No,8,91,Low,Yes,2,Medium,Medium,Public,Neutral,2,No,High School,Far,Female,66,16+ hours,4,90-100%,4,1+ sessions,Within 0-100
2402,21,74,Medium,Medium,Yes,5,52,Medium,Yes,3,Medium,Medium,Private,Positive,1,No,High School,Near,Male,66,16+ hours,4,70-79%,2,1+ sessions,Within 0-100
2403,17,93,High,Medium,No,8,76,Low,Yes,0,Low,Medium,Private,Negative,3,No,High School,Moderate,Female,67,16+ hours,4,90-100%,4,No tutoring,Within 0-100
2404,18,65,High,Medium,Yes,5,96,Medium,Yes,1,High,Medium,Private,Neutral,2,No,High School,Near,Female,66,16+ hours,4,60-69%,1,1+ sessions,Within 0-100
2405,30,67,Medium,Medium,Yes,8,94,Medium,Yes,1,Medium,Medium,Public,Neutral,2,No,College,Near,Female,69,16+ hours,4,60-69%,1,1+ sessions,Within 0-100
2406,28,74,Medium,High,No,8,90,High,Yes,2,Medium,Medium,Public,Positive,3,No,Postgraduate,Near,Male,72,16+ hours,4,70-79%,2,1+ sessions,Within 0-100
2407,12,76,Medium,Low,Yes,4,51,Medium,Yes,0,Low,Medium,Private,Neutral,1,No,High School,Near,Female,60,11-15 hours,3,70-79%,2,No tutoring,Within 0-100
2408,25,74,Low,High,Yes,8,94,High,Yes,0,Low,Medium,Public,Positive,4,No,High School,Moderate,Female,68,16+ hours,4,70-79%,2,No tutoring,Within 0-100
2409,25,91,Low,Medium,Yes,8,96,Medium,Yes,3,Medium,Medium,Public,Neutral,3,No,High School,Near,Female,72,16+ hours,4,90-100%,4,1+ sessions,Within 0-100
2410,13,64,Medium,High,Yes,9,83,Low,Yes,1,High,Medium,Public,Positive,4,No,High School,Near,Male,64,11-15 hours,3,60-69%,1,1+ sessions,Within 0-100
2411,25,74,Low,Medium,Yes,6,65,High,Yes,0,High,Medium,Public,Neutral,1,No,High School,Moderate,Male,65,16+ hours,4,70-79%,2,No tutoring,Within 0-100
2412,29,93,High,High,No,7,74,Medium,Yes,3,Medium,High,Private,Positive,3,No,High School,Near,Male,76,16+ hours,4,90-100%,4,1+ sessions,Within 0-100
2413,13,63,Low,Medium,No,8,88,Medium,Yes,0,Low,Medium,Private,Negative,2,No,High School,Near,Male,59,11-15 hours,3,60-69%,1,No tutoring,Within 0-100
2414,14,98,Medium,Medium,Yes,8,91,Low,Yes,0,Low,Medium,Public,Negative,4,No,High School,Moderate,Male,67,11-15 hours,3,90-100%,4,No tutoring,Within 0-100
2415,26,99,Medium,Medium,Yes,8,67,Medium,Yes,4,Medium,Medium,Private,Positive,4,Yes,High School,Near,Male,73,16+ hours,4,90-100%,4,1+ sessions,Within 0-100
2416,22,64,Medium,High,No,6,66,Low,Yes,1,Medium,Medium,Public,Neutral,4,No,College,Near,Male,64,16+ hours,4,60-69%,1,1+ sessions,Within 0-100
2417,23,72,Medium,High,No,8,87,Low,Yes,3,Medium,Low,Public,Neutral,3,No,High School,Near,Male,67,16+ hours,4,70-79%,2,1+ sessions,Within 0-100
2418,22,75,High,Medium,Yes,8,84,Low,Yes,3,High,Medium,Public,Negative,3,No,College,Near,Male,69,16+ hours,4,70-79%,2,1+ sessions,Within 0-100
2419,22,91,Medium,Low,Yes,7,76,Medium,Yes,1,Low,High,Public,Neutral,3,No,College,Moderate,Female,69,16+ hours,4,90-100%,4,1+ sessions,Within 0-100
2420,12,84,High,High,Yes,6,71,Medium,No,2,Medium,Medium,Public,Positive,3,No,College,Moderate,Male,67,11-15 hours,3,80-89%,3,1+ sessions,Within 0-100
2421,26,86,Medium,High,Yes,6,83,Medium,Yes,2,Low,Medium,Public,Positive,4,No,High School,Near,Male,72,16+ hours,4,80-89%,3,1+ sessions,Within 0-100
2422,27,90,Low,Medium,No,9,52,Low,No,2,Low,High,Public,Positive,2,Yes,College,Near,Male,86,16+ hours,4,90-100%,4,1+ sessions,Within 0-100
2423,19,65,Medium,High,Yes,8,54,Medium,Yes,0,Low,High,Private,Neutral,3,No,High School,Far,Female,62,16+ hours,4,60-69%,1,No tutoring,Within 0-100
2424,20,93,Medium,Low,No,7,79,Medium,Yes,1,Medium,Low,Public,Neutral,3,No,Postgraduate,Near,Female,69,16+ hours,4,90-100%,4,1+ sessions,Within 0-100
2425,11,88,High,High,Yes,7,61,Low,Yes,2,Medium,Medium,Public,Neutral,3,No,Postgraduate,Near,Male,68,11-15 hours,3,80-89%,3,1+ sessions,Within 0-100
2426,23,83,High,High,Yes,4,89,Low,Yes,1,Medium,Medium,Public,Negative,3,No,High School,Far,Male,99,16+ hours,4,80-89%,3,1+ sessions,Within 0-100
2427,23,96,Low,Medium,Yes,7,89,Medium,Yes,1,Low,Medium,Private,Positive,3,No,College,Far,Female,70,16+ hours,4,90-100%,4,1+ sessions,Within 0-100
2428,20,88,Low,Medium,Yes,5,85,Medium,Yes,2,Medium,Medium,Public,Negative,3,No,High School,Near,Male,68,16+ hours,4,80-89%,3,1+ sessions,Within 0-100
2429,27,68,Medium,Medium,Yes,7,95,Low,Yes,0,Medium,Medium,Public,Positive,4,No,High School,Near,Male,67,16+ hours,4,60-69%,1,No tutoring,Within 0-100
2430,18,77,High,Medium,Yes,9,57,Low,Yes,1,Low,High,Public,Negative,2,No,Postgraduate,Near,Male,66,16+ hours,4,70-79%,2,1+ sessions,Within 0-100
2431,23,80,Low,High,No,6,63,Low,Yes,0,High,Medium,Private,Positive,2,No,High School,Near,Male,66,16+ hours,4,80-89%,3,No tutoring,Within 0-100
2432,14,62,Medium,High,Yes,7,63,Medium,Yes,2,Low,Medium,Public,Positive,2,No,College,Moderate,Female,62,11-15 hours,3,60-69%,1,1+ sessions,Within 0-100
2433,20,98,Medium,Medium,Yes,8,89,High,Yes,3,High,Medium,Public,Negative,2,Yes,College,Near,Male,72,16+ hours,4,90-100%,4,1+ sessions,Within 0-100
2434,19,65,Medium,High,Yes,7,76,Medium,No,0,Medium,Medium,Public,Neutral,3,No,Postgraduate,Near,Female,64,16+ hours,4,60-69%,1,No tutoring,Within 0-100
2435,21,88,Medium,Medium,Yes,6,63,Low,Yes,1,Medium,Medium,Public,Neutral,3,No,High School,Near,Female,68,16+ hours,4,80-89%,3,1+ sessions,Within 0-100
2436,18,80,Medium,High,Yes,7,57,Medium,Yes,2,Low,Low,Public,Positive,3,No,Postgraduate,Far,Female,66,16+ hours,4,80-89%,3,1+ sessions,Within 0-100
2437,19,61,Medium,High,Yes,8,95,High,Yes,4,Medium,Medium,Private,Positive,3,No,College,Near,Male,68,16+ hours,4,60-69%,1,1+ sessions,Within 0-100
2438,25,97,Low,High,Yes,7,85,High,Yes,3,High,Medium,Public,Neutral,1,No,Postgraduate,Near,Male,75,16+ hours,4,90-100%,4,1+ sessions,Within 0-100
2439,17,94,Low,Low,No,7,76,High,Yes,3,Low,High,Public,Neutral,3,Yes,College,Far,Male,67,16+ hours,4,90-100%,4,1+ sessions,Within 0-100
2440,10,81,Low,Medium,Yes,9,98,Medium,Yes,2,Low,Medium,Public,Neutral,2,No,College,Near,Male,65,6-10 hours,2,80-89%,3,1+ sessions,Within 0-100
2441,30,69,Medium,Medium,No,8,92,Medium,Yes,2,Medium,Low,Public,Neutral,3,No,High School,Near,Female,68,16+ hours,4,60-69%,1,1+ sessions,Within 0-100
2442,28,65,Medium,Medium,Yes,5,59,High,Yes,2,Low,Medium,Private,Neutral,5,No,High School,Near,Male,67,16+ hours,4,60-69%,1,1+ sessions,Within 0-100
2443,12,75,Medium,Medium,Yes,8,75,High,Yes,1,Low,Medium,Private,Negative,2,No,College,Near,Female,63,11-15 hours,3,70-79%,2,1+ sessions,Within 0-100
2444,24,70,Medium,High,Yes,8,74,Low,Yes,2,Medium,High,Public,Negative,3,No,High School,Near,Male,67,16+ hours,4,70-79%,2,1+ sessions,Within 0-100
2445,17,80,Medium,Medium,Yes,5,92,Medium,Yes,0,Low,Medium,Private,Negative,4,No,Postgraduate,Near,Female,67,16+ hours,4,80-89%,3,No tutoring,Within 0-100
2446,22,99,Medium,Medium,Yes,4,57,High,Yes,2,Medium,High,Public,Positive,3,No,College,Near,Female,73,16+ hours,4,90-100%,4,1+ sessions,Within 0-100
2447,22,83,Medium,Medium,Yes,5,73,High,No,0,Low,Medium,Public,Positive,3,No,High School,Near,Male,67,16+ hours,4,80-89%,3,No tutoring,Within 0-100
2448,19,96,Medium,Medium,No,7,82,Medium,Yes,1,High,Medium,Public,Neutral,4,No,Postgraduate,Near,Male,71,16+ hours,4,90-100%,4,1+ sessions,Within 0-100
2449,15,86,Low,Medium,No,9,97,Medium,Yes,2,Medium,Medium,Public,Negative,4,No,High School,Near,Male,67,11-15 hours,3,80-89%,3,1+ sessions,Within 0-100
2450,16,79,High,Low,Yes,6,95,Medium,Yes,0,High,Medium,Public,Neutral,5,No,College,Near,Male,68,16+ hours,4,70-79%,2,No tutoring,Within 0-100
2451,15,94,Low,Low,Yes,8,77,Medium,Yes,1,High,High,Private,Positive,1,No,College,Near,Male,68,11-15 hours,3,90-100%,4,1+ sessions,Within 0-100
2452,15,79,High,Medium,Yes,4,80,Medium,Yes,1,High,Medium,Private,Negative,4,No,High School,Far,Male,66,11-15 hours,3,70-79%,2,1+ sessions,Within 0-100
2453,20,95,High,Low,Yes,7,93,Low,No,0,Low,High,Public,Neutral,2,No,High School,Near,Male,68,16+ hours,4,90-100%,4,No tutoring,Within 0-100
2454,16,72,Medium,Low,No,6,87,Medium,No,2,Medium,Low,Private,Positive,4,No,High School,Near,Female,63,16+ hours,4,70-79%,2,1+ sessions,Within 0-100
2455,24,65,High,High,No,10,94,Medium,Yes,2,Medium,Medium,Public,Neutral,2,No,Postgraduate,Moderate,Male,68,16+ hours,4,60-69%,1,1+ sessions,Within 0-100
2456,29,94,Low,High,Yes,4,95,Medium,Yes,1,Medium,Medium,Public,Positive,5,No,High School,Near,Male,74,16+ hours,4,90-100%,4,1+ sessions,Within 0-100
2457,17,83,Low,Medium,Yes,7,92,Low,Yes,3,Low,Medium,Public,Neutral,2,Yes,Unknown,Moderate,Male,65,16+ hours,4,80-89%,3,1+ sessions,Within 0-100
2458,21,96,Medium,Medium,Yes,4,50,Medium,Yes,1,Low,Low,Private,Positive,2,No,Postgraduate,Moderate,Male,69,16+ hours,4,90-100%,4,1+ sessions,Within 0-100
2459,23,98,Medium,High,No,6,66,Medium,Yes,1,Low,Medium,Public,Neutral,1,No,High School,Moderate,Male,70,16+ hours,4,90-100%,4,1+ sessions,Within 0-100
2460,23,62,Medium,Low,Yes,4,70,High,Yes,3,Medium,High,Public,Positive,2,No,College,Moderate,Female,65,16+ hours,4,60-69%,1,1+ sessions,Within 0-100
2461,20,80,Medium,Medium,No,10,84,Medium,Yes,1,Medium,Medium,Public,Positive,4,No,College,Near,Male,68,16+ hours,4,80-89%,3,1+ sessions,Within 0-100
2462,24,75,Low,Medium,No,6,65,Medium,No,0,Medium,Medium,Public,Positive,5,No,College,Moderate,Male,65,16+ hours,4,70-79%,2,No tutoring,Within 0-100
2463,23,85,Medium,High,No,7,66,Low,No,0,High,High,Public,Neutral,2,No,College,Near,Male,68,16+ hours,4,80-89%,3,No tutoring,Within 0-100
2464,13,92,Medium,High,Yes,7,70,Low,Yes,4,Low,Medium,Public,Neutral,3,No,High School,Near,Male,68,11-15 hours,3,90-100%,4,1+ sessions,Within 0-100
2465,25,71,Medium,Medium,Yes,5,98,Low,Yes,0,Low,Medium,Public,Positive,1,No,Postgraduate,Far,Male,66,16+ hours,4,70-79%,2,No tutoring,Within 0-100
2466,25,82,High,Medium,No,9,72,High,Yes,0,High,Medium,Public,Positive,0,No,College,Near,Female,70,16+ hours,4,80-89%,3,No tutoring,Within 0-100
2467,15,88,Medium,Medium,No,8,57,Medium,Yes,1,High,Medium,Private,Positive,2,No,High School,Far,Male,66,11-15 hours,3,80-89%,3,1+ sessions,Within 0-100
2468,20,65,Medium,High,Yes,8,50,Medium,Yes,0,Low,Medium,Public,Positive,5,No,High School,Near,Male,64,16+ hours,4,60-69%,1,No tutoring,Within 0-100
2469,24,93,Medium,High,No,5,62,Medium,Yes,1,Low,Medium,Public,Neutral,1,No,College,Near,Female,70,16+ hours,4,90-100%,4,1+ sessions,Within 0-100
2470,19,84,High,Medium,No,9,97,Low,Yes,1,High,Medium,Public,Negative,3,Yes,High School,Near,Male,68,16+ hours,4,80-89%,3,1+ sessions,Within 0-100
2471,26,98,Low,High,Yes,9,98,Low,Yes,4,Low,Low,Public,Positive,2,No,College,Moderate,Male,74,16+ hours,4,90-100%,4,1+ sessions,Within 0-100
2472,34,74,High,Low,Yes,7,76,Medium,Yes,2,Low,High,Public,Positive,2,No,College,Near,Female,71,16+ hours,4,70-79%,2,1+ sessions,Within 0-100
2473,15,64,Medium,Medium,Yes,8,82,Low,Yes,0,Low,Medium,Public,Negative,3,No,High School,Near,Male,61,11-15 hours,3,60-69%,1,No tutoring,Within 0-100
2474,12,80,Medium,Low,No,7,90,Medium,Yes,3,Low,Medium,Public,Neutral,3,No,High School,Near,Female,64,11-15 hours,3,80-89%,3,1+ sessions,Within 0-100
2475,22,63,High,Low,No,5,53,High,Yes,2,High,Medium,Public,Neutral,1,No,Postgraduate,Moderate,Male,64,16+ hours,4,60-69%,1,1+ sessions,Within 0-100
2476,24,99,High,Medium,Yes,7,69,Medium,Yes,0,Medium,Medium,Private,Positive,3,No,High School,Near,Male,73,16+ hours,4,90-100%,4,No tutoring,Within 0-100
2477,19,62,Medium,High,Yes,6,82,Medium,Yes,0,Low,High,Public,Negative,3,Yes,College,Moderate,Male,62,16+ hours,4,60-69%,1,No tutoring,Within 0-100
2478,29,90,Low,Medium,Yes,7,95,Medium,Yes,0,High,High,Public,Neutral,2,Yes,High School,Near,Male,71,16+ hours,4,90-100%,4,No tutoring,Within 0-100
2479,12,81,High,Medium,Yes,9,86,Medium,Yes,2,Medium,High,Public,Negative,2,No,Postgraduate,Near,Male,68,11-15 hours,3,80-89%,3,1+ sessions,Within 0-100
2480,24,75,Medium,Low,Yes,5,68,High,Yes,2,Medium,Medium,Public,Neutral,2,No,Postgraduate,Near,Male,67,16+ hours,4,70-79%,2,1+ sessions,Within 0-100
2481,16,63,Medium,Medium,No,6,95,High,Yes,1,Medium,Unknown,Public,Negative,4,No,College,Far,Female,63,16+ hours,4,60-69%,1,1+ sessions,Within 0-100
2482,30,85,Low,Medium,No,6,83,Medium,Yes,2,Medium,Medium,Public,Positive,3,No,College,Near,Female,71,16+ hours,4,80-89%,3,1+ sessions,Within 0-100
2483,32,83,Medium,Medium,Yes,6,92,Low,Yes,1,High,Medium,Public,Neutral,3,No,High School,Near,Male,72,16+ hours,4,80-89%,3,1+ sessions,Within 0-100
2484,15,71,High,Medium,No,6,69,High,No,3,Medium,High,Public,Positive,3,No,Postgraduate,Moderate,Female,66,11-15 hours,3,70-79%,2,1+ sessions,Within 0-100
2485,17,96,Medium,Medium,Yes,7,50,Low,Yes,1,Medium,Medium,Private,Negative,4,No,High School,Near,Female,67,16+ hours,4,90-100%,4,1+ sessions,Within 0-100
2486,25,72,High,Medium,Yes,8,58,Medium,Yes,0,Low,Medium,Public,Negative,4,No,College,Moderate,Female,66,16+ hours,4,70-79%,2,No tutoring,Within 0-100
2487,18,78,Low,Medium,No,8,96,Medium,Yes,4,High,Medium,Public,Positive,4,Yes,College,Near,Male,68,16+ hours,4,70-79%,2,1+ sessions,Within 0-100
2488,20,82,Low,Low,Yes,7,52,Low,Yes,0,Medium,Medium,Private,Neutral,3,No,College,Near,Female,64,16+ hours,4,80-89%,3,No tutoring,Within 0-100
2489,20,64,Medium,Medium,Yes,8,80,High,Yes,1,Medium,Medium,Private,Positive,3,No,High School,Near,Male,65,16+ hours,4,60-69%,1,1+ sessions,Within 0-100
2490,8,97,High,Medium,Yes,10,70,High,Yes,0,Low,Low,Public,Neutral,1,No,High School,Near,Male,66,6-10 hours,2,90-100%,4,No tutoring,Within 0-100
2491,20,75,High,High,Yes,7,71,High,Yes,1,Medium,High,Public,Positive,4,No,College,Moderate,Male,69,16+ hours,4,70-79%,2,1+ sessions,Within 0-100
2492,16,63,High,High,No,9,70,Low,Yes,2,Medium,High,Private,Negative,5,No,College,Moderate,Female,64,16+ hours,4,60-69%,1,1+ sessions,Within 0-100
2493,17,75,Low,High,Yes,8,53,Medium,Yes,1,Low,High,Public,Positive,3,No,College,Near,Female,65,16+ hours,4,70-79%,2,1+ sessions,Within 0-100
2494,29,84,High,Medium,Yes,10,56,High,Yes,3,Low,High,Public,Neutral,4,No,Postgraduate,Far,Female,72,16+ hours,4,80-89%,3,1+ sessions,Within 0-100
2495,12,81,High,Medium,No,8,53,Low,Yes,1,Medium,High,Private,Positive,3,No,College,Near,Male,65,11-15 hours,3,80-89%,3,1+ sessions,Within 0-100
2496,25,88,Low,High,Yes,6,53,Medium,Yes,2,Medium,High,Public,Negative,4,No,College,Near,Female,70,16+ hours,4,80-89%,3,1+ sessions,Within 0-100
2497,18,62,Medium,Medium,Yes,7,54,Medium,Yes,2,Medium,High,Private,Positive,3,No,Postgraduate,Moderate,Male,64,16+ hours,4,60-69%,1,1+ sessions,Within 0-100
2498,18,71,Medium,Low,Yes,7,85,Low,Yes,1,Low,Low,Public,Neutral,2,No,High School,Moderate,Male,62,16+ hours,4,70-79%,2,1+ sessions,Within 0-100
2499,25,93,Medium,High,No,8,56,High,Yes,0,Low,Low,Private,Neutral,3,No,High School,Near,Male,69,16+ hours,4,90-100%,4,No tutoring,Within 0-100
2500,22,63,High,Low,No,6,63,Low,Yes,1,Medium,Low,Public,Negative,2,No,Postgraduate,Moderate,Male,62,16+ hours,4,60-69%,1,1+ sessions,Within 0-100
2501,23,94,Low,Low,Yes,9,83,Medium,Yes,2,Low,Medium,Private,Positive,2,No,High School,Near,Female,69,16+ hours,4,90-100%,4,1+ sessions,Within 0-100
2502,26,64,Medium,High,No,7,56,Medium,Yes,3,Medium,Medium,Public,Positive,3,No,High School,Unknown,Male,66,16+ hours,4,60-69%,1,1+ sessions,Within 0-100
2503,18,93,Medium,High,Yes,8,96,Medium,Yes,2,Medium,Low,Public,Positive,2,No,High School,Moderate,Female,71,16+ hours,4,90-100%,4,1+ sessions,Within 0-100
2504,16,74,Medium,High,Yes,7,74,Low,Yes,4,Low,Low,Private,Positive,3,No,High School,Near,Male,66,16+ hours,4,70-79%,2,1+ sessions,Within 0-100
2505,13,84,High,Medium,No,7,98,Medium,No,0,Low,Low,Public,Neutral,4,Yes,High School,Near,Male,64,11-15 hours,3,80-89%,3,No tutoring,Within 0-100
2506,15,66,Medium,High,Yes,7,60,High,Yes,2,High,Medium,Private,Negative,3,No,High School,Moderate,Female,63,11-15 hours,3,60-69%,1,1+ sessions,Within 0-100
2507,38,63,Medium,High,No,8,52,High,Yes,1,Medium,Medium,Private,Positive,3,No,College,Moderate,Male,69,16+ hours,4,60-69%,1,1+ sessions,Within 0-100
2508,27,69,High,High,Yes,10,80,Medium,No,1,Medium,High,Public,Positive,4,Yes,High School,Near,Female,68,16+ hours,4,60-69%,1,1+ sessions,Within 0-100
2509,12,65,High,High,Yes,4,66,Medium,Yes,0,Medium,High,Public,Neutral,2,No,High School,Near,Female,63,11-15 hours,3,60-69%,1,No tutoring,Within 0-100
2510,12,72,Medium,Medium,Yes,8,79,High,Yes,1,High,Medium,Public,Positive,3,No,College,Far,Male,64,11-15 hours,3,70-79%,2,1+ sessions,Within 0-100
2511,23,81,Medium,Low,Yes,7,74,Medium,Yes,0,Low,Medium,Public,Neutral,0,No,Postgraduate,Near,Female,66,16+ hours,4,80-89%,3,No tutoring,Within 0-100
2512,23,84,Medium,High,Yes,7,73,Medium,Yes,1,High,Medium,Public,Positive,4,No,High School,Near,Male,71,16+ hours,4,80-89%,3,1+ sessions,Within 0-100
2513,23,92,High,Medium,Yes,4,93,High,Yes,0,High,Medium,Public,Negative,4,No,High School,Near,Female,72,16+ hours,4,90-100%,4,No tutoring,Within 0-100
2514,18,86,High,Medium,No,8,60,Medium,Yes,2,Low,High,Private,Neutral,1,No,College,Near,Male,88,16+ hours,4,80-89%,3,1+ sessions,Within 0-100
2515,19,84,Medium,High,Yes,7,75,Low,Yes,1,Low,Medium,Public,Negative,2,No,College,Far,Male,66,16+ hours,4,80-89%,3,1+ sessions,Within 0-100
2516,22,76,Medium,Medium,Yes,6,71,Medium,Yes,0,Low,High,Private,Neutral,2,No,High School,Moderate,Male,65,16+ hours,4,70-79%,2,No tutoring,Within 0-100
2517,21,79,Low,Medium,Yes,7,84,Low,Yes,2,Medium,Medium,Private,Neutral,3,No,High School,Near,Male,66,16+ hours,4,70-79%,2,1+ sessions,Within 0-100
2518,7,77,Low,Medium,Yes,7,53,High,Yes,4,Low,Medium,Private,Positive,2,No,College,Moderate,Female,62,6-10 hours,2,70-79%,2,1+ sessions,Within 0-100
2519,19,94,Medium,Low,No,4,76,Medium,Yes,4,Low,High,Private,Negative,3,No,High School,Moderate,Female,68,16+ hours,4,90-100%,4,1+ sessions,Within 0-100
2520,15,69,Medium,Medium,Yes,7,74,High,Yes,2,Low,Medium,Private,Neutral,5,No,Postgraduate,Near,Female,65,11-15 hours,3,60-69%,1,1+ sessions,Within 0-100
2521,21,60,Low,High,No,8,99,Low,Yes,0,Low,Low,Private,Positive,3,No,High School,Near,Male,62,16+ hours,4,60-69%,1,No tutoring,Within 0-100
2522,38,86,High,Medium,No,6,88,High,Yes,1,Low,High,Public,Negative,4,No,High School,Moderate,Female,74,16+ hours,4,80-89%,3,1+ sessions,Within 0-100
2523,22,68,Medium,Low,Yes,7,58,Medium,Yes,0,Medium,Medium,Public,Neutral,3,No,Postgraduate,Near,Male,64,16+ hours,4,60-69%,1,No tutoring,Within 0-100
2524,18,96,High,High,No,7,75,High,Yes,2,Medium,High,Public,Negative,2,No,Unknown,Near,Male,72,16+ hours,4,90-100%,4,1+ sessions,Within 0-100
2525,26,94,Medium,Medium,No,9,89,Medium,Yes,0,Low,Medium,Public,Neutral,3,Yes,High School,Near,Female,70,16+ hours,4,90-100%,4,No tutoring,Within 0-100
2526,23,63,High,Medium,No,7,76,Medium,Yes,2,Medium,High,Public,Positive,1,No,High School,Far,Male,65,16+ hours,4,60-69%,1,1+ sessions,Within 0-100
2527,23,64,Medium,High,Yes,8,68,Low,Yes,3,Low,High,Public,Neutral,3,No,High School,Near,Female,66,16+ hours,4,60-69%,1,1+ sessions,Within 0-100
2528,24,80,Medium,Medium,Yes,7,69,Low,Yes,0,Medium,High,Private,Positive,3,No,College,Far,Male,67,16+ hours,4,80-89%,3,No tutoring,Within 0-100
2529,32,84,Medium,High,Yes,10,68,Medium,Yes,1,Low,Medium,Public,Positive,5,No,High School,Near,Male,73,16+ hours,4,80-89%,3,1+ sessions,Within 0-100
2530,13,71,Medium,High,Yes,6,51,Low,Yes,4,High,Medium,Public,Positive,4,No,College,Moderate,Female,65,11-15 hours,3,70-79%,2,1+ sessions,Within 0-100
2531,23,89,High,High,No,6,87,Medium,Yes,4,Medium,High,Private,Neutral,3,No,College,Near,Female,74,16+ hours,4,80-89%,3,1+ sessions,Within 0-100
2532,14,84,Medium,Medium,No,7,81,Medium,Yes,0,High,Medium,Public,Neutral,2,No,College,Near,Female,66,11-15 hours,3,80-89%,3,No tutoring,Within 0-100
2533,23,73,Medium,Medium,No,6,63,Medium,Yes,1,High,Medium,Public,Positive,3,No,High School,Near,Male,67,16+ hours,4,70-79%,2,1+ sessions,Within 0-100
2534,14,61,Medium,Medium,No,5,82,Low,No,0,Low,Medium,Public,Neutral,0,No,High School,Near,Female,58,11-15 hours,3,60-69%,1,No tutoring,Within 0-100
2535,17,90,High,High,No,8,65,Medium,Yes,2,Low,High,Public,Positive,3,No,Postgraduate,Moderate,Male,71,16+ hours,4,90-100%,4,1+ sessions,Within 0-100
2536,18,69,Low,High,Yes,4,62,High,Yes,1,Medium,Low,Public,Neutral,3,No,High School,Moderate,Male,63,16+ hours,4,60-69%,1,1+ sessions,Within 0-100
2537,26,93,Low,High,No,6,87,Medium,Yes,1,Medium,High,Public,Positive,3,No,College,Near,Female,73,16+ hours,4,90-100%,4,1+ sessions,Within 0-100
2538,26,77,High,Medium,Yes,5,90,Medium,Yes,1,Medium,Medium,Private,Neutral,2,No,High School,Far,Female,68,16+ hours,4,70-79%,2,1+ sessions,Within 0-100
2539,13,83,Low,Medium,Yes,7,81,Medium,Yes,4,Low,Medium,Public,Negative,5,No,College,Near,Female,66,11-15 hours,3,80-89%,3,1+ sessions,Within 0-100
2540,20,95,Low,Medium,No,4,89,Medium,Yes,3,Low,Medium,Public,Negative,3,Yes,High School,Near,Male,68,16+ hours,4,90-100%,4,1+ sessions,Within 0-100
2541,16,95,Medium,Low,No,8,68,Low,No,2,Medium,High,Public,Neutral,4,No,High School,Near,Female,66,16+ hours,4,90-100%,4,1+ sessions,Within 0-100
2542,12,75,Medium,High,No,8,54,Low,Yes,1,Medium,High,Public,Negative,3,No,High School,Near,Female,62,11-15 hours,3,70-79%,2,1+ sessions,Within 0-100
2543,19,68,Medium,Medium,Yes,5,80,Medium,Yes,0,Medium,Medium,Public,Neutral,3,Yes,High School,Moderate,Male,78,16+ hours,4,60-69%,1,No tutoring,Within 0-100
2544,18,91,Medium,Medium,No,7,63,Medium,Yes,1,Medium,Medium,Public,Negative,4,No,College,Near,Male,68,16+ hours,4,90-100%,4,1+ sessions,Within 0-100
2545,35,77,High,High,Yes,8,89,Medium,Yes,5,High,Medium,Public,Positive,4,No,College,Near,Female,77,16+ hours,4,70-79%,2,1+ sessions,Within 0-100
2546,23,68,High,Low,Yes,8,68,Medium,Yes,1,Medium,Medium,Public,Neutral,2,No,College,Near,Male,65,16+ hours,4,60-69%,1,1+ sessions,Within 0-100
2547,12,96,High,High,Yes,5,84,Low,Yes,3,High,Medium,Public,Positive,4,No,Postgraduate,Near,Female,73,11-15 hours,3,90-100%,4,1+ sessions,Within 0-100
2548,17,68,Medium,Low,Yes,5,78,Medium,Yes,4,Low,Low,Public,Positive,2,No,College,Near,Male,64,16+ hours,4,60-69%,1,1+ sessions,Within 0-100
2549,26,61,Low,High,Yes,9,91,Medium,No,0,High,High,Private,Positive,4,No,College,Near,Female,67,16+ hours,4,60-69%,1,No tutoring,Within 0-100
2550,33,61,High,Medium,No,6,92,Medium,Yes,1,Medium,Medium,Public,Positive,4,No,High School,Near,Female,69,16+ hours,4,60-69%,1,1+ sessions,Within 0-100
2551,10,85,Low,Low,Yes,6,53,High,Yes,1,Low,Medium,Private,Neutral,3,Yes,High School,Moderate,Male,60,6-10 hours,2,80-89%,3,1+ sessions,Within 0-100
2552,9,86,High,Medium,No,8,65,High,Yes,0,Medium,Medium,Public,Positive,3,No,College,Near,Female,66,6-10 hours,2,80-89%,3,No tutoring,Within 0-100
2553,31,72,Low,High,Yes,5,94,High,Yes,2,Low,Low,Public,Positive,2,No,High School,Near,Male,70,16+ hours,4,70-79%,2,1+ sessions,Within 0-100
2554,22,73,High,Medium,Yes,7,70,Low,No,2,Low,Medium,Public,Positive,3,No,College,Near,Male,66,16+ hours,4,70-79%,2,1+ sessions,Within 0-100
2555,15,74,High,Medium,Yes,8,76,Medium,Yes,1,Medium,Low,Public,Neutral,4,No,High School,Far,Male,64,11-15 hours,3,70-79%,2,1+ sessions,Within 0-100
2556,23,87,Medium,High,No,5,59,Medium,Yes,1,High,Low,Public,Neutral,4,No,College,Near,Male,70,16+ hours,4,80-89%,3,1+ sessions,Within 0-100
2557,4,62,Medium,Medium,No,6,78,High,Yes,3,High,Unknown,Public,Neutral,2,No,High School,Far,Female,58,1-5 hours,1,60-69%,1,1+ sessions,Within 0-100
2558,20,97,Medium,High,Yes,5,63,Medium,Yes,0,Low,Unknown,Public,Negative,3,No,College,Far,Female,69,16+ hours,4,90-100%,4,No tutoring,Within 0-100
2559,22,69,Medium,Medium,Yes,6,91,Low,Yes,0,High,High,Private,Neutral,1,Yes,High School,Moderate,Male,64,16+ hours,4,60-69%,1,No tutoring,Within 0-100
2560,26,100,Low,Medium,No,9,60,Medium,Yes,2,Medium,Medium,Public,Positive,4,No,High School,Near,Male,72,16+ hours,4,90-100%,4,1+ sessions,Within 0-100
2561,14,67,Medium,Medium,Yes,9,68,Low,Yes,1,Low,Medium,Public,Neutral,3,Yes,High School,Near,Male,60,11-15 hours,3,60-69%,1,1+ sessions,Within 0-100
2562,21,91,Medium,Medium,Yes,7,55,High,Yes,2,High,Medium,Private,Neutral,3,No,High School,Near,Female,70,16+ hours,4,90-100%,4,1+ sessions,Within 0-100
2563,14,69,Medium,Low,Yes,8,79,Medium,Yes,1,High,Medium,Public,Negative,1,No,Postgraduate,Moderate,Female,62,11-15 hours,3,60-69%,1,1+ sessions,Within 0-100
2564,22,63,Medium,Medium,Yes,8,97,Medium,Yes,1,High,High,Public,Neutral,3,No,High School,Moderate,Female,66,16+ hours,4,60-69%,1,1+ sessions,Within 0-100
2565,15,95,Medium,Medium,Yes,6,59,Low,Yes,0,Medium,Unknown,Private,Positive,5,No,High School,Far,Female,66,11-15 hours,3,90-100%,4,No tutoring,Within 0-100
2566,18,94,Low,Medium,Yes,7,51,Medium,Yes,1,Low,Medium,Public,Neutral,3,Yes,College,Moderate,Male,65,16+ hours,4,90-100%,4,1+ sessions,Within 0-100
2567,14,76,High,Medium,Yes,5,71,Medium,Yes,1,Low,Medium,Public,Negative,3,No,High School,Near,Male,64,11-15 hours,3,70-79%,2,1+ sessions,Within 0-100
2568,24,88,High,Medium,Yes,6,87,Medium,Yes,1,High,Low,Private,Positive,3,No,High School,Near,Female,72,16+ hours,4,80-89%,3,1+ sessions,Within 0-100
2569,25,82,Medium,Medium,Yes,7,99,High,Yes,3,Low,High,Public,Neutral,2,No,High School,Near,Female,71,16+ hours,4,80-89%,3,1+ sessions,Within 0-100
2570,19,94,Low,High,No,5,53,Medium,Yes,1,Medium,Medium,Public,Neutral,3,No,High School,Near,Female,68,16+ hours,4,90-100%,4,1+ sessions,Within 0-100
2571,20,73,High,Medium,Yes,5,89,Medium,Yes,2,Medium,High,Public,Positive,5,Yes,High School,Moderate,Female,68,16+ hours,4,70-79%,2,1+ sessions,Within 0-100
2572,11,81,Low,Medium,Yes,6,68,High,Yes,2,High,Medium,Private,Negative,3,No,Postgraduate,Far,Female,64,11-15 hours,3,80-89%,3,1+ sessions,Within 0-100
2573,18,79,Low,Medium,Yes,9,58,Medium,Yes,3,Medium,High,Public,Negative,3,No,High School,Near,Female,65,16+ hours,4,70-79%,2,1+ sessions,Within 0-100
2574,20,74,Medium,High,Yes,9,60,Medium,No,1,Low,Medium,Public,Positive,3,No,High School,Moderate,Female,64,16+ hours,4,70-79%,2,1+ sessions,Within 0-100
2575,36,96,Medium,Low,No,7,96,Medium,Yes,1,Low,High,Public,Positive,3,No,College,Moderate,Female,75,16+ hours,4,90-100%,4,1+ sessions,Within 0-100
2576,13,67,Low,Medium,Yes,8,90,Medium,Yes,2,Low,Medium,Private,Negative,2,No,High School,Near,Male,61,11-15 hours,3,60-69%,1,1+ sessions,Within 0-100
2577,29,66,High,High,No,6,66,Medium,Yes,0,Medium,Medium,Private,Negative,3,No,Postgraduate,Near,Male,68,16+ hours,4,60-69%,1,No tutoring,Within 0-100
2578,26,83,Medium,Medium,No,4,97,Low,Yes,2,Low,High,Public,Negative,4,No,College,Moderate,Male,70,16+ hours,4,80-89%,3,1+ sessions,Within 0-100
2579,22,86,High,Medium,No,6,55,Medium,Yes,5,High,Low,Private,Negative,3,No,Postgraduate,Near,Female,71,16+ hours,4,80-89%,3,1+ sessions,Within 0-100
2580,31,68,Low,High,Yes,7,66,Low,Yes,0,Low,Medium,Public,Positive,3,No,High School,Near,Male,66,16+ hours,4,60-69%,1,No tutoring,Within 0-100
2581,22,76,High,Low,Yes,7,83,Low,Yes,0,Low,Medium,Public,Positive,1,No,College,Near,Male,66,16+ hours,4,70-79%,2,No tutoring,Within 0-100
2582,22,98,Medium,Medium,Yes,7,100,Low,Yes,0,Low,Medium,Public,Neutral,3,No,High School,Far,Male,70,16+ hours,4,90-100%,4,No tutoring,Within 0-100
2583,20,70,Low,Medium,No,7,73,Medium,Yes,0,Low,Medium,Public,Negative,5,No,High School,Near,Female,62,16+ hours,4,70-79%,2,No tutoring,Within 0-100
2584,27,87,High,Low,Yes,6,91,Low,Yes,4,High,Medium,Public,Neutral,4,No,High School,Moderate,Male,72,16+ hours,4,80-89%,3,1+ sessions,Within 0-100
2585,27,90,High,Medium,No,8,96,High,Yes,0,Medium,Medium,Public,Negative,4,No,High School,Moderate,Male,72,16+ hours,4,90-100%,4,No tutoring,Within 0-100
2586,16,78,Low,Medium,Yes,5,50,Medium,Yes,2,Low,Medium,Private,Positive,2,No,College,Moderate,Male,63,16+ hours,4,70-79%,2,1+ sessions,Within 0-100
2587,12,98,High,Low,Yes,8,64,Medium,No,5,Low,Medium,Public,Neutral,5,No,College,Near,Female,69,11-15 hours,3,90-100%,4,1+ sessions,Within 0-100
2588,19,89,Medium,Medium,Yes,6,55,Medium,Yes,0,Medium,High,Public,Positive,2,No,Postgraduate,Moderate,Male,68,16+ hours,4,80-89%,3,No tutoring,Within 0-100
2589,15,78,High,High,Yes,10,89,Low,Yes,0,Medium,Medium,Public,Neutral,3,No,High School,Near,Male,67,11-15 hours,3,70-79%,2,No tutoring,Within 0-100
2590,20,83,High,High,Yes,7,78,High,Yes,3,Low,Medium,Private,Neutral,2,No,College,Near,Female,71,16+ hours,4,80-89%,3,1+ sessions,Within 0-100
2591,27,88,Low,Medium,Yes,6,55,Low,No,2,Low,Medium,Public,Positive,5,No,High School,Far,Male,67,16+ hours,4,80-89%,3,1+ sessions,Within 0-100
2592,17,84,Low,Low,Yes,6,71,Low,Yes,0,Medium,Medium,Private,Negative,4,Yes,High School,Near,Male,62,16+ hours,4,80-89%,3,No tutoring,Within 0-100
2593,20,95,Medium,Medium,No,6,76,Medium,Yes,0,Low,High,Private,Positive,4,No,High School,Moderate,Female,69,16+ hours,4,90-100%,4,No tutoring,Within 0-100
2594,20,74,High,Medium,Yes,8,85,Medium,Yes,2,Low,Medium,Public,Positive,0,No,High School,Near,Male,67,16+ hours,4,70-79%,2,1+ sessions,Within 0-100
2595,25,72,Medium,High,Yes,7,89,Medium,Yes,2,Low,High,Public,Positive,3,No,Postgraduate,Near,Female,71,16+ hours,4,70-79%,2,1+ sessions,Within 0-100
2596,7,69,Medium,High,Yes,8,54,High,Yes,1,Medium,High,Public,Positive,2,No,High School,Far,Male,87,6-10 hours,2,60-69%,1,1+ sessions,Within 0-100
2597,16,62,Low,Medium,No,8,74,Medium,Yes,2,High,High,Private,Neutral,3,No,High School,Moderate,Male,62,16+ hours,4,60-69%,1,1+ sessions,Within 0-100
2598,21,62,High,Low,Yes,7,58,Medium,Yes,2,Low,High,Public,Positive,1,No,College,Near,Female,64,16+ hours,4,60-69%,1,1+ sessions,Within 0-100
2599,27,95,Medium,High,No,8,88,High,Yes,3,Medium,Medium,Private,Positive,2,No,High School,Far,Female,74,16+ hours,4,90-100%,4,1+ sessions,Within 0-100
2600,17,87,High,High,Yes,9,83,Medium,Yes,0,Low,High,Public,Neutral,2,No,College,Moderate,Male,69,16+ hours,4,80-89%,3,No tutoring,Within 0-100
2601,9,86,High,Medium,No,8,86,Medium,Yes,1,Low,High,Public,Neutral,1,No,High School,Near,Male,65,6-10 hours,2,80-89%,3,1+ sessions,Within 0-100
2602,24,85,Low,Medium,Yes,7,54,Medium,No,2,Medium,Low,Public,Neutral,3,No,College,Moderate,Female,66,16+ hours,4,80-89%,3,1+ sessions,Within 0-100
2603,16,94,Medium,Medium,Yes,8,76,Low,Yes,3,Medium,Medium,Public,Negative,4,No,Postgraduate,Near,Female,70,16+ hours,4,90-100%,4,1+ sessions,Within 0-100
2604,13,79,High,High,No,5,92,Medium,Yes,3,Medium,Medium,Public,Neutral,3,No,High School,Near,Male,68,11-15 hours,3,70-79%,2,1+ sessions,Within 0-100
2605,16,95,Low,Low,No,10,86,Medium,Yes,4,High,Medium,Public,Positive,2,No,College,Near,Female,70,16+ hours,4,90-100%,4,1+ sessions,Within 0-100
2606,19,74,High,High,No,8,93,High,Yes,1,Medium,Medium,Public,Negative,3,No,High School,Near,Male,68,16+ hours,4,70-79%,2,1+ sessions,Within 0-100
2607,16,97,High,Low,Yes,8,60,Medium,Yes,0,Low,High,Public,Positive,3,No,High School,Near,Male,69,16+ hours,4,90-100%,4,No tutoring,Within 0-100
2608,7,88,Medium,High,Yes,7,64,Low,Yes,2,Medium,High,Public,Neutral,4,No,Postgraduate,Moderate,Male,66,6-10 hours,2,80-89%,3,1+ sessions,Within 0-100
2609,25,70,Medium,Medium,Yes,4,72,Medium,Yes,0,Low,Low,Public,Neutral,4,No,College,Moderate,Male,65,16+ hours,4,70-79%,2,No tutoring,Within 0-100
2610,28,83,Medium,Medium,Yes,7,76,Medium,Yes,1,Medium,Medium,Public,Positive,3,No,College,Near,Male,71,16+ hours,4,80-89%,3,1+ sessions,Within 0-100
2611,24,81,Medium,Low,Yes,7,63,Medium,Yes,1,Low,Medium,Public,Positive,3,No,High School,Moderate,Male,66,16+ hours,4,80-89%,3,1+ sessions,Within 0-100
2612,13,66,Low,Medium,Yes,6,69,Low,Yes,2,Low,Medium,Private,Positive,4,No,High School,Near,Male,61,11-15 hours,3,60-69%,1,1+ sessions,Within 0-100
2613,19,84,Medium,Medium,Yes,6,84,Medium,Yes,3,Medium,High,Public,Neutral,2,No,Postgraduate,Moderate,Male,69,16+ hours,4,80-89%,3,1+ sessions,Within 0-100
2614,20,73,Medium,Medium,No,6,82,Low,Yes,1,Medium,High,Private,Negative,3,No,College,Near,Male,65,16+ hours,4,70-79%,2,1+ sessions,Within 0-100
2615,24,62,Medium,Medium,Yes,8,56,Medium,Yes,0,Medium,Medium,Private,Positive,2,No,College,Moderate,Male,63,16+ hours,4,60-69%,1,No tutoring,Within 0-100
2616,24,98,Medium,Low,Yes,9,99,High,Yes,2,Low,High,Public,Neutral,2,No,Postgraduate,Far,Female,73,16+ hours,4,90-100%,4,1+ sessions,Within 0-100
2617,16,86,High,Medium,Yes,7,78,Low,Yes,1,Low,Medium,Private,Positive,4,No,Postgraduate,Moderate,Male,68,16+ hours,4,80-89%,3,1+ sessions,Within 0-100
2618,20,95,Medium,Medium,Yes,6,74,Medium,Yes,1,High,Low,Public,Positive,4,No,High School,Far,Female,70,16+ hours,4,90-100%,4,1+ sessions,Within 0-100
2619,23,87,Medium,Medium,Yes,6,98,Medium,Yes,3,Medium,Medium,Public,Neutral,3,No,College,Near,Male,72,16+ hours,4,80-89%,3,1+ sessions,Within 0-100
2620,29,74,High,Medium,Yes,7,57,Medium,No,3,Medium,Medium,Private,Positive,2,No,High School,Moderate,Male,68,16+ hours,4,70-79%,2,1+ sessions,Within 0-100
2621,24,81,Medium,Medium,No,7,77,Medium,Yes,0,High,Medium,Private,Positive,3,No,High School,Near,Male,68,16+ hours,4,80-89%,3,No tutoring,Within 0-100
2622,25,87,High,Medium,Yes,8,90,Medium,Yes,1,Low,Medium,Public,Negative,4,No,High School,Near,Female,71,16+ hours,4,80-89%,3,1+ sessions,Within 0-100
2623,21,98,Low,Low,Yes,6,70,Medium,Yes,1,Medium,Medium,Public,Positive,3,No,High School,Moderate,Male,68,16+ hours,4,90-100%,4,1+ sessions,Within 0-100
2624,28,70,High,Low,Yes,8,87,High,Yes,3,Low,Medium,Public,Neutral,3,No,Postgraduate,Moderate,Male,70,16+ hours,4,70-79%,2,1+ sessions,Within 0-100
2625,22,95,Medium,Low,Yes,8,95,Medium,No,2,Low,High,Private,Neutral,4,No,High School,Near,Female,70,16+ hours,4,90-100%,4,1+ sessions,Within 0-100
2626,15,97,High,Medium,Yes,6,63,Low,Yes,2,Medium,Medium,Public,Neutral,3,No,High School,Near,Female,69,11-15 hours,3,90-100%,4,1+ sessions,Within 0-100
2627,28,87,High,Medium,Yes,4,62,High,Yes,2,Low,High,Public,Positive,4,No,High School,Near,Female,73,16+ hours,4,80-89%,3,1+ sessions,Within 0-100
2628,24,97,Medium,Medium,Yes,6,68,Low,Yes,1,Medium,High,Public,Neutral,4,No,College,Near,Male,72,16+ hours,4,90-100%,4,1+ sessions,Within 0-100
2629,17,76,Medium,High,No,9,71,Medium,Yes,0,Medium,High,Public,Neutral,3,No,Postgraduate,Near,Male,67,16+ hours,4,70-79%,2,No tutoring,Within 0-100
2630,17,98,High,Medium,No,4,56,Medium,Yes,2,Low,Low,Private,Positive,3,No,High School,Near,Female,69,16+ hours,4,90-100%,4,1+ sessions,Within 0-100
2631,22,88,Low,Medium,Yes,9,62,Medium,Yes,1,High,Medium,Private,Negative,3,No,College,Near,Male,68,16+ hours,4,80-89%,3,1+ sessions,Within 0-100
2632,23,62,High,Low,No,4,94,Medium,Yes,0,Medium,Low,Private,Positive,3,No,Postgraduate,Far,Female,64,16+ hours,4,60-69%,1,No tutoring,Within 0-100
2633,21,96,Low,High,Yes,6,78,Low,Yes,2,Medium,High,Private,Neutral,3,No,High School,Moderate,Female,71,16+ hours,4,90-100%,4,1+ sessions,Within 0-100
2634,22,79,High,Medium,Yes,6,63,Medium,Yes,1,Medium,High,Public,Neutral,4,No,High School,Near,Female,68,16+ hours,4,70-79%,2,1+ sessions,Within 0-100
2635,30,78,Medium,High,Yes,10,97,Medium,Yes,1,Low,Low,Private,Positive,2,No,High School,Far,Male,70,16+ hours,4,70-79%,2,1+ sessions,Within 0-100
2636,26,83,Medium,High,Yes,7,89,Medium,Yes,3,Low,Medium,Private,Positive,3,No,High School,Moderate,Male,72,16+ hours,4,80-89%,3,1+ sessions,Within 0-100
2637,21,66,Low,High,Yes,7,68,High,Yes,2,Low,Medium,Public,Positive,1,No,High School,Near,Female,65,16+ hours,4,60-69%,1,1+ sessions,Within 0-100
2638,26,79,Medium,High,No,6,88,Medium,Yes,1,Low,High,Public,Positive,3,Yes,College,Near,Male,70,16+ hours,4,70-79%,2,1+ sessions,Within 0-100
2639,14,93,Medium,Medium,No,8,80,Low,Yes,2,Low,Medium,Private,Positive,4,No,Postgraduate,Near,Male,69,11-15 hours,3,90-100%,4,1+ sessions,Within 0-100
2640,22,61,Medium,Medium,No,6,84,Low,Yes,0,Medium,Medium,Public,Positive,2,No,Postgraduate,Near,Male,64,16+ hours,4,60-69%,1,No tutoring,Within 0-100
2641,31,71,Low,High,Yes,7,66,Medium,Yes,3,Low,Medium,Private,Negative,1,No,High School,Near,Male,67,16+ hours,4,70-79%,2,1+ sessions,Within 0-100
2642,19,60,High,High,Yes,6,60,High,Yes,1,Low,Medium,Public,Positive,2,No,College,Near,Male,65,16+ hours,4,60-69%,1,1+ sessions,Within 0-100
2643,15,77,Low,Medium,Yes,8,63,Medium,Yes,0,Medium,Medium,Public,Neutral,1,No,High School,Near,Female,62,11-15 hours,3,70-79%,2,No tutoring,Within 0-100
2644,16,89,High,Medium,No,8,54,Medium,Yes,2,Low,High,Private,Positive,2,No,College,Moderate,Male,68,16+ hours,4,80-89%,3,1+ sessions,Within 0-100
2645,13,92,Medium,High,No,6,74,High,Yes,2,Low,Medium,Private,Neutral,2,No,College,Near,Male,68,11-15 hours,3,90-100%,4,1+ sessions,Within 0-100
2646,15,98,Medium,Medium,No,6,70,Low,Yes,1,Medium,High,Private,Positive,3,No,High School,Moderate,Male,68,11-15 hours,3,90-100%,4,1+ sessions,Within 0-100
2647,18,84,Medium,Low,Yes,6,50,Medium,Yes,4,High,High,Private,Negative,3,No,Postgraduate,Near,Male,68,16+ hours,4,80-89%,3,1+ sessions,Within 0-100
2648,12,70,Medium,Medium,Yes,7,93,Medium,Yes,1,Low,High,Public,Neutral,4,No,High School,Far,Female,62,11-15 hours,3,70-79%,2,1+ sessions,Within 0-100
2649,20,97,Medium,Low,Yes,8,84,Low,Yes,4,Medium,Medium,Public,Positive,5,No,High School,Near,Female,72,16+ hours,4,90-100%,4,1+ sessions,Within 0-100
2650,25,91,Low,Medium,No,7,72,Medium,Yes,1,Medium,High,Private,Neutral,3,No,College,Far,Male,69,16+ hours,4,90-100%,4,1+ sessions,Within 0-100
2651,15,83,Medium,High,No,4,98,Low,Yes,3,Low,High,Public,Positive,3,No,High School,Moderate,Female,68,11-15 hours,3,80-89%,3,1+ sessions,Within 0-100
2652,29,88,Low,Medium,Yes,8,97,Medium,Yes,4,Low,High,Public,Negative,3,Yes,College,Moderate,Male,71,16+ hours,4,80-89%,3,1+ sessions,Within 0-100
2653,23,97,Low,High,Yes,5,55,Medium,Yes,0,Medium,Low,Public,Neutral,3,No,High School,Moderate,Female,69,16+ hours,4,90-100%,4,No tutoring,Within 0-100
2654,26,88,Low,High,No,6,81,Medium,Yes,1,High,Medium,Public,Positive,2,No,High School,Near,Male,71,16+ hours,4,80-89%,3,1+ sessions,Within 0-100
2655,16,75,Medium,High,Yes,7,91,Low,Yes,2,Low,Low,Public,Positive,5,No,High School,Far,Male,65,16+ hours,4,70-79%,2,1+ sessions,Within 0-100
2656,25,89,Medium,High,No,7,59,Medium,Yes,1,Low,Medium,Public,Neutral,4,Yes,High School,Near,Male,68,16+ hours,4,80-89%,3,1+ sessions,Within 0-100
2657,13,62,Medium,Medium,Yes,8,56,Low,Yes,1,Low,High,Public,Positive,4,Yes,High School,Near,Female,60,11-15 hours,3,60-69%,1,1+ sessions,Within 0-100
2658,25,75,Medium,Medium,Yes,6,63,Low,Yes,3,High,Medium,Private,Neutral,4,No,High School,Near,Male,68,16+ hours,4,70-79%,2,1+ sessions,Within 0-100
2659,21,76,Low,High,No,6,64,Medium,Yes,1,Medium,Medium,Public,Neutral,4,No,High School,Near,Female,66,16+ hours,4,70-79%,2,1+ sessions,Within 0-100
2660,23,67,Medium,Medium,No,7,98,Low,Yes,4,Low,Medium,Private,Neutral,3,No,High School,Moderate,Male,66,16+ hours,4,60-69%,1,1+ sessions,Within 0-100
2661,13,61,Medium,Medium,Yes,8,89,Low,Yes,4,Low,Medium,Private,Neutral,4,No,High School,Far,Female,62,11-15 hours,3,60-69%,1,1+ sessions,Within 0-100
2662,15,65,Medium,Medium,No,8,53,Medium,Yes,2,Low,Medium,Public,Negative,3,No,College,Near,Male,61,11-15 hours,3,60-69%,1,1+ sessions,Within 0-100
2663,24,86,High,Medium,No,7,89,Low,Yes,2,Low,Medium,Public,Negative,3,No,Postgraduate,Far,Female,69,16+ hours,4,80-89%,3,1+ sessions,Within 0-100
2664,14,92,Medium,High,Yes,9,58,High,Yes,1,High,Low,Public,Positive,2,No,High School,Near,Male,69,11-15 hours,3,90-100%,4,1+ sessions,Within 0-100
2665,23,100,Medium,Medium,Yes,9,68,Medium,Yes,4,High,High,Private,Negative,3,No,Postgraduate,Near,Male,74,16+ hours,4,90-100%,4,1+ sessions,Within 0-100
2666,12,74,Medium,High,Yes,8,66,Low,Yes,1,Low,Medium,Public,Negative,4,No,High School,Near,Female,62,11-15 hours,3,70-79%,2,1+ sessions,Within 0-100
2667,25,84,Medium,Medium,Yes,5,64,Medium,Yes,0,Low,Medium,Public,Negative,3,No,College,Moderate,Female,67,16+ hours,4,80-89%,3,No tutoring,Within 0-100
2668,13,97,High,Medium,No,8,65,High,Yes,1,Low,Medium,Private,Positive,2,No,High School,Near,Female,69,11-15 hours,3,90-100%,4,1+ sessions,Within 0-100
2669,23,67,High,Low,Yes,7,88,Medium,Yes,1,Low,Medium,Private,Positive,4,No,High School,Near,Male,66,16+ hours,4,60-69%,1,1+ sessions,Within 0-100
2670,24,89,Medium,High,Yes,6,63,Medium,Yes,2,High,Medium,Private,Positive,3,No,College,Near,Male,72,16+ hours,4,80-89%,3,1+ sessions,Within 0-100
2671,16,90,High,Low,No,6,90,Medium,Yes,2,High,Medium,Public,Neutral,3,No,High School,Near,Male,69,16+ hours,4,90-100%,4,1+ sessions,Within 0-100
2672,23,64,Medium,High,Yes,7,55,Medium,Yes,0,Medium,Medium,Public,Positive,4,No,High School,Moderate,Male,65,16+ hours,4,60-69%,1,No tutoring,Within 0-100
2673,22,94,Medium,High,No,6,80,Low,Yes,0,High,Medium,Private,Positive,2,No,Postgraduate,Near,Male,72,16+ hours,4,90-100%,4,No tutoring,Within 0-100
2674,17,93,Low,Medium,Yes,7,93,Low,Yes,2,Medium,Medium,Private,Positive,4,No,High School,Near,Male,69,16+ hours,4,90-100%,4,1+ sessions,Within 0-100
2675,14,61,Medium,High,No,7,54,Medium,Yes,3,Low,Medium,Public,Positive,2,Yes,High School,Near,Female,60,11-15 hours,3,60-69%,1,1+ sessions,Within 0-100
2676,8,64,High,Medium,No,7,82,High,Yes,0,High,Medium,Public,Neutral,1,Yes,Postgraduate,Near,Female,61,6-10 hours,2,60-69%,1,No tutoring,Within 0-100
2677,22,62,High,Low,No,8,76,Medium,Yes,1,Medium,Low,Public,Neutral,3,No,High School,Near,Male,63,16+ hours,4,60-69%,1,1+ sessions,Within 0-100
2678,11,73,Medium,Medium,No,7,67,Medium,No,3,Medium,High,Private,Positive,5,Yes,Postgraduate,Near,Male,63,11-15 hours,3,70-79%,2,1+ sessions,Within 0-100
2679,21,80,Medium,Medium,Yes,6,55,High,Yes,1,High,High,Public,Negative,3,No,Postgraduate,Moderate,Male,68,16+ hours,4,80-89%,3,1+ sessions,Within 0-100
2680,18,81,Medium,Medium,Yes,4,84,Low,Yes,1,Medium,Medium,Private,Positive,4,No,College,Near,Female,68,16+ hours,4,80-89%,3,1+ sessions,Within 0-100
2681,24,71,High,Medium,No,8,65,Medium,Yes,1,Low,Medium,Private,Negative,2,No,High School,Near,Male,65,16+ hours,4,70-79%,2,1+ sessions,Within 0-100
2682,18,96,Medium,High,No,7,67,Medium,Yes,1,High,Medium,Public,Positive,2,No,High School,Near,Female,71,16+ hours,4,90-100%,4,1+ sessions,Within 0-100
2683,18,75,Medium,Medium,Yes,7,86,Low,Yes,1,Low,Medium,Private,Negative,3,No,High School,Near,Male,64,16+ hours,4,70-79%,2,1+ sessions,Within 0-100
2684,24,62,Medium,Medium,No,9,97,Medium,Yes,1,Medium,Medium,Private,Negative,2,No,Postgraduate,Near,Male,65,16+ hours,4,60-69%,1,1+ sessions,Within 0-100
2685,22,72,High,Medium,Yes,5,67,Low,Yes,2,Medium,Medium,Public,Neutral,4,No,College,Near,Female,67,16+ hours,4,70-79%,2,1+ sessions,Within 0-100
2686,22,81,High,Medium,No,7,87,Low,Yes,0,Low,Medium,Public,Neutral,2,No,High School,Near,Female,67,16+ hours,4,80-89%,3,No tutoring,Within 0-100
2687,23,76,Low,Medium,Yes,6,98,Medium,Yes,1,Low,High,Public,Neutral,3,No,College,Moderate,Male,67,16+ hours,4,70-79%,2,1+ sessions,Within 0-100
2688,11,71,Low,Medium,Yes,8,55,Medium,Yes,1,Low,Medium,Public,Negative,3,No,College,Near,Female,87,11-15 hours,3,70-79%,2,1+ sessions,Within 0-100
2689,25,65,High,High,Yes,4,76,High,Yes,1,High,Medium,Private,Neutral,1,No,High School,Moderate,Female,67,16+ hours,4,60-69%,1,1+ sessions,Within 0-100
2690,24,93,High,Medium,Yes,8,51,High,Yes,4,Medium,Medium,Private,Positive,2,Yes,High School,Near,Male,72,16+ hours,4,90-100%,4,1+ sessions,Within 0-100
2691,14,100,Medium,Low,Yes,8,91,High,Yes,0,Low,High,Public,Neutral,3,No,High School,Near,Female,69,11-15 hours,3,90-100%,4,No tutoring,Within 0-100
2692,19,73,Medium,Medium,Yes,6,64,Low,Yes,1,High,Medium,Public,Positive,3,No,College,Moderate,Female,65,16+ hours,4,70-79%,2,1+ sessions,Within 0-100
2693,20,75,High,Medium,Yes,7,67,Low,Yes,1,Low,Medium,Private,Positive,4,No,High School,Near,Female,66,16+ hours,4,70-79%,2,1+ sessions,Within 0-100
2694,19,85,High,High,No,6,84,Low,Yes,3,Medium,Medium,Private,Negative,3,No,Postgraduate,Near,Male,70,16+ hours,4,80-89%,3,1+ sessions,Within 0-100
2695,22,89,High,High,Yes,8,89,Medium,Yes,0,Medium,Medium,Private,Neutral,3,No,High School,Moderate,Male,71,16+ hours,4,80-89%,3,No tutoring,Within 0-100
2696,29,76,Medium,High,Yes,8,70,Low,No,1,Low,Low,Public,Neutral,4,No,College,Moderate,Female,67,16+ hours,4,70-79%,2,1+ sessions,Within 0-100
2697,26,96,High,Medium,No,5,83,Medium,Yes,0,Medium,High,Public,Positive,2,No,High School,Far,Male,72,16+ hours,4,90-100%,4,No tutoring,Within 0-100
2698,12,82,Low,Medium,No,5,98,Medium,Yes,0,Low,High,Public,Neutral,1,No,High School,Moderate,Male,63,11-15 hours,3,80-89%,3,No tutoring,Within 0-100
2699,24,78,High,Low,Yes,9,94,Low,Yes,0,Low,High,Public,Neutral,4,No,High School,Moderate,Female,67,16+ hours,4,70-79%,2,No tutoring,Within 0-100
2700,28,86,Low,Medium,No,10,85,Medium,Yes,6,Low,High,Public,Neutral,2,No,High School,Near,Male,72,16+ hours,4,80-89%,3,1+ sessions,Within 0-100
2701,22,98,Medium,Medium,No,8,97,Low,Yes,1,High,Medium,Private,Positive,1,Yes,Postgraduate,Near,Female,72,16+ hours,4,90-100%,4,1+ sessions,Within 0-100
2702,27,92,Medium,Medium,No,8,94,Medium,No,1,Low,Medium,Private,Negative,4,No,College,Near,Female,70,16+ hours,4,90-100%,4,1+ sessions,Within 0-100
2703,32,62,High,Medium,No,7,86,Low,Yes,0,Low,Medium,Public,Positive,2,No,High School,Near,Female,67,16+ hours,4,60-69%,1,No tutoring,Within 0-100
2704,26,73,Medium,Medium,No,7,96,High,Yes,0,Medium,High,Private,Neutral,3,No,High School,Near,Female,68,16+ hours,4,70-79%,2,No tutoring,Within 0-100
2705,21,79,Low,Medium,Yes,8,91,High,Yes,1,Low,Medium,Public,Positive,3,No,High School,Moderate,Male,67,16+ hours,4,70-79%,2,1+ sessions,Within 0-100
2706,26,73,High,High,No,7,75,Low,Yes,3,Low,Medium,Public,Positive,5,No,College,Near,Male,70,16+ hours,4,70-79%,2,1+ sessions,Within 0-100
2707,21,88,Medium,Low,No,9,75,High,No,1,Medium,High,Private,Neutral,2,No,Postgraduate,Moderate,Female,67,16+ hours,4,80-89%,3,1+ sessions,Within 0-100
2708,20,93,Medium,Medium,Yes,7,50,Medium,Yes,1,High,High,Public,Positive,4,No,College,Near,Male,71,16+ hours,4,90-100%,4,1+ sessions,Within 0-100
2709,18,89,High,Low,Yes,7,52,Medium,Yes,1,High,High,Public,Positive,3,No,Postgraduate,Near,Female,69,16+ hours,4,80-89%,3,1+ sessions,Within 0-100
2710,29,100,Medium,Medium,Yes,7,87,Medium,No,3,Low,Medium,Public,Negative,5,No,College,Near,Female,74,16+ hours,4,90-100%,4,1+ sessions,Within 0-100
2711,15,71,High,Low,No,7,78,Medium,Yes,0,Medium,Medium,Private,Positive,3,No,High School,Near,Male,63,11-15 hours,3,70-79%,2,No tutoring,Within 0-100
2712,29,95,Medium,Low,Yes,9,88,Medium,Yes,0,Medium,High,Public,Neutral,2,No,High School,Near,Female,72,16+ hours,4,90-100%,4,No tutoring,Within 0-100
2713,23,91,High,Low,Yes,7,97,Low,Yes,2,Low,Medium,Public,Neutral,3,No,College,Moderate,Male,71,16+ hours,4,90-100%,4,1+ sessions,Within 0-100
2714,12,74,High,Medium,No,7,73,Medium,Yes,1,Low,Medium,Public,Neutral,5,No,High School,Unknown,Male,64,11-15 hours,3,70-79%,2,1+ sessions,Within 0-100
2715,22,89,Medium,Medium,Yes,7,54,Medium,Yes,1,High,Medium,Public,Positive,3,No,High School,Near,Female,69,16+ hours,4,80-89%,3,1+ sessions,Within 0-100
2716,7,64,High,High,No,6,81,Medium,Yes,2,Low,Low,Private,Positive,3,No,Postgraduate,Moderate,Female,62,6-10 hours,2,60-69%,1,1+ sessions,Within 0-100
2717,24,92,Medium,Medium,Yes,5,55,Medium,No,1,Medium,Medium,Public,Neutral,4,No,College,Near,Male,69,16+ hours,4,90-100%,4,1+ sessions,Within 0-100
2718,25,81,High,Low,Yes,9,81,Low,Yes,2,Low,Medium,Public,Neutral,3,No,High School,Near,Male,68,16+ hours,4,80-89%,3,1+ sessions,Within 0-100
2719,16,72,High,Medium,Yes,9,76,High,Yes,6,Low,Low,Public,Negative,3,No,High School,Near,Male,67,16+ hours,4,70-79%,2,1+ sessions,Within 0-100
2720,21,86,Medium,Medium,Yes,9,86,High,Yes,2,Medium,Medium,Public,Neutral,3,No,Postgraduate,Near,Male,71,16+ hours,4,80-89%,3,1+ sessions,Within 0-100
2721,32,86,Medium,Medium,Yes,5,68,Low,Yes,1,Medium,Medium,Public,Negative,4,No,High School,Moderate,Male,70,16+ hours,4,80-89%,3,1+ sessions,Within 0-100
2722,17,68,High,Medium,No,9,57,Medium,Yes,2,Medium,Low,Public,Neutral,3,No,High School,Moderate,Male,63,16+ hours,4,60-69%,1,1+ sessions,Within 0-100
2723,14,61,Low,High,No,10,62,Medium,Yes,0,High,Medium,Public,Negative,4,No,College,Moderate,Female,60,11-15 hours,3,60-69%,1,No tutoring,Within 0-100
2724,29,77,Medium,Medium,No,9,84,Medium,Yes,0,Low,High,Public,Neutral,3,No,College,Near,Female,69,16+ hours,4,70-79%,2,No tutoring,Within 0-100
2725,32,83,Medium,Medium,Yes,9,74,Medium,Yes,3,Low,Medium,Public,Neutral,3,No,College,Moderate,Male,71,16+ hours,4,80-89%,3,1+ sessions,Within 0-100
2726,20,95,Low,Low,Yes,8,77,Medium,Yes,1,High,High,Public,Positive,2,No,High School,Near,Male,69,16+ hours,4,90-100%,4,1+ sessions,Within 0-100
2727,26,97,High,Low,Yes,6,66,Medium,Yes,2,Medium,Medium,Public,Positive,1,No,College,Near,Female,73,16+ hours,4,90-100%,4,1+ sessions,Within 0-100
2728,28,81,Medium,High,Yes,8,92,Medium,Yes,1,High,Medium,Public,Positive,3,No,College,Near,Female,73,16+ hours,4,80-89%,3,1+ sessions,Within 0-100
2729,16,90,Medium,Medium,No,5,100,Medium,Yes,1,Low,Medium,Public,Positive,3,No,High School,Moderate,Female,68,16+ hours,4,90-100%,4,1+ sessions,Within 0-100
2730,17,78,High,Medium,Yes,6,66,Medium,Yes,2,Low,Medium,Public,Positive,4,No,College,Moderate,Male,67,16+ hours,4,70-79%,2,1+ sessions,Within 0-100
2731,27,90,Medium,High,No,7,86,High,Yes,2,Medium,Medium,Public,Positive,3,No,College,Moderate,Male,74,16+ hours,4,90-100%,4,1+ sessions,Within 0-100
2732,30,68,Medium,High,No,7,59,Medium,Yes,3,Low,Medium,Public,Positive,3,No,College,Moderate,Male,68,16+ hours,4,60-69%,1,1+ sessions,Within 0-100
2733,23,75,High,Medium,No,8,87,Low,Yes,1,Medium,High,Public,Positive,2,No,College,Near,Female,69,16+ hours,4,70-79%,2,1+ sessions,Within 0-100
2734,15,85,High,Medium,No,4,72,Medium,Yes,4,Low,High,Private,Neutral,4,No,College,Near,Male,69,11-15 hours,3,80-89%,3,1+ sessions,Within 0-100
2735,32,61,High,High,Yes,7,80,Medium,Yes,0,Low,Medium,Public,Positive,4,Yes,College,Moderate,Female,68,16+ hours,4,60-69%,1,No tutoring,Within 0-100
2736,17,89,Low,High,No,8,62,Medium,Yes,1,Low,High,Public,Positive,1,No,High School,Moderate,Male,66,16+ hours,4,80-89%,3,1+ sessions,Within 0-100
2737,18,93,Low,Low,Yes,8,93,Medium,Yes,3,Low,High,Public,Negative,3,No,Postgraduate,Moderate,Male,69,16+ hours,4,90-100%,4,1+ sessions,Within 0-100
2738,22,76,Medium,Medium,Yes,8,59,Medium,Yes,1,Low,Medium,Public,Positive,2,No,College,Near,Female,66,16+ hours,4,70-79%,2,1+ sessions,Within 0-100
2739,29,78,Low,Medium,Yes,7,96,High,Yes,5,Low,Medium,Public,Positive,4,No,College,Moderate,Male,72,16+ hours,4,70-79%,2,1+ sessions,Within 0-100
2740,25,94,Medium,Low,Yes,6,53,Low,Yes,1,Medium,Medium,Public,Negative,3,No,Unknown,Near,Female,69,16+ hours,4,90-100%,4,1+ sessions,Within 0-100
2741,22,91,Medium,Medium,Yes,8,64,Medium,Yes,1,Low,High,Public,Positive,3,Yes,High School,Moderate,Male,68,16+ hours,4,90-100%,4,1+ sessions,Within 0-100
2742,23,72,Medium,Medium,Yes,7,78,Medium,Yes,1,Low,Medium,Private,Neutral,3,No,High School,Near,Male,66,16+ hours,4,70-79%,2,1+ sessions,Within 0-100
2743,20,73,Medium,Low,Yes,8,93,High,Yes,1,Low,High,Public,Negative,4,No,High School,Far,Male,65,16+ hours,4,70-79%,2,1+ sessions,Within 0-100
2744,23,87,Medium,Medium,No,8,79,High,Yes,2,Low,High,Public,Neutral,2,No,Postgraduate,Near,Male,71,16+ hours,4,80-89%,3,1+ sessions,Within 0-100
2745,5,83,Medium,Medium,Yes,7,61,Medium,Yes,2,Low,Medium,Public,Negative,4,No,High School,Moderate,Male,61,1-5 hours,1,80-89%,3,1+ sessions,Within 0-100
2746,18,66,Low,Medium,Yes,6,93,Medium,Yes,1,Low,Medium,Public,Neutral,3,Yes,College,Near,Female,63,16+ hours,4,60-69%,1,1+ sessions,Within 0-100
2747,21,72,Medium,High,Yes,9,80,Low,Yes,1,Medium,Medium,Public,Neutral,3,No,High School,Near,Female,66,16+ hours,4,70-79%,2,1+ sessions,Within 0-100
2748,13,96,Medium,High,No,8,62,Medium,Yes,0,High,Medium,Private,Neutral,2,No,Postgraduate,Near,Male,69,11-15 hours,3,90-100%,4,No tutoring,Within 0-100
2749,22,88,High,High,Yes,10,78,Medium,Yes,0,Medium,High,Private,Positive,2,No,High School,Moderate,Male,71,16+ hours,4,80-89%,3,No tutoring,Within 0-100
2750,19,99,High,Medium,Yes,8,84,High,Yes,0,High,Medium,Public,Positive,4,No,High School,Near,Female,73,16+ hours,4,90-100%,4,No tutoring,Within 0-100
2751,31,91,High,Medium,Yes,8,84,Low,Yes,2,Low,Medium,Public,Negative,2,No,High School,Near,Male,72,16+ hours,4,90-100%,4,1+ sessions,Within 0-100
2752,29,98,Medium,High,No,5,86,Low,Yes,2,Medium,Medium,Private,Negative,4,No,High School,Far,Male,73,16+ hours,4,90-100%,4,1+ sessions,Within 0-100
2753,17,69,Low,High,Yes,7,95,Medium,Yes,1,Low,High,Private,Positive,2,No,High School,Moderate,Male,65,16+ hours,4,60-69%,1,1+ sessions,Within 0-100
2754,19,91,Low,High,Yes,7,91,Medium,Yes,1,High,High,Public,Neutral,3,No,High School,Near,Female,71,16+ hours,4,90-100%,4,1+ sessions,Within 0-100
2755,20,61,High,Medium,Yes,8,80,Medium,Yes,1,Low,High,Public,Positive,3,No,High School,Near,Male,65,16+ hours,4,60-69%,1,1+ sessions,Within 0-100
2756,17,87,Medium,Medium,No,8,52,Low,Yes,1,Medium,Medium,Public,Positive,5,No,College,Near,Male,67,16+ hours,4,80-89%,3,1+ sessions,Within 0-100
2757,21,79,Medium,High,Yes,8,87,Medium,Yes,1,Low,High,Public,Neutral,2,No,Postgraduate,Moderate,Male,69,16+ hours,4,70-79%,2,1+ sessions,Within 0-100
2758,15,74,Low,High,No,10,99,Low,No,0,Low,Medium,Private,Neutral,3,No,College,Moderate,Male,63,11-15 hours,3,70-79%,2,No tutoring,Within 0-100
2759,13,94,Low,High,Yes,6,65,High,Yes,2,Medium,Medium,Public,Neutral,2,No,Postgraduate,Moderate,Male,68,11-15 hours,3,90-100%,4,1+ sessions,Within 0-100
2760,24,94,High,Low,Yes,8,80,High,No,1,Low,Medium,Public,Neutral,4,No,High School,Near,Female,70,16+ hours,4,90-100%,4,1+ sessions,Within 0-100
2761,24,61,Medium,Medium,Yes,8,88,Low,Yes,1,Low,Medium,Private,Positive,4,No,High School,Moderate,Female,64,16+ hours,4,60-69%,1,1+ sessions,Within 0-100
2762,15,84,Medium,Medium,No,10,82,Medium,Yes,1,High,Low,Private,Negative,2,Yes,High School,Near,Male,64,11-15 hours,3,80-89%,3,1+ sessions,Within 0-100
2763,25,75,Low,High,Yes,8,96,High,Yes,1,Low,Medium,Private,Neutral,0,No,College,Near,Male,68,16+ hours,4,70-79%,2,1+ sessions,Within 0-100
2764,16,77,Medium,High,Yes,8,74,Medium,Yes,0,High,Low,Private,Neutral,2,No,College,Moderate,Female,65,16+ hours,4,70-79%,2,No tutoring,Within 0-100
2765,22,93,High,Medium,No,8,77,Medium,Yes,0,High,Medium,Public,Neutral,1,No,High School,Unknown,Female,70,16+ hours,4,90-100%,4,No tutoring,Within 0-100
2766,25,72,Medium,Medium,Yes,8,52,Low,Yes,0,Medium,Medium,Private,Positive,2,No,Postgraduate,Near,Male,66,16+ hours,4,70-79%,2,No tutoring,Within 0-100
2767,20,98,High,Low,Yes,9,95,Low,Yes,1,Low,Medium,Public,Positive,2,No,High School,Moderate,Female,70,16+ hours,4,90-100%,4,1+ sessions,Within 0-100
2768,23,67,Medium,Medium,Yes,6,63,High,Yes,3,Low,High,Private,Neutral,3,No,High School,Near,Male,66,16+ hours,4,60-69%,1,1+ sessions,Within 0-100
2769,17,87,Medium,Medium,No,6,99,Medium,Yes,2,Low,Medium,Private,Neutral,2,No,Postgraduate,Near,Male,69,16+ hours,4,80-89%,3,1+ sessions,Within 0-100
2770,19,87,High,High,No,10,60,High,Yes,2,Medium,Low,Private,Positive,3,No,High School,Moderate,Male,69,16+ hours,4,80-89%,3,1+ sessions,Within 0-100
2771,19,70,High,High,No,4,63,Medium,Yes,1,Low,Medium,Private,Neutral,3,No,College,Far,Female,64,16+ hours,4,70-79%,2,1+ sessions,Within 0-100
2772,16,73,Medium,Medium,Yes,7,74,Low,Yes,1,Low,High,Public,Positive,3,No,High School,Moderate,Male,64,16+ hours,4,70-79%,2,1+ sessions,Within 0-100
2773,19,93,Low,Medium,Yes,7,83,Medium,Yes,1,Medium,Medium,Public,Positive,3,No,High School,Near,Female,69,16+ hours,4,90-100%,4,1+ sessions,Within 0-100
2774,11,90,Medium,Medium,Yes,7,72,High,Yes,3,Medium,Medium,Public,Negative,3,No,High School,Near,Female,67,11-15 hours,3,90-100%,4,1+ sessions,Within 0-100
2775,17,73,Low,Medium,Yes,9,68,Low,Yes,2,Medium,Medium,Public,Positive,3,Yes,College,Near,Female,63,16+ hours,4,70-79%,2,1+ sessions,Within 0-100
2776,18,81,Low,High,Yes,8,77,Low,Yes,1,Medium,High,Public,Positive,3,No,College,Moderate,Male,67,16+ hours,4,80-89%,3,1+ sessions,Within 0-100
2777,18,62,Medium,High,No,6,98,Low,Yes,3,Medium,Medium,Private,Neutral,1,No,College,Near,Male,65,16+ hours,4,60-69%,1,1+ sessions,Within 0-100
2778,19,68,Medium,Medium,Yes,6,98,Low,Yes,2,Low,Medium,Public,Positive,1,No,High School,Moderate,Female,64,16+ hours,4,60-69%,1,1+ sessions,Within 0-100
2779,20,79,High,Medium,No,7,66,Low,Yes,3,High,Medium,Public,Negative,3,No,College,Near,Female,68,16+ hours,4,70-79%,2,1+ sessions,Within 0-100
2780,23,63,Low,Medium,Yes,9,84,High,Yes,0,High,Medium,Public,Neutral,3,No,High School,Near,Female,64,16+ hours,4,60-69%,1,No tutoring,Within 0-100
2781,25,94,High,Medium,No,7,86,Low,No,2,Low,Medium,Private,Negative,4,No,College,Moderate,Male,70,16+ hours,4,90-100%,4,1+ sessions,Within 0-100
2782,16,89,High,Medium,Yes,7,83,High,Yes,0,Low,High,Public,Positive,4,No,Postgraduate,Moderate,Male,70,16+ hours,4,80-89%,3,No tutoring,Within 0-100
2783,13,98,High,Low,Yes,6,56,Medium,Yes,1,High,Low,Public,Negative,3,No,College,Moderate,Female,67,11-15 hours,3,90-100%,4,1+ sessions,Within 0-100
2784,14,88,High,High,Yes,8,77,Medium,Yes,2,Medium,Medium,Public,Positive,3,No,College,Far,Male,69,11-15 hours,3,80-89%,3,1+ sessions,Within 0-100
2785,17,98,High,Medium,No,7,88,Medium,Yes,2,Low,High,Private,Negative,4,No,High School,Far,Male,70,16+ hours,4,90-100%,4,1+ sessions,Within 0-100
2786,18,82,High,High,No,6,60,Medium,Yes,5,Medium,High,Public,Negative,3,No,College,Unknown,Male,69,16+ hours,4,80-89%,3,1+ sessions,Within 0-100
2787,15,84,Medium,Low,Yes,9,67,Medium,Yes,1,Medium,High,Private,Negative,3,No,College,Moderate,Male,65,11-15 hours,3,80-89%,3,1+ sessions,Within 0-100
2788,12,99,Medium,High,Yes,10,60,Medium,Yes,0,Low,Low,Public,Negative,1,No,High School,Moderate,Male,66,11-15 hours,3,90-100%,4,No tutoring,Within 0-100
2789,17,86,High,High,Yes,7,94,Medium,Yes,2,Medium,Medium,Public,Neutral,3,No,High School,Moderate,Male,70,16+ hours,4,80-89%,3,1+ sessions,Within 0-100
2790,21,61,Medium,Low,Yes,7,93,Low,Yes,1,Low,High,Private,Negative,5,No,High School,Near,Male,63,16+ hours,4,60-69%,1,1+ sessions,Within 0-100
2791,24,89,Low,Medium,No,5,58,Medium,Yes,3,High,Unknown,Public,Positive,3,No,High School,Near,Female,69,16+ hours,4,80-89%,3,1+ sessions,Within 0-100
2792,17,96,High,High,Yes,8,88,Medium,Yes,4,Low,Low,Private,Positive,4,No,Postgraduate,Near,Male,74,16+ hours,4,90-100%,4,1+ sessions,Within 0-100
2793,18,92,Medium,Medium,Yes,8,68,Low,Yes,2,High,High,Private,Positive,3,No,High School,Near,Male,70,16+ hours,4,90-100%,4,1+ sessions,Within 0-100
2794,14,83,High,Medium,No,7,84,Medium,Yes,1,Low,Medium,Public,Neutral,3,No,High School,Near,Female,66,11-15 hours,3,80-89%,3,1+ sessions,Within 0-100
2795,20,87,Low,High,Yes,6,75,Medium,Yes,0,Low,Medium,Public,Positive,3,Yes,Postgraduate,Near,Male,68,16+ hours,4,80-89%,3,No tutoring,Within 0-100
2796,15,100,Medium,Low,No,10,74,Medium,Yes,2,Medium,Medium,Public,Negative,5,No,High School,Far,Male,67,11-15 hours,3,90-100%,4,1+ sessions,Within 0-100
2797,23,64,Medium,Medium,Yes,8,94,Low,Yes,2,Medium,Medium,Private,Positive,5,No,High School,Moderate,Female,66,16+ hours,4,60-69%,1,1+ sessions,Within 0-100
2798,9,87,High,Medium,No,6,82,Medium,Yes,0,Low,Medium,Public,Negative,3,No,College,Near,Female,65,6-10 hours,2,80-89%,3,No tutoring,Within 0-100
2799,18,71,Low,Medium,Yes,8,62,Medium,Yes,3,High,High,Public,Positive,2,No,College,Near,Male,66,16+ hours,4,70-79%,2,1+ sessions,Within 0-100
2800,22,86,High,Medium,Yes,7,56,Medium,Yes,1,High,Medium,Private,Positive,4,No,High School,Moderate,Male,69,16+ hours,4,80-89%,3,1+ sessions,Within 0-100
2801,21,84,Low,Medium,No,7,97,Medium,Yes,2,Low,Low,Public,Neutral,4,No,High School,Moderate,Female,67,16+ hours,4,80-89%,3,1+ sessions,Within 0-100
2802,36,66,Low,High,Yes,8,58,High,Yes,1,Medium,Medium,Public,Positive,3,No,College,Far,Male,69,16+ hours,4,60-69%,1,1+ sessions,Within 0-100
2803,22,68,Medium,Medium,No,4,87,High,Yes,2,Medium,Medium,Public,Neutral,3,No,Postgraduate,Far,Female,66,16+ hours,4,60-69%,1,1+ sessions,Within 0-100
2804,14,85,Medium,Medium,No,4,75,High,Yes,2,High,Medium,Public,Negative,1,Yes,High School,Far,Female,64,11-15 hours,3,80-89%,3,1+ sessions,Within 0-100
2805,19,65,Medium,Medium,No,9,57,Low,Yes,1,Medium,Medium,Public,Positive,2,Yes,High School,Near,Female,61,16+ hours,4,60-69%,1,1+ sessions,Within 0-100
2806,9,71,Low,High,Yes,7,89,Medium,Yes,0,Low,Medium,Public,Negative,2,No,High School,Near,Male,61,6-10 hours,2,70-79%,2,No tutoring,Within 0-100
2807,20,93,Medium,Medium,Yes,6,95,Low,Yes,1,Medium,High,Public,Negative,4,No,College,Moderate,Male,70,16+ hours,4,90-100%,4,1+ sessions,Within 0-100
2808,15,73,Medium,High,No,5,56,Medium,Yes,1,Medium,Medium,Public,Positive,2,No,Postgraduate,Near,Female,65,11-15 hours,3,70-79%,2,1+ sessions,Within 0-100
2809,25,80,High,Low,No,7,53,Medium,Yes,1,Medium,Medium,Private,Neutral,3,No,College,Moderate,Male,67,16+ hours,4,80-89%,3,1+ sessions,Within 0-100
2810,17,98,Low,Medium,No,7,92,Medium,Yes,0,High,Medium,Private,Positive,0,No,College,Near,Male,69,16+ hours,4,90-100%,4,No tutoring,Within 0-100
2811,19,69,Medium,Low,Yes,9,75,Medium,Yes,2,Medium,Low,Public,Negative,5,No,High School,Moderate,Female,63,16+ hours,4,60-69%,1,1+ sessions,Within 0-100
2812,16,76,Medium,Medium,No,8,84,High,Yes,1,High,High,Public,Neutral,4,No,High School,Near,Male,66,16+ hours,4,70-79%,2,1+ sessions,Within 0-100
2813,30,84,High,Medium,Yes,7,72,Medium,Yes,3,Medium,Medium,Public,Positive,2,No,High School,Near,Male,73,16+ hours,4,80-89%,3,1+ sessions,Within 0-100
2814,18,90,High,High,No,8,71,High,No,0,Low,Medium,Public,Neutral,3,No,High School,Near,Female,68,16+ hours,4,90-100%,4,No tutoring,Within 0-100
2815,31,96,High,High,Yes,9,65,High,Yes,0,Low,Medium,Private,Positive,2,No,High School,Far,Male,74,16+ hours,4,90-100%,4,No tutoring,Within 0-100
2816,25,97,Low,Medium,Yes,8,78,Medium,Yes,0,Medium,Medium,Public,Neutral,3,No,High School,Near,Male,70,16+ hours,4,90-100%,4,No tutoring,Within 0-100
2817,23,91,High,Low,Yes,8,58,Medium,Yes,0,Medium,Medium,Public,Positive,2,No,High School,Far,Male,68,16+ hours,4,90-100%,4,No tutoring,Within 0-100
2818,22,69,High,High,No,7,86,Low,Yes,1,High,Medium,Public,Positive,4,Yes,High School,Moderate,Female,67,16+ hours,4,60-69%,1,1+ sessions,Within 0-100
2819,22,61,High,Medium,No,6,77,Low,Yes,1,Medium,Medium,Public,Positive,4,No,Postgraduate,Moderate,Male,65,16+ hours,4,60-69%,1,1+ sessions,Within 0-100
2820,8,75,Medium,Medium,No,5,92,Medium,Yes,5,High,High,Public,Positive,4,No,High School,Moderate,Male,66,6-10 hours,2,70-79%,2,1+ sessions,Within 0-100
2821,18,66,High,Medium,Yes,5,96,Medium,Yes,0,Low,Medium,Public,Neutral,5,No,High School,Moderate,Female,64,16+ hours,4,60-69%,1,No tutoring,Within 0-100
2822,25,88,Medium,Medium,Yes,8,95,Low,Yes,1,High,High,Public,Neutral,4,No,High School,Near,Female,72,16+ hours,4,80-89%,3,1+ sessions,Within 0-100
2823,20,86,Medium,Medium,Yes,8,80,High,Yes,2,Medium,Medium,Public,Neutral,2,No,College,Near,Male,70,16+ hours,4,80-89%,3,1+ sessions,Within 0-100
2824,12,62,Medium,Medium,Yes,9,66,Medium,Yes,1,Low,Medium,Private,Neutral,2,No,College,Moderate,Female,60,11-15 hours,3,60-69%,1,1+ sessions,Within 0-100
2825,20,93,Medium,Medium,Yes,8,68,Medium,Yes,1,Low,Low,Public,Neutral,3,No,High School,Moderate,Male,68,16+ hours,4,90-100%,4,1+ sessions,Within 0-100
2826,30,70,Medium,High,Yes,9,83,Medium,Yes,1,High,Medium,Private,Neutral,2,No,Postgraduate,Near,Female,71,16+ hours,4,70-79%,2,1+ sessions,Within 0-100
2827,27,77,Medium,Medium,Yes,7,86,Low,Yes,1,High,Medium,Public,Neutral,3,No,High School,Moderate,Male,68,16+ hours,4,70-79%,2,1+ sessions,Within 0-100
2828,20,87,High,Medium,Yes,8,58,Low,Yes,2,Low,Medium,Public,Negative,2,Yes,Postgraduate,Near,Male,67,16+ hours,4,80-89%,3,1+ sessions,Within 0-100
2829,26,77,Medium,Medium,Yes,5,100,Low,Yes,1,Low,High,Private,Positive,5,No,High School,Near,Female,70,16+ hours,4,70-79%,2,1+ sessions,Within 0-100
2830,18,78,Medium,High,No,7,55,High,Yes,0,High,Medium,Public,Negative,3,No,High School,Near,Male,65,16+ hours,4,70-79%,2,No tutoring,Within 0-100
2831,10,63,Medium,Medium,No,4,80,Medium,Yes,0,Low,Medium,Public,Positive,3,No,College,Near,Male,60,6-10 hours,2,60-69%,1,No tutoring,Within 0-100
2832,14,76,High,Low,No,7,77,Low,No,2,High,Medium,Public,Positive,4,No,College,Near,Male,65,11-15 hours,3,70-79%,2,1+ sessions,Within 0-100
2833,29,91,Medium,Medium,No,9,80,Low,Yes,0,Low,High,Public,Negative,4,No,High School,Near,Female,70,16+ hours,4,90-100%,4,No tutoring,Within 0-100
2834,18,97,Low,Low,Yes,7,77,Medium,Yes,4,Low,Low,Private,Neutral,4,No,Postgraduate,Near,Male,69,16+ hours,4,90-100%,4,1+ sessions,Within 0-100
2835,19,77,High,Low,No,8,53,Medium,Yes,1,Low,Medium,Private,Positive,3,No,High School,Near,Male,64,16+ hours,4,70-79%,2,1+ sessions,Within 0-100
2836,18,77,Low,Medium,No,7,100,Medium,Yes,2,High,High,Private,Positive,3,Yes,High School,Near,Male,67,16+ hours,4,70-79%,2,1+ sessions,Within 0-100
2837,31,88,Low,Medium,Yes,6,99,Low,Yes,2,High,Low,Public,Negative,3,No,Postgraduate,Near,Male,73,16+ hours,4,80-89%,3,1+ sessions,Within 0-100
2838,30,98,Medium,High,No,7,76,High,Yes,1,Low,Medium,Public,Neutral,3,No,College,Near,Male,74,16+ hours,4,90-100%,4,1+ sessions,Within 0-100
2839,33,71,Medium,Low,Yes,9,60,Medium,Yes,0,Medium,Medium,Public,Positive,4,Yes,High School,Near,Male,67,16+ hours,4,70-79%,2,No tutoring,Within 0-100
2840,19,78,Low,High,Yes,8,59,Medium,Yes,2,High,Medium,Public,Positive,1,No,High School,Near,Male,66,16+ hours,4,70-79%,2,1+ sessions,Within 0-100
2841,22,92,Medium,Medium,No,6,53,Medium,Yes,4,High,Medium,Public,Neutral,4,Yes,High School,Near,Male,69,16+ hours,4,90-100%,4,1+ sessions,Within 0-100
2842,11,84,High,Medium,No,5,81,Low,Yes,1,Low,Medium,Private,Negative,3,No,High School,Moderate,Female,64,11-15 hours,3,80-89%,3,1+ sessions,Within 0-100
2843,29,64,Medium,High,Yes,7,74,Medium,Yes,0,High,Medium,Public,Positive,2,No,Postgraduate,Near,Female,69,16+ hours,4,60-69%,1,No tutoring,Within 0-100
2844,13,85,Low,High,Yes,6,71,Medium,Yes,1,Low,Medium,Public,Positive,3,No,High School,Near,Female,66,11-15 hours,3,80-89%,3,1+ sessions,Within 0-100
2845,21,67,High,Medium,Yes,7,76,Medium,Yes,1,Medium,High,Private,Neutral,2,Yes,High School,Near,Male,65,16+ hours,4,60-69%,1,1+ sessions,Within 0-100
2846,13,80,Medium,Medium,Yes,5,94,High,Yes,1,Medium,Medium,Private,Positive,3,No,High School,Near,Female,67,11-15 hours,3,80-89%,3,1+ sessions,Within 0-100
2847,16,81,Medium,High,No,9,54,Medium,Yes,3,Medium,High,Public,Negative,3,No,Postgraduate,Moderate,Male,67,16+ hours,4,80-89%,3,1+ sessions,Within 0-100
2848,15,95,Medium,Medium,No,7,77,High,Yes,0,Low,Medium,Private,Neutral,3,No,High School,Near,Female,68,11-15 hours,3,90-100%,4,No tutoring,Within 0-100
2849,16,78,Medium,Low,No,7,85,Medium,Yes,4,Medium,Medium,Public,Neutral,2,Yes,High School,Near,Male,65,16+ hours,4,70-79%,2,1+ sessions,Within 0-100
2850,17,71,Medium,Low,Yes,6,99,Low,Yes,4,Medium,Medium,Public,Positive,3,Yes,Postgraduate,Near,Male,66,16+ hours,4,70-79%,2,1+ sessions,Within 0-100
2851,17,69,High,Medium,Yes,7,87,Low,Yes,2,Low,Medium,Public,Neutral,3,No,College,Near,Male,65,16+ hours,4,60-69%,1,1+ sessions,Within 0-100
2852,25,95,Medium,Medium,Yes,7,77,High,No,0,Low,High,Public,Neutral,3,No,Postgraduate,Near,Male,71,16+ hours,4,90-100%,4,No tutoring,Within 0-100
2853,13,67,Medium,High,Yes,6,88,Medium,Yes,0,Low,Medium,Public,Neutral,3,No,College,Moderate,Female,63,11-15 hours,3,60-69%,1,No tutoring,Within 0-100
2854,21,77,High,Low,Yes,7,100,Low,Yes,2,High,High,Public,Positive,4,No,College,Near,Female,70,16+ hours,4,70-79%,2,1+ sessions,Within 0-100
2855,27,67,High,High,Yes,9,94,High,Yes,0,High,Low,Public,Positive,2,No,College,Near,Female,70,16+ hours,4,60-69%,1,No tutoring,Within 0-100
2856,17,91,Low,Medium,Yes,4,54,High,Yes,3,Low,Medium,Public,Neutral,4,No,College,Moderate,Female,67,16+ hours,4,90-100%,4,1+ sessions,Within 0-100
2857,16,79,High,Medium,Yes,7,79,High,Yes,2,High,High,Public,Positive,2,No,High School,Moderate,Male,68,16+ hours,4,70-79%,2,1+ sessions,Within 0-100
2858,19,74,Medium,Low,Yes,6,89,Medium,No,0,High,Medium,Public,Neutral,2,No,High School,Moderate,Male,63,16+ hours,4,70-79%,2,No tutoring,Within 0-100
2859,27,74,Medium,High,Yes,9,84,Low,Yes,3,High,Medium,Private,Negative,3,No,College,Near,Female,70,16+ hours,4,70-79%,2,1+ sessions,Within 0-100
2860,21,94,Medium,Medium,No,7,71,Low,No,1,Low,High,Private,Neutral,2,No,Postgraduate,Near,Male,69,16+ hours,4,90-100%,4,1+ sessions,Within 0-100
2861,17,82,Medium,Medium,Yes,5,66,Medium,Yes,1,Medium,Low,Public,Positive,3,No,High School,Near,Female,66,16+ hours,4,80-89%,3,1+ sessions,Within 0-100
2862,23,89,Low,High,No,7,81,Medium,Yes,2,Low,High,Public,Neutral,2,No,Postgraduate,Moderate,Male,70,16+ hours,4,80-89%,3,1+ sessions,Within 0-100
2863,13,96,Medium,High,No,8,71,Low,Yes,1,Medium,Low,Public,Positive,3,No,High School,Near,Male,68,11-15 hours,3,90-100%,4,1+ sessions,Within 0-100
2864,24,96,Medium,Medium,No,10,70,Medium,Yes,0,High,Medium,Public,Negative,4,No,High School,Near,Female,70,16+ hours,4,90-100%,4,No tutoring,Within 0-100
2865,22,73,Low,High,Yes,4,92,Medium,Yes,0,Low,Medium,Public,Positive,4,No,Postgraduate,Moderate,Male,67,16+ hours,4,70-79%,2,No tutoring,Within 0-100
2866,18,98,Medium,High,Yes,5,66,Medium,Yes,0,Medium,Medium,Private,Negative,0,No,Postgraduate,Unknown,Male,69,16+ hours,4,90-100%,4,No tutoring,Within 0-100
2867,15,61,High,Low,Yes,9,82,Medium,Yes,2,Medium,High,Public,Positive,2,No,Postgraduate,Near,Male,64,11-15 hours,3,60-69%,1,1+ sessions,Within 0-100
2868,15,75,High,Medium,No,5,94,Low,No,1,Low,Medium,Public,Negative,3,Yes,High School,Moderate,Female,62,11-15 hours,3,70-79%,2,1+ sessions,Within 0-100
2869,23,96,Medium,Medium,No,7,81,Medium,Yes,1,Low,Medium,Private,Positive,2,No,Postgraduate,Moderate,Male,71,16+ hours,4,90-100%,4,1+ sessions,Within 0-100
2870,27,71,High,Medium,Yes,6,75,Medium,Yes,2,Medium,High,Private,Neutral,4,No,High School,Unknown,Male,69,16+ hours,4,70-79%,2,1+ sessions,Within 0-100
2871,16,71,Medium,High,Yes,6,52,Low,Yes,0,High,High,Public,Neutral,1,No,High School,Far,Male,62,16+ hours,4,70-79%,2,No tutoring,Within 0-100
2872,23,72,Low,Medium,Yes,7,84,High,Yes,0,Medium,Medium,Public,Positive,4,No,High School,Near,Male,66,16+ hours,4,70-79%,2,No tutoring,Within 0-100
2873,7,84,Medium,High,Yes,7,100,Low,Yes,3,Low,Medium,Private,Negative,4,Yes,High School,Moderate,Male,64,6-10 hours,2,80-89%,3,1+ sessions,Within 0-100
2874,16,78,Low,High,No,9,90,Medium,Yes,3,Low,Medium,Public,Negative,3,No,Postgraduate,Moderate,Male,66,16+ hours,4,70-79%,2,1+ sessions,Within 0-100
2875,20,89,High,Medium,Yes,9,82,Medium,Yes,2,High,High,Public,Neutral,3,No,College,Near,Female,72,16+ hours,4,80-89%,3,1+ sessions,Within 0-100
2876,15,96,High,High,Yes,8,73,Medium,Yes,3,Medium,Medium,Private,Negative,3,No,College,Near,Female,71,11-15 hours,3,90-100%,4,1+ sessions,Within 0-100
2877,14,87,Medium,High,Yes,7,61,Medium,Yes,0,Low,Medium,Public,Neutral,3,No,High School,Far,Male,65,11-15 hours,3,80-89%,3,No tutoring,Within 0-100
2878,16,68,Medium,Medium,Yes,7,85,Medium,Yes,1,Medium,Medium,Public,Positive,2,No,College,Near,Female,65,16+ hours,4,60-69%,1,1+ sessions,Within 0-100
2879,22,97,Medium,High,Yes,8,59,Medium,Yes,1,Low,Medium,Public,Negative,3,No,High School,Near,Male,70,16+ hours,4,90-100%,4,1+ sessions,Within 0-100
2880,19,71,Medium,High,Yes,9,94,High,Yes,1,High,Medium,Private,Positive,4,No,High School,Near,Male,68,16+ hours,4,70-79%,2,1+ sessions,Within 0-100
2881,7,66,High,Low,Yes,8,68,High,Yes,0,Low,Medium,Public,Negative,2,Yes,College,Moderate,Male,57,6-10 hours,2,60-69%,1,No tutoring,Within 0-100
2882,7,64,Medium,High,No,9,70,High,Yes,4,Low,Low,Public,Neutral,4,Yes,High School,Far,Male,59,6-10 hours,2,60-69%,1,1+ sessions,Within 0-100
2883,16,83,Low,Low,Yes,6,61,Medium,Yes,0,Medium,High,Public,Neutral,4,No,College,Near,Male,64,16+ hours,4,80-89%,3,No tutoring,Within 0-100
2884,23,65,High,Medium,Yes,9,74,Medium,Yes,2,Medium,High,Private,Neutral,3,No,College,Moderate,Male,67,16+ hours,4,60-69%,1,1+ sessions,Within 0-100
2885,4,66,Low,High,No,8,84,Low,Yes,2,Low,High,Public,Neutral,3,No,Postgraduate,Near,Female,60,1-5 hours,1,60-69%,1,1+ sessions,Within 0-100
2886,17,72,High,High,Yes,6,65,Low,Yes,3,Low,High,Public,Positive,2,No,Postgraduate,Far,Male,67,16+ hours,4,70-79%,2,1+ sessions,Within 0-100
2887,17,71,Medium,High,Yes,7,85,Low,Yes,2,Low,Low,Private,Negative,2,No,College,Unknown,Female,65,16+ hours,4,70-79%,2,1+ sessions,Within 0-100
2888,28,84,Medium,Medium,Yes,7,81,Medium,Yes,1,Medium,High,Public,Negative,3,No,College,Near,Male,71,16+ hours,4,80-89%,3,1+ sessions,Within 0-100
2889,18,93,Low,Medium,Yes,7,69,Medium,Yes,0,Low,Medium,Public,Neutral,2,No,College,Near,Male,67,16+ hours,4,90-100%,4,No tutoring,Within 0-100
2890,22,90,Medium,Medium,Yes,7,66,Low,Yes,0,Low,Medium,Public,Positive,1,No,Postgraduate,Near,Male,69,16+ hours,4,90-100%,4,No tutoring,Within 0-100
2891,21,70,High,Medium,Yes,5,93,High,Yes,1,Low,Medium,Public,Neutral,3,No,College,Near,Male,68,16+ hours,4,70-79%,2,1+ sessions,Within 0-100
2892,7,70,Medium,Medium,Yes,6,51,Medium,Yes,0,High,Medium,Private,Neutral,1,No,High School,Moderate,Female,59,6-10 hours,2,70-79%,2,No tutoring,Within 0-100
2893,25,99,High,High,No,7,86,Low,No,3,Medium,Medium,Public,Positive,3,No,College,Near,Female,75,16+ hours,4,90-100%,4,1+ sessions,Within 0-100
2894,21,60,Medium,Medium,Yes,6,71,Low,Yes,0,Medium,Low,Public,Negative,4,Yes,High School,Far,Male,59,16+ hours,4,60-69%,1,No tutoring,Within 0-100
2895,23,95,High,Medium,No,6,86,Low,Yes,0,Medium,High,Public,Neutral,3,No,High School,Moderate,Female,71,16+ hours,4,90-100%,4,No tutoring,Within 0-100
2896,44,68,High,Low,No,9,75,Low,Yes,3,Medium,High,Private,Negative,2,No,High School,Moderate,Female,71,16+ hours,4,60-69%,1,1+ sessions,Within 0-100
2897,7,98,Medium,Medium,No,7,54,High,Yes,0,Medium,High,Private,Neutral,2,No,High School,Near,Female,66,6-10 hours,2,90-100%,4,No tutoring,Within 0-100
2898,30,74,Medium,Low,No,10,99,Medium,Yes,1,High,Medium,Private,Positive,2,No,High School,Moderate,Male,69,16+ hours,4,70-79%,2,1+ sessions,Within 0-100
2899,18,78,High,Medium,Yes,7,54,Low,No,4,Low,High,Public,Neutral,4,Yes,College,Moderate,Female,65,16+ hours,4,70-79%,2,1+ sessions,Within 0-100
2900,22,88,Medium,Medium,Yes,9,58,Low,Yes,3,Low,Medium,Private,Negative,2,No,College,Moderate,Male,68,16+ hours,4,80-89%,3,1+ sessions,Within 0-100
2901,20,84,High,Low,No,7,71,Medium,Yes,5,Low,High,Private,Positive,2,No,High School,Far,Female,68,16+ hours,4,80-89%,3,1+ sessions,Within 0-100
2902,17,73,Medium,Medium,Yes,6,97,High,Yes,1,Medium,High,Public,Positive,3,No,High School,Near,Male,67,16+ hours,4,70-79%,2,1+ sessions,Within 0-100
2903,17,82,High,Medium,Yes,7,65,Medium,Yes,1,Medium,Medium,Public,Positive,5,No,High School,Near,Male,68,16+ hours,4,80-89%,3,1+ sessions,Within 0-100
2904,22,89,Low,Medium,Yes,9,78,Medium,Yes,0,Medium,Medium,Public,Positive,3,No,Unknown,Moderate,Male,68,16+ hours,4,80-89%,3,No tutoring,Within 0-100
2905,11,62,High,Medium,Yes,7,76,High,Yes,3,High,Medium,Private,Neutral,3,Yes,High School,Moderate,Male,88,11-15 hours,3,60-69%,1,1+ sessions,Within 0-100
2906,25,60,Medium,High,Yes,8,67,Medium,Yes,1,Medium,High,Public,Neutral,2,No,College,Near,Female,66,16+ hours,4,60-69%,1,1+ sessions,Within 0-100
2907,18,78,High,Low,Yes,7,85,High,Yes,3,Low,Low,Public,Negative,2,No,College,Near,Male,67,16+ hours,4,70-79%,2,1+ sessions,Within 0-100
2908,13,65,Medium,High,No,7,75,Low,Yes,2,Medium,High,Private,Neutral,4,No,High School,Moderate,Male,63,11-15 hours,3,60-69%,1,1+ sessions,Within 0-100
2909,17,87,Medium,High,Yes,7,79,Medium,Yes,3,Low,Medium,Public,Neutral,4,Yes,High School,Near,Female,68,16+ hours,4,80-89%,3,1+ sessions,Within 0-100
2910,28,69,High,Low,No,6,61,Low,Yes,2,Medium,High,Public,Positive,1,Yes,High School,Near,Male,65,16+ hours,4,60-69%,1,1+ sessions,Within 0-100
2911,17,77,High,Medium,Yes,7,96,Medium,Yes,1,Low,Low,Private,Positive,3,No,College,Near,Male,67,16+ hours,4,70-79%,2,1+ sessions,Within 0-100
2912,22,68,High,High,Yes,8,56,Medium,No,3,Medium,Medium,Private,Positive,1,No,Postgraduate,Near,Male,67,16+ hours,4,60-69%,1,1+ sessions,Within 0-100
2913,16,82,Medium,Medium,Yes,7,85,Medium,Yes,1,High,Medium,Public,Neutral,4,No,High School,Near,Male,67,16+ hours,4,80-89%,3,1+ sessions,Within 0-100
2914,25,65,Medium,Low,No,7,94,Low,Yes,1,Low,High,Public,Positive,3,No,High School,Far,Male,64,16+ hours,4,60-69%,1,1+ sessions,Within 0-100
2915,24,61,Medium,Medium,No,8,54,Medium,Yes,1,Low,Medium,Public,Neutral,2,Yes,Unknown,Moderate,Male,61,16+ hours,4,60-69%,1,1+ sessions,Within 0-100
2916,31,62,Medium,Medium,Yes,7,51,Medium,Yes,2,Medium,Medium,Public,Neutral,1,No,College,Far,Female,65,16+ hours,4,60-69%,1,1+ sessions,Within 0-100
2917,19,98,Low,High,Yes,7,67,High,Yes,1,Medium,Medium,Private,Negative,4,No,High School,Moderate,Female,70,16+ hours,4,90-100%,4,1+ sessions,Within 0-100
2918,24,66,Medium,High,No,8,89,Medium,Yes,0,Medium,High,Public,Positive,2,No,College,Near,Male,67,16+ hours,4,60-69%,1,No tutoring,Within 0-100
2919,21,88,High,Low,No,7,86,Medium,Yes,1,Low,Medium,Private,Positive,2,No,High School,Moderate,Male,68,16+ hours,4,80-89%,3,1+ sessions,Within 0-100
2920,28,63,Medium,Medium,Yes,7,91,Medium,Yes,1,Low,Medium,Private,Positive,1,No,High School,Far,Male,65,16+ hours,4,60-69%,1,1+ sessions,Within 0-100
2921,16,64,High,Medium,Yes,8,70,Low,Yes,3,High,High,Private,Negative,3,No,High School,Far,Female,63,16+ hours,4,60-69%,1,1+ sessions,Within 0-100
2922,24,80,Medium,High,No,7,100,Medium,Yes,1,High,High,Public,Neutral,3,No,Postgraduate,Moderate,Male,72,16+ hours,4,80-89%,3,1+ sessions,Within 0-100
2923,19,79,High,Medium,Yes,7,68,Medium,Yes,2,High,High,Public,Negative,1,No,College,Near,Female,68,16+ hours,4,70-79%,2,1+ sessions,Within 0-100
2924,20,98,Medium,High,Yes,7,90,Medium,Yes,2,Medium,Medium,Public,Positive,4,No,Unknown,Near,Male,73,16+ hours,4,90-100%,4,1+ sessions,Within 0-100
2925,21,98,High,Medium,Yes,7,68,High,Yes,0,Medium,Medium,Public,Positive,3,Yes,College,Near,Female,71,16+ hours,4,90-100%,4,No tutoring,Within 0-100
2926,22,91,Medium,High,No,5,61,Medium,Yes,3,Low,High,Public,Neutral,2,No,Postgraduate,Far,Male,70,16+ hours,4,90-100%,4,1+ sessions,Within 0-100
2927,19,84,High,Medium,Yes,7,67,Low,Yes,0,Medium,Low,Public,Positive,3,No,Postgraduate,Near,Female,68,16+ hours,4,80-89%,3,No tutoring,Within 0-100
2928,21,78,Medium,High,No,10,60,Medium,Yes,3,High,Medium,Public,Negative,5,No,High School,Moderate,Male,68,16+ hours,4,70-79%,2,1+ sessions,Within 0-100
2929,29,74,Medium,Medium,No,6,56,Low,Yes,2,Low,High,Public,Neutral,3,No,Postgraduate,Near,Female,68,16+ hours,4,70-79%,2,1+ sessions,Within 0-100
2930,26,98,Low,High,Yes,6,68,Medium,Yes,1,Low,Medium,Private,Neutral,1,No,Postgraduate,Moderate,Male,71,16+ hours,4,90-100%,4,1+ sessions,Within 0-100
2931,25,84,Medium,Medium,Yes,10,57,Low,Yes,4,Medium,Medium,Public,Positive,2,No,College,Near,Male,70,16+ hours,4,80-89%,3,1+ sessions,Within 0-100
2932,17,83,High,Medium,No,6,75,Medium,Yes,2,Medium,Medium,Public,Positive,3,Yes,High School,Near,Male,67,16+ hours,4,80-89%,3,1+ sessions,Within 0-100
2933,15,69,Low,Medium,Yes,9,52,Medium,Yes,0,High,Medium,Public,Neutral,3,No,College,Near,Female,61,11-15 hours,3,60-69%,1,No tutoring,Within 0-100
2934,26,62,High,Low,Yes,7,72,Low,Yes,1,Medium,Medium,Public,Neutral,3,No,College,Moderate,Female,64,16+ hours,4,60-69%,1,1+ sessions,Within 0-100
2935,25,98,Low,Medium,No,7,98,Medium,Yes,1,Medium,Medium,Public,Negative,4,No,Postgraduate,Near,Male,72,16+ hours,4,90-100%,4,1+ sessions,Within 0-100
2936,29,73,High,Medium,No,7,68,Low,Yes,1,Low,High,Private,Positive,4,Yes,High School,Moderate,Male,67,16+ hours,4,70-79%,2,1+ sessions,Within 0-100
2937,16,78,High,Low,Yes,8,57,High,Yes,1,Medium,Medium,Public,Negative,3,No,College,Near,Male,65,16+ hours,4,70-79%,2,1+ sessions,Within 0-100
2938,19,65,Medium,Low,Yes,5,65,High,Yes,1,High,Medium,Public,Positive,6,No,College,Moderate,Female,64,16+ hours,4,60-69%,1,1+ sessions,Within 0-100
2939,10,93,Low,Medium,Yes,7,90,Medium,Yes,0,Low,Medium,Private,Positive,2,No,High School,Near,Female,66,6-10 hours,2,90-100%,4,No tutoring,Within 0-100
2940,18,61,Medium,Medium,No,6,66,Medium,Yes,1,Medium,High,Public,Positive,2,No,High School,Moderate,Female,62,16+ hours,4,60-69%,1,1+ sessions,Within 0-100
2941,26,93,Low,Medium,No,4,69,Medium,Yes,2,Low,Medium,Public,Neutral,3,No,High School,Near,Male,70,16+ hours,4,90-100%,4,1+ sessions,Within 0-100
2942,17,66,Medium,Medium,Yes,9,89,Medium,No,1,Medium,High,Public,Positive,4,No,High School,Moderate,Female,64,16+ hours,4,60-69%,1,1+ sessions,Within 0-100
2943,24,95,Medium,Low,No,4,63,Low,Yes,3,Low,Medium,Public,Positive,3,No,High School,Near,Female,70,16+ hours,4,90-100%,4,1+ sessions,Within 0-100
2944,19,89,Medium,Low,No,10,74,Medium,Yes,1,Low,Medium,Public,Positive,2,No,High School,Moderate,Female,66,16+ hours,4,80-89%,3,1+ sessions,Within 0-100
2945,22,67,Low,High,Yes,8,53,Medium,Yes,0,Medium,High,Public,Negative,3,No,High School,Far,Male,62,16+ hours,4,60-69%,1,No tutoring,Within 0-100
2946,13,83,Low,Low,No,5,59,High,Yes,4,Low,Medium,Private,Neutral,2,No,High School,Near,Female,63,11-15 hours,3,80-89%,3,1+ sessions,Within 0-100
2947,21,73,Low,Medium,Yes,9,60,High,Yes,2,Medium,Medium,Public,Positive,3,No,College,Near,Male,66,16+ hours,4,70-79%,2,1+ sessions,Within 0-100
2948,2,67,Medium,Medium,No,6,73,Low,Yes,1,Low,Medium,Private,Positive,2,No,College,Moderate,Male,58,1-5 hours,1,60-69%,1,1+ sessions,Within 0-100
2949,19,94,Medium,High,Yes,6,91,Medium,Yes,1,Low,Medium,Public,Negative,3,No,High School,Moderate,Male,70,16+ hours,4,90-100%,4,1+ sessions,Within 0-100
2950,10,76,Medium,Low,No,4,68,Medium,Yes,1,High,Low,Private,Neutral,6,No,College,Near,Male,63,6-10 hours,2,70-79%,2,1+ sessions,Within 0-100
2951,27,76,Medium,High,Yes,6,69,High,Yes,0,Medium,High,Public,Neutral,1,No,Unknown,Near,Male,70,16+ hours,4,70-79%,2,No tutoring,Within 0-100
2952,25,67,High,Medium,Yes,6,65,Medium,Yes,1,Low,Medium,Public,Negative,3,No,High School,Near,Male,65,16+ hours,4,60-69%,1,1+ sessions,Within 0-100
2953,23,75,Medium,Low,Yes,8,66,Medium,Yes,5,Medium,Low,Public,Neutral,3,No,High School,Near,Male,67,16+ hours,4,70-79%,2,1+ sessions,Within 0-100
2954,29,95,High,Medium,No,9,70,Medium,No,1,Low,Medium,Private,Positive,2,No,Postgraduate,Near,Female,73,16+ hours,4,90-100%,4,1+ sessions,Within 0-100
2955,14,75,Medium,Medium,Yes,5,95,Medium,Yes,0,Medium,Medium,Public,Positive,3,No,College,Moderate,Male,82,11-15 hours,3,70-79%,2,No tutoring,Within 0-100
2956,30,98,Low,Medium,No,7,51,High,Yes,0,Low,Medium,Public,Positive,2,No,High School,Near,Male,71,16+ hours,4,90-100%,4,No tutoring,Within 0-100
2957,26,98,Medium,Medium,Yes,4,81,Low,Yes,1,Low,Medium,Public,Positive,4,No,Postgraduate,Near,Male,73,16+ hours,4,90-100%,4,1+ sessions,Within 0-100
2958,19,66,Medium,High,No,7,94,Low,Yes,1,High,Medium,Public,Positive,4,No,High School,Moderate,Female,65,16+ hours,4,60-69%,1,1+ sessions,Within 0-100
2959,27,67,High,Medium,Yes,10,71,Medium,Yes,1,Low,High,Public,Neutral,3,No,High School,Near,Female,67,16+ hours,4,60-69%,1,1+ sessions,Within 0-100
2960,13,95,Medium,Medium,Yes,4,83,Low,No,1,Low,High,Public,Neutral,4,No,College,Moderate,Male,67,11-15 hours,3,90-100%,4,1+ sessions,Within 0-100
2961,15,76,High,High,Yes,5,79,Medium,Yes,4,Medium,Medium,Public,Neutral,4,No,Postgraduate,Moderate,Female,69,11-15 hours,3,70-79%,2,1+ sessions,Within 0-100
2962,16,60,Medium,High,Yes,8,67,Low,Yes,0,Low,Medium,Public,Neutral,3,No,High School,Near,Male,61,16+ hours,4,60-69%,1,No tutoring,Within 0-100
2963,17,71,Medium,Low,No,8,57,Medium,Yes,3,Medium,High,Private,Positive,4,No,High School,Near,Female,64,16+ hours,4,70-79%,2,1+ sessions,Within 0-100
2964,14,84,Low,High,No,6,61,Low,Yes,1,High,Medium,Public,Positive,2,No,College,Far,Male,64,11-15 hours,3,80-89%,3,1+ sessions,Within 0-100
2965,27,92,Low,Medium,Yes,9,53,Low,Yes,2,Low,Medium,Public,Negative,2,No,College,Far,Male,68,16+ hours,4,90-100%,4,1+ sessions,Within 0-100
2966,18,65,Medium,Low,No,6,88,Medium,Yes,1,Medium,Medium,Private,Positive,1,Yes,College,Near,Male,62,16+ hours,4,60-69%,1,1+ sessions,Within 0-100
2967,22,64,Medium,Medium,Yes,10,77,High,Yes,5,Medium,Medium,Public,Neutral,3,Yes,High School,Near,Male,66,16+ hours,4,60-69%,1,1+ sessions,Within 0-100
2968,17,97,High,Low,Yes,8,89,Medium,Yes,1,Low,Medium,Public,Neutral,4,No,College,Near,Male,70,16+ hours,4,90-100%,4,1+ sessions,Within 0-100
2969,9,90,High,Medium,Yes,9,65,Low,Yes,3,Medium,Medium,Public,Positive,3,No,High School,Near,Female,67,6-10 hours,2,90-100%,4,1+ sessions,Within 0-100
2970,22,84,Medium,Medium,Yes,8,90,Medium,Yes,2,Medium,Medium,Public,Positive,2,No,College,Near,Female,70,16+ hours,4,80-89%,3,1+ sessions,Within 0-100
2971,9,91,Medium,Medium,No,8,65,High,Yes,0,Medium,Medium,Public,Positive,4,No,High School,Moderate,Male,65,6-10 hours,2,90-100%,4,No tutoring,Within 0-100
2972,20,77,Low,Medium,No,8,56,Medium,Yes,1,Medium,High,Public,Positive,4,No,College,Moderate,Male,65,16+ hours,4,70-79%,2,1+ sessions,Within 0-100
2973,12,90,Medium,High,Yes,9,77,Medium,Yes,3,Medium,Medium,Public,Positive,3,No,Postgraduate,Near,Male,70,11-15 hours,3,90-100%,4,1+ sessions,Within 0-100
2974,32,75,High,Medium,Yes,7,97,High,Yes,1,Medium,Medium,Private,Neutral,3,No,College,Moderate,Male,72,16+ hours,4,70-79%,2,1+ sessions,Within 0-100
2975,25,70,Medium,Medium,No,6,71,Low,Yes,0,Low,Medium,Public,Neutral,2,No,College,Near,Female,65,16+ hours,4,70-79%,2,No tutoring,Within 0-100
2976,21,89,High,High,Yes,7,76,Medium,Yes,1,Medium,Medium,Public,Positive,2,No,High School,Near,Male,71,16+ hours,4,80-89%,3,1+ sessions,Within 0-100
2977,28,77,High,High,Yes,6,73,Low,Yes,3,Medium,High,Private,Negative,3,No,College,Near,Female,71,16+ hours,4,70-79%,2,1+ sessions,Within 0-100
2978,15,99,Medium,High,Yes,6,73,High,Yes,1,High,High,Public,Negative,5,No,Postgraduate,Near,Male,72,11-15 hours,3,90-100%,4,1+ sessions,Within 0-100
2979,23,74,Low,Low,No,9,61,Low,Yes,0,Medium,Low,Public,Positive,4,No,Postgraduate,Near,Male,64,16+ hours,4,70-79%,2,No tutoring,Within 0-100
2980,21,97,Medium,Medium,No,8,71,High,Yes,2,High,High,Public,Neutral,1,No,College,Moderate,Male,72,16+ hours,4,90-100%,4,1+ sessions,Within 0-100
2981,22,97,Low,Medium,No,8,75,Medium,Yes,1,Medium,Medium,Private,Positive,4,No,Postgraduate,Near,Male,71,16+ hours,4,90-100%,4,1+ sessions,Within 0-100
2982,28,70,Medium,Medium,Yes,9,87,Low,Yes,0,Low,Medium,Public,Neutral,3,No,High School,Moderate,Male,66,16+ hours,4,70-79%,2,No tutoring,Within 0-100
2983,24,92,High,Low,No,8,57,Medium,Yes,3,Medium,Medium,Private,Positive,3,No,College,Near,Female,71,16+ hours,4,90-100%,4,1+ sessions,Within 0-100
2984,22,77,Medium,Medium,Yes,10,79,High,Yes,2,Medium,Low,Public,Neutral,2,No,High School,Near,Male,67,16+ hours,4,70-79%,2,1+ sessions,Within 0-100
2985,10,97,High,High,No,4,83,Low,Yes,1,Low,High,Public,Neutral,2,No,Postgraduate,Near,Male,69,6-10 hours,2,90-100%,4,1+ sessions,Within 0-100
2986,14,78,High,Medium,Yes,6,69,High,Yes,0,Medium,Medium,Public,Positive,5,No,College,Moderate,Female,67,11-15 hours,3,70-79%,2,No tutoring,Within 0-100
2987,19,90,High,Medium,Yes,6,77,Medium,Yes,0,High,Medium,Public,Neutral,4,No,Postgraduate,Near,Male,71,16+ hours,4,90-100%,4,No tutoring,Within 0-100
2988,21,79,Medium,Low,No,5,86,Low,Yes,1,High,Unknown,Private,Positive,2,No,High School,Moderate,Female,66,16+ hours,4,70-79%,2,1+ sessions,Within 0-100
2989,13,69,High,High,No,7,73,Low,Yes,1,Medium,Low,Private,Positive,2,No,High School,Far,Male,62,11-15 hours,3,60-69%,1,1+ sessions,Within 0-100
2990,34,68,Medium,Medium,No,7,67,High,Yes,0,Medium,Medium,Private,Neutral,2,No,High School,Moderate,Male,67,16+ hours,4,60-69%,1,No tutoring,Within 0-100
2991,29,77,Medium,Low,Yes,10,91,High,Yes,2,Low,Medium,Public,Negative,4,No,Postgraduate,Near,Female,70,16+ hours,4,70-79%,2,1+ sessions,Within 0-100
2992,24,90,High,High,No,8,99,High,Yes,0,Low,Medium,Public,Neutral,3,No,College,Moderate,Female,72,16+ hours,4,90-100%,4,No tutoring,Within 0-100
2993,20,84,High,High,No,6,61,Medium,Yes,3,Medium,Medium,Private,Neutral,2,No,High School,Near,Male,69,16+ hours,4,80-89%,3,1+ sessions,Within 0-100
2994,19,88,Medium,High,No,8,94,High,Yes,1,Medium,Medium,Public,Neutral,3,No,High School,Moderate,Male,70,16+ hours,4,80-89%,3,1+ sessions,Within 0-100
2995,14,71,High,High,No,4,77,Medium,Yes,0,Medium,Medium,Public,Negative,3,No,High School,Near,Female,64,11-15 hours,3,70-79%,2,No tutoring,Within 0-100
2996,20,79,Medium,Medium,Yes,7,72,Low,No,1,Medium,Medium,Public,Negative,3,No,High School,Near,Male,65,16+ hours,4,70-79%,2,1+ sessions,Within 0-100
2997,22,62,Medium,High,Yes,7,95,Medium,Yes,2,Medium,Medium,Public,Negative,2,No,High School,Near,Male,66,16+ hours,4,60-69%,1,1+ sessions,Within 0-100
2998,13,93,Low,Medium,No,6,96,High,Yes,2,High,Medium,Private,Negative,3,No,High School,Near,Female,68,11-15 hours,3,90-100%,4,1+ sessions,Within 0-100
2999,22,100,Medium,Medium,Yes,7,64,Medium,Yes,2,Low,Medium,Private,Positive,3,No,College,Near,Female,72,16+ hours,4,90-100%,4,1+ sessions,Within 0-100
3000,19,76,Medium,Low,Yes,6,68,Medium,Yes,2,High,Medium,Public,Positive,3,No,High School,Moderate,Female,65,16+ hours,4,70-79%,2,1+ sessions,Within 0-100
3001,9,60,Medium,Low,Yes,6,93,Medium,Yes,3,Low,High,Private,Neutral,2,No,High School,Moderate,Female,60,6-10 hours,2,60-69%,1,1+ sessions,Within 0-100
3002,15,67,Medium,Medium,No,8,75,Medium,Yes,0,High,High,Public,Negative,4,No,Postgraduate,Near,Female,63,11-15 hours,3,60-69%,1,No tutoring,Within 0-100
3003,18,86,Low,Low,Yes,9,64,Low,Yes,3,Low,High,Public,Positive,3,No,High School,Near,Female,66,16+ hours,4,80-89%,3,1+ sessions,Within 0-100
3004,31,84,Low,Medium,Yes,8,98,Low,Yes,1,Medium,Medium,Public,Positive,4,No,Postgraduate,Near,Female,73,16+ hours,4,80-89%,3,1+ sessions,Within 0-100
3005,23,92,Medium,Medium,Yes,6,61,Low,Yes,4,Low,Medium,Public,Positive,4,No,College,Near,Male,71,16+ hours,4,90-100%,4,1+ sessions,Within 0-100
3006,12,70,Medium,Medium,Yes,6,81,Low,Yes,1,Low,Medium,Public,Negative,2,Yes,High School,Far,Male,59,11-15 hours,3,70-79%,2,1+ sessions,Within 0-100
3007,23,91,Medium,Low,Yes,6,71,Medium,Yes,5,Low,High,Public,Neutral,3,No,High School,Moderate,Female,70,16+ hours,4,90-100%,4,1+ sessions,Within 0-100
3008,11,88,Medium,Low,Yes,7,73,Low,Yes,1,Medium,Low,Private,Neutral,3,Yes,College,Near,Female,63,11-15 hours,3,80-89%,3,1+ sessions,Within 0-100
3009,26,73,Medium,Medium,No,6,55,Medium,Yes,1,Medium,Low,Public,Positive,4,No,Postgraduate,Near,Male,67,16+ hours,4,70-79%,2,1+ sessions,Within 0-100
3010,17,82,Low,Medium,Yes,9,63,Medium,Yes,2,Low,Medium,Private,Neutral,2,No,College,Moderate,Male,65,16+ hours,4,80-89%,3,1+ sessions,Within 0-100
3011,19,66,Medium,Low,No,7,58,Medium,Yes,5,Medium,Low,Public,Positive,4,No,College,Moderate,Female,64,16+ hours,4,60-69%,1,1+ sessions,Within 0-100
3012,28,78,High,Medium,No,8,87,Low,Yes,2,Low,Medium,Public,Positive,2,No,Postgraduate,Near,Male,71,16+ hours,4,70-79%,2,1+ sessions,Within 0-100
3013,12,95,Medium,High,Yes,5,85,Medium,Yes,2,High,Medium,Public,Negative,2,No,College,Near,Male,70,11-15 hours,3,90-100%,4,1+ sessions,Within 0-100
3014,12,77,Medium,Low,Yes,6,90,Medium,Yes,2,Medium,Low,Public,Neutral,2,No,High School,Near,Female,63,11-15 hours,3,70-79%,2,1+ sessions,Within 0-100
3015,16,94,Low,Medium,No,8,85,Medium,Yes,3,Low,High,Public,Neutral,2,No,High School,Near,Female,68,16+ hours,4,90-100%,4,1+ sessions,Within 0-100
3016,26,84,Medium,Medium,Yes,8,56,Medium,No,1,Medium,Medium,Public,Negative,2,No,College,Near,Female,67,16+ hours,4,80-89%,3,1+ sessions,Within 0-100
3017,11,68,Medium,High,Yes,5,99,Medium,Yes,1,High,Medium,Public,Neutral,4,No,Postgraduate,Near,Female,66,11-15 hours,3,60-69%,1,1+ sessions,Within 0-100
3018,3,83,High,Low,Yes,7,59,Low,Yes,2,Medium,High,Public,Positive,5,No,High School,Moderate,Male,63,1-5 hours,1,80-89%,3,1+ sessions,Within 0-100
3019,17,80,Medium,Medium,Yes,7,68,Medium,Yes,0,Medium,Medium,Private,Negative,5,Yes,College,Near,Female,65,16+ hours,4,80-89%,3,No tutoring,Within 0-100
3020,23,76,Medium,High,Yes,6,85,Low,Yes,2,Low,Medium,Public,Positive,3,Yes,High School,Far,Male,66,16+ hours,4,70-79%,2,1+ sessions,Within 0-100
3021,27,65,Medium,Medium,Yes,8,57,Medium,Yes,2,Low,Low,Public,Negative,4,No,Postgraduate,Near,Female,65,16+ hours,4,60-69%,1,1+ sessions,Within 0-100
3022,17,77,Low,Medium,Yes,5,59,Medium,Yes,2,Medium,High,Private,Neutral,4,No,High School,Near,Male,65,16+ hours,4,70-79%,2,1+ sessions,Within 0-100
3023,18,63,High,Low,No,6,94,Medium,Yes,2,Medium,High,Public,Neutral,2,Yes,High School,Near,Male,63,16+ hours,4,60-69%,1,1+ sessions,Within 0-100
3024,27,64,Medium,High,No,8,67,Medium,Yes,0,Low,Medium,Public,Positive,3,No,High School,Near,Male,65,16+ hours,4,60-69%,1,No tutoring,Within 0-100
3025,9,77,Low,High,Yes,7,83,Medium,Yes,1,Low,High,Private,Neutral,4,Yes,High School,Far,Male,62,6-10 hours,2,70-79%,2,1+ sessions,Within 0-100
3026,18,72,Medium,Medium,Yes,7,93,Medium,Yes,1,Medium,Medium,Public,Positive,3,No,College,Near,Female,66,16+ hours,4,70-79%,2,1+ sessions,Within 0-100
3027,21,97,Medium,Low,No,7,99,Medium,Yes,1,High,Medium,Public,Negative,3,No,Postgraduate,Near,Female,71,16+ hours,4,90-100%,4,1+ sessions,Within 0-100
3028,23,75,Low,Low,Yes,8,61,High,Yes,2,Low,Medium,Public,Positive,2,No,High School,Far,Female,64,16+ hours,4,70-79%,2,1+ sessions,Within 0-100
3029,17,90,Medium,Medium,Yes,8,56,Low,Yes,0,Medium,Medium,Private,Neutral,4,No,College,Near,Female,67,16+ hours,4,90-100%,4,No tutoring,Within 0-100
3030,20,81,Medium,Medium,No,8,87,Medium,Yes,1,High,Medium,Private,Neutral,3,No,High School,Near,Male,68,16+ hours,4,80-89%,3,1+ sessions,Within 0-100
3031,5,88,Medium,Medium,No,7,59,Medium,Yes,3,Low,Medium,Public,Negative,3,No,College,Near,Female,63,1-5 hours,1,80-89%,3,1+ sessions,Within 0-100
3032,16,70,Low,Medium,Yes,6,79,High,Yes,0,High,High,Public,Negative,3,No,College,Near,Female,64,16+ hours,4,70-79%,2,No tutoring,Within 0-100
3033,23,98,High,High,Yes,6,77,Medium,Yes,1,Low,High,Public,Neutral,1,No,Postgraduate,Near,Female,74,16+ hours,4,90-100%,4,1+ sessions,Within 0-100
3034,14,81,Low,Medium,Yes,5,78,Medium,Yes,2,High,High,Public,Positive,4,No,Postgraduate,Near,Male,68,11-15 hours,3,80-89%,3,1+ sessions,Within 0-100
3035,20,93,Medium,Medium,Yes,6,82,Low,No,1,Medium,High,Public,Positive,3,Yes,High School,Moderate,Female,68,16+ hours,4,90-100%,4,1+ sessions,Within 0-100
3036,23,75,High,High,Yes,6,93,Medium,No,2,Medium,Low,Public,Neutral,3,No,Postgraduate,Moderate,Female,69,16+ hours,4,70-79%,2,1+ sessions,Within 0-100
3037,18,64,Low,Medium,Yes,9,64,Medium,Yes,4,Low,Medium,Public,Negative,4,Yes,High School,Near,Male,61,16+ hours,4,60-69%,1,1+ sessions,Within 0-100
3038,21,87,Low,High,Yes,5,78,High,Yes,1,Low,Medium,Private,Positive,2,No,High School,Near,Female,69,16+ hours,4,80-89%,3,1+ sessions,Within 0-100
3039,14,60,Low,Low,Yes,9,67,Low,Yes,3,High,High,Public,Positive,3,No,High School,Near,Female,61,11-15 hours,3,60-69%,1,1+ sessions,Within 0-100
3040,19,79,Medium,High,Yes,7,66,Low,Yes,3,High,Medium,Public,Positive,3,Yes,High School,Near,Male,67,16+ hours,4,70-79%,2,1+ sessions,Within 0-100
3041,24,68,Low,High,No,7,51,Medium,Yes,0,Low,Low,Private,Neutral,4,No,High School,Near,Female,63,16+ hours,4,60-69%,1,No tutoring,Within 0-100
3042,21,85,Medium,Medium,No,8,80,Medium,Yes,3,Low,High,Public,Positive,3,Yes,College,Moderate,Female,68,16+ hours,4,80-89%,3,1+ sessions,Within 0-100
3043,16,99,Medium,Medium,No,5,99,Low,No,0,Low,Medium,Private,Neutral,5,No,College,Moderate,Female,68,16+ hours,4,90-100%,4,No tutoring,Within 0-100
3044,21,79,Medium,Low,Yes,6,88,Low,Yes,2,High,Medium,Public,Neutral,1,No,High School,Near,Male,67,16+ hours,4,70-79%,2,1+ sessions,Within 0-100
3045,24,93,Low,Medium,Yes,5,62,High,Yes,1,High,Medium,Private,Negative,3,No,College,Moderate,Female,69,16+ hours,4,90-100%,4,1+ sessions,Within 0-100
3046,8,80,High,Medium,No,6,86,Medium,Yes,2,Low,Medium,Public,Neutral,3,No,High School,Near,Male,64,6-10 hours,2,80-89%,3,1+ sessions,Within 0-100
3047,27,80,Low,Low,No,6,65,Low,Yes,1,Low,Medium,Public,Positive,4,No,Postgraduate,Near,Male,67,16+ hours,4,80-89%,3,1+ sessions,Within 0-100
3048,18,97,Medium,High,No,9,88,Low,Yes,1,High,Medium,Public,Neutral,3,Yes,High School,Near,Female,70,16+ hours,4,90-100%,4,1+ sessions,Within 0-100
3049,23,96,Low,High,Yes,6,93,Low,Yes,5,Low,Medium,Public,Negative,4,No,High School,Near,Female,72,16+ hours,4,90-100%,4,1+ sessions,Within 0-100
3050,27,91,Low,High,No,4,67,Medium,Yes,1,High,High,Private,Neutral,2,No,High School,Moderate,Female,71,16+ hours,4,90-100%,4,1+ sessions,Within 0-100
3051,12,72,Medium,Medium,No,6,50,High,Yes,1,Low,Medium,Public,Positive,3,No,College,Near,Male,62,11-15 hours,3,70-79%,2,1+ sessions,Within 0-100
3052,16,82,Medium,Medium,Yes,8,65,High,Yes,2,Low,Medium,Private,Positive,5,Yes,Postgraduate,Near,Male,67,16+ hours,4,80-89%,3,1+ sessions,Within 0-100
3053,18,69,Medium,High,Yes,9,60,Medium,Yes,3,Low,Medium,Public,Negative,2,No,College,Far,Female,64,16+ hours,4,60-69%,1,1+ sessions,Within 0-100
3054,15,78,Medium,Medium,Yes,7,81,Medium,Yes,0,Medium,Low,Public,Neutral,2,No,High School,Near,Male,64,11-15 hours,3,70-79%,2,No tutoring,Within 0-100
3055,30,79,High,Medium,No,6,65,Medium,Yes,1,Low,Medium,Public,Negative,4,No,Postgraduate,Near,Female,70,16+ hours,4,70-79%,2,1+ sessions,Within 0-100
3056,15,93,Medium,Medium,Yes,7,52,Medium,Yes,3,Low,Medium,Public,Negative,5,No,College,Near,Female,68,11-15 hours,3,90-100%,4,1+ sessions,Within 0-100
3057,17,96,Medium,Medium,No,8,77,Medium,Yes,1,Medium,Medium,Public,Neutral,3,No,Postgraduate,Near,Female,70,16+ hours,4,90-100%,4,1+ sessions,Within 0-100
3058,21,77,Medium,Low,Yes,5,94,Low,Yes,1,Medium,High,Public,Negative,3,No,High School,Far,Male,65,16+ hours,4,70-79%,2,1+ sessions,Within 0-100
3059,13,61,Low,Low,No,7,73,Low,Yes,2,High,Medium,Public,Positive,2,No,High School,Near,Female,59,11-15 hours,3,60-69%,1,1+ sessions,Within 0-100
3060,18,94,Medium,Medium,Yes,7,69,Medium,Yes,1,Medium,High,Public,Positive,2,No,High School,Far,Female,69,16+ hours,4,90-100%,4,1+ sessions,Within 0-100
3061,22,67,Medium,Medium,Yes,7,59,High,Yes,2,Low,High,Public,Positive,3,No,Postgraduate,Near,Male,67,16+ hours,4,60-69%,1,1+ sessions,Within 0-100
3062,18,85,Medium,High,No,7,69,Medium,Yes,2,Low,Medium,Private,Positive,4,No,High School,Near,Male,68,16+ hours,4,80-89%,3,1+ sessions,Within 0-100
3063,19,61,Medium,Medium,No,6,67,Low,Yes,1,Medium,Medium,Public,Positive,1,No,College,Near,Male,62,16+ hours,4,60-69%,1,1+ sessions,Within 0-100
3064,17,76,High,Medium,No,8,100,Low,No,0,High,Medium,Private,Neutral,4,No,High School,Moderate,Male,65,16+ hours,4,70-79%,2,No tutoring,Within 0-100
3065,11,99,High,Medium,Yes,7,52,Medium,Yes,0,High,High,Private,Neutral,5,No,College,Near,Female,69,11-15 hours,3,90-100%,4,No tutoring,Within 0-100
3066,22,64,Medium,Medium,Yes,7,62,Medium,Yes,3,Low,Medium,Private,Neutral,4,No,Postgraduate,Moderate,Female,65,16+ hours,4,60-69%,1,1+ sessions,Within 0-100
3067,31,77,High,Low,Yes,5,53,High,Yes,1,Medium,Medium,Public,Neutral,2,No,High School,Near,Female,68,16+ hours,4,70-79%,2,1+ sessions,Within 0-100
3068,20,72,High,Low,Yes,8,93,Medium,Yes,4,Low,High,Public,Positive,2,No,High School,Near,Male,68,16+ hours,4,70-79%,2,1+ sessions,Within 0-100
3069,21,96,High,Medium,Yes,6,71,High,No,3,Medium,Medium,Public,Negative,3,No,High School,Near,Female,71,16+ hours,4,90-100%,4,1+ sessions,Within 0-100
3070,24,95,Medium,Low,Yes,9,90,Medium,Yes,3,Low,Low,Public,Positive,4,No,High School,Moderate,Male,71,16+ hours,4,90-100%,4,1+ sessions,Within 0-100
3071,12,70,High,Medium,No,5,85,High,Yes,1,High,Medium,Public,Positive,3,No,Postgraduate,Near,Female,66,11-15 hours,3,70-79%,2,1+ sessions,Within 0-100
3072,30,63,Medium,High,Yes,8,96,Medium,Yes,4,Low,Medium,Private,Positive,3,No,Postgraduate,Near,Female,71,16+ hours,4,60-69%,1,1+ sessions,Within 0-100
3073,21,85,Medium,Medium,No,4,51,Low,Yes,2,Low,Medium,Public,Neutral,3,No,College,Near,Female,66,16+ hours,4,80-89%,3,1+ sessions,Within 0-100
3074,30,73,High,Low,No,4,60,Medium,Yes,0,Low,Low,Private,Positive,4,No,High School,Moderate,Female,66,16+ hours,4,70-79%,2,No tutoring,Within 0-100
3075,16,87,High,High,Yes,6,85,Medium,Yes,2,Medium,High,Public,Neutral,1,No,High School,Unknown,Female,69,16+ hours,4,80-89%,3,1+ sessions,Within 0-100
3076,31,61,Medium,Medium,No,4,79,Medium,Yes,0,Low,Low,Public,Positive,3,No,High School,Moderate,Female,65,16+ hours,4,60-69%,1,No tutoring,Within 0-100
3077,25,65,High,Low,Yes,8,85,Medium,Yes,2,Low,Medium,Public,Negative,3,No,Postgraduate,Near,Female,66,16+ hours,4,60-69%,1,1+ sessions,Within 0-100
3078,23,87,Medium,Low,No,7,79,Medium,Yes,2,Medium,Medium,Public,Neutral,2,No,High School,Far,Male,67,16+ hours,4,80-89%,3,1+ sessions,Within 0-100
3079,21,68,Medium,Medium,No,9,79,Low,Yes,1,High,High,Private,Negative,4,No,Postgraduate,Moderate,Female,66,16+ hours,4,60-69%,1,1+ sessions,Within 0-100
3080,19,94,Medium,Medium,No,7,97,Medium,Yes,0,Medium,Medium,Public,Neutral,3,No,High School,Near,Female,69,16+ hours,4,90-100%,4,No tutoring,Within 0-100
3081,27,62,High,Low,No,7,96,Medium,Yes,2,Low,Medium,Public,Neutral,4,No,High School,Near,Male,66,16+ hours,4,60-69%,1,1+ sessions,Within 0-100
3082,21,69,High,Medium,Yes,7,52,Low,Yes,0,Low,Medium,Public,Negative,3,No,Postgraduate,Near,Male,64,16+ hours,4,60-69%,1,No tutoring,Within 0-100
3083,8,100,High,High,Yes,6,71,Medium,Yes,0,Low,High,Public,Positive,2,No,Postgraduate,Near,Female,70,6-10 hours,2,90-100%,4,No tutoring,Within 0-100
3084,13,77,Low,Medium,Yes,6,76,Low,No,1,Medium,Low,Private,Neutral,4,No,College,Moderate,Male,62,11-15 hours,3,70-79%,2,1+ sessions,Within 0-100
3085,19,88,Low,Medium,Yes,5,68,High,Yes,1,Low,Low,Public,Positive,5,No,High School,Moderate,Male,67,16+ hours,4,80-89%,3,1+ sessions,Within 0-100
3086,22,67,Low,Medium,No,8,52,Medium,Yes,1,Medium,Low,Public,Negative,2,Yes,College,Moderate,Female,60,16+ hours,4,60-69%,1,1+ sessions,Within 0-100
3087,20,84,Low,Low,No,7,74,Low,Yes,1,High,Medium,Public,Neutral,3,No,Postgraduate,Near,Female,66,16+ hours,4,80-89%,3,1+ sessions,Within 0-100
3088,27,89,Medium,Medium,Yes,7,99,Medium,Yes,0,Medium,High,Public,Positive,2,No,High School,Near,Female,72,16+ hours,4,80-89%,3,No tutoring,Within 0-100
3089,8,73,Medium,High,Yes,10,54,Medium,Yes,2,Medium,Medium,Public,Positive,3,No,High School,Near,Male,63,6-10 hours,2,70-79%,2,1+ sessions,Within 0-100
3090,21,93,Low,Low,Yes,6,91,Low,Yes,1,High,Medium,Public,Negative,3,No,Postgraduate,Near,Male,69,16+ hours,4,90-100%,4,1+ sessions,Within 0-100
3091,9,84,High,High,Yes,7,60,High,Yes,1,Low,Medium,Private,Positive,3,No,College,Moderate,Male,66,6-10 hours,2,80-89%,3,1+ sessions,Within 0-100
3092,25,76,Medium,Medium,Yes,7,79,Medium,Yes,2,Medium,Medium,Public,Positive,2,No,College,Near,Male,69,16+ hours,4,70-79%,2,1+ sessions,Within 0-100
3093,19,82,High,Medium,No,9,69,Low,Yes,2,Medium,Medium,Private,Neutral,3,No,College,Moderate,Male,68,16+ hours,4,80-89%,3,1+ sessions,Within 0-100
3094,23,83,Medium,Low,No,7,67,Medium,Yes,3,Low,Low,Public,Negative,4,No,High School,Moderate,Female,66,16+ hours,4,80-89%,3,1+ sessions,Within 0-100
3095,15,67,Medium,Medium,Yes,7,94,Low,Yes,0,High,Low,Private,Positive,2,No,Postgraduate,Moderate,Male,63,11-15 hours,3,60-69%,1,No tutoring,Within 0-100
3096,28,76,Medium,Medium,Yes,10,99,High,Yes,1,Medium,Medium,Public,Neutral,3,No,High School,Near,Male,70,16+ hours,4,70-79%,2,1+ sessions,Within 0-100
3097,26,74,Medium,Medium,No,6,69,Medium,Yes,2,Low,High,Public,Positive,4,No,Postgraduate,Moderate,Male,68,16+ hours,4,70-79%,2,1+ sessions,Within 0-100
3098,24,76,Medium,Medium,Yes,7,82,Medium,Yes,2,Medium,Medium,Public,Positive,4,No,College,Far,Male,68,16+ hours,4,70-79%,2,1+ sessions,Within 0-100
3099,19,90,Medium,Medium,No,8,78,Medium,Yes,1,Low,Medium,Private,Neutral,3,No,High School,Moderate,Male,67,16+ hours,4,90-100%,4,1+ sessions,Within 0-100
3100,23,79,High,High,Yes,6,54,Low,Yes,1,Low,Medium,Public,Neutral,1,No,High School,Moderate,Male,67,16+ hours,4,70-79%,2,1+ sessions,Within 0-100
3101,16,98,High,Low,Yes,8,52,Medium,Yes,3,Low,High,Public,Neutral,3,No,College,Moderate,Female,69,16+ hours,4,90-100%,4,1+ sessions,Within 0-100
3102,25,72,Medium,Medium,No,6,89,Low,Yes,3,Low,High,Public,Neutral,5,No,High School,Near,Male,68,16+ hours,4,70-79%,2,1+ sessions,Within 0-100
3103,30,77,Medium,Low,Yes,9,70,Medium,Yes,0,Medium,High,Public,Neutral,1,No,High School,Moderate,Male,67,16+ hours,4,70-79%,2,No tutoring,Within 0-100
3104,26,91,High,Medium,Yes,8,65,Low,Yes,0,Medium,High,Public,Neutral,2,No,High School,Moderate,Male,70,16+ hours,4,90-100%,4,No tutoring,Within 0-100
3105,16,82,High,High,No,7,99,Low,Yes,3,Medium,Medium,Public,Positive,3,No,Postgraduate,Moderate,Male,70,16+ hours,4,80-89%,3,1+ sessions,Within 0-100
3106,22,82,Medium,Low,No,5,54,Medium,Yes,2,Medium,Medium,Public,Neutral,2,No,College,Moderate,Male,66,16+ hours,4,80-89%,3,1+ sessions,Within 0-100
3107,12,62,High,High,Yes,6,63,High,Yes,0,Low,Medium,Private,Negative,2,No,High School,Near,Male,61,11-15 hours,3,60-69%,1,No tutoring,Within 0-100
3108,23,76,Low,High,Yes,7,93,Medium,Yes,2,Low,Medium,Public,Negative,2,No,College,Near,Male,68,16+ hours,4,70-79%,2,1+ sessions,Within 0-100
3109,23,71,Low,Medium,Yes,8,71,Low,Yes,1,Low,Low,Public,Neutral,2,No,Postgraduate,Near,Female,64,16+ hours,4,70-79%,2,1+ sessions,Within 0-100
3110,9,100,Low,Low,No,7,79,Medium,Yes,1,Low,Medium,Public,Positive,2,No,Postgraduate,Near,Male,66,6-10 hours,2,90-100%,4,1+ sessions,Within 0-100
3111,13,72,Low,High,Yes,8,52,Medium,Yes,3,High,High,Private,Positive,4,No,High School,Unknown,Male,65,11-15 hours,3,70-79%,2,1+ sessions,Within 0-100
3112,18,95,Medium,High,No,8,96,Medium,Yes,3,Medium,Low,Public,Negative,6,No,Postgraduate,Near,Male,73,16+ hours,4,90-100%,4,1+ sessions,Within 0-100
3113,18,87,Low,Low,No,8,57,Medium,No,3,High,High,Public,Positive,4,No,High School,Near,Male,66,16+ hours,4,80-89%,3,1+ sessions,Within 0-100
3114,13,74,High,High,Yes,7,61,Medium,Yes,2,Low,Medium,Public,Positive,3,No,High School,Moderate,Male,65,11-15 hours,3,70-79%,2,1+ sessions,Within 0-100
3115,22,82,Medium,High,Yes,7,58,Medium,Yes,0,Medium,Medium,Public,Negative,4,No,College,Near,Male,68,16+ hours,4,80-89%,3,No tutoring,Within 0-100
3116,22,94,Medium,Medium,Yes,7,75,Low,Yes,0,Low,High,Public,Neutral,3,No,High School,Near,Male,69,16+ hours,4,90-100%,4,No tutoring,Within 0-100
3117,19,95,Low,High,Yes,6,91,High,Yes,1,Medium,High,Public,Neutral,4,No,College,Near,Male,72,16+ hours,4,90-100%,4,1+ sessions,Within 0-100
3118,15,66,Medium,Medium,No,9,63,Medium,Yes,3,Medium,Medium,Private,Neutral,3,No,High School,Near,Male,63,11-15 hours,3,60-69%,1,1+ sessions,Within 0-100
3119,26,74,Low,Medium,No,8,57,Medium,Yes,0,Medium,Medium,Private,Positive,1,No,High School,Near,Male,65,16+ hours,4,70-79%,2,No tutoring,Within 0-100
3120,30,73,High,Medium,Yes,9,70,Low,Yes,0,Medium,Medium,Public,Negative,4,No,College,Near,Male,69,16+ hours,4,70-79%,2,No tutoring,Within 0-100
3121,17,62,High,Low,No,6,99,Medium,Yes,2,Medium,Medium,Private,Negative,3,No,High School,Far,Female,62,16+ hours,4,60-69%,1,1+ sessions,Within 0-100
3122,16,84,Medium,High,Yes,8,51,Low,Yes,0,Medium,Medium,Public,Negative,3,No,Postgraduate,Near,Female,66,16+ hours,4,80-89%,3,No tutoring,Within 0-100
3123,23,94,Low,Low,Yes,9,75,Medium,Yes,3,Low,Medium,Private,Neutral,2,No,Postgraduate,Moderate,Female,69,16+ hours,4,90-100%,4,1+ sessions,Within 0-100
3124,18,75,High,Medium,Yes,9,83,Medium,Yes,2,Low,Medium,Public,Positive,4,Yes,Postgraduate,Moderate,Female,67,16+ hours,4,70-79%,2,1+ sessions,Within 0-100
3125,19,90,Medium,High,Yes,5,90,Low,Yes,0,Low,Medium,Public,Neutral,2,No,College,Far,Female,94,16+ hours,4,90-100%,4,No tutoring,Within 0-100
3126,24,85,Medium,Medium,Yes,7,87,High,Yes,2,Medium,Medium,Private,Neutral,2,No,High School,Near,Female,71,16+ hours,4,80-89%,3,1+ sessions,Within 0-100
3127,9,75,Medium,Medium,No,7,54,Low,Yes,2,Low,Medium,Public,Positive,4,No,High School,Near,Female,61,6-10 hours,2,70-79%,2,1+ sessions,Within 0-100
3128,28,66,High,Medium,Yes,9,73,Medium,Yes,2,Low,Medium,Public,Positive,2,No,College,Near,Male,68,16+ hours,4,60-69%,1,1+ sessions,Within 0-100
3129,20,88,Medium,Medium,No,4,54,Low,Yes,0,High,Low,Public,Negative,4,No,High School,Near,Male,66,16+ hours,4,80-89%,3,No tutoring,Within 0-100
3130,18,94,High,High,Yes,5,81,Medium,Yes,0,High,Low,Public,Negative,5,No,High School,Near,Female,71,16+ hours,4,90-100%,4,No tutoring,Within 0-100
3131,19,87,Low,Medium,No,9,54,Low,Yes,3,Low,High,Public,Positive,4,No,High School,Moderate,Female,66,16+ hours,4,80-89%,3,1+ sessions,Within 0-100
3132,20,61,Low,Medium,No,6,52,Medium,Yes,2,Low,Low,Private,Negative,2,No,Postgraduate,Near,Male,60,16+ hours,4,60-69%,1,1+ sessions,Within 0-100
3133,10,69,Medium,Medium,Yes,5,65,Low,Yes,0,Medium,Medium,Private,Positive,3,No,High School,Near,Female,60,6-10 hours,2,60-69%,1,No tutoring,Within 0-100
3134,29,63,Low,Low,Yes,9,97,High,No,3,Medium,High,Public,Negative,3,No,High School,Near,Male,66,16+ hours,4,60-69%,1,1+ sessions,Within 0-100
3135,20,83,Medium,Low,Yes,5,85,Medium,Yes,1,High,High,Public,Neutral,2,No,College,Far,Male,67,16+ hours,4,80-89%,3,1+ sessions,Within 0-100
3136,23,90,Low,Low,No,9,50,Low,Yes,4,Medium,Medium,Private,Neutral,3,No,High School,Moderate,Male,67,16+ hours,4,90-100%,4,1+ sessions,Within 0-100
3137,26,64,Medium,Medium,No,5,64,Medium,Yes,2,High,Medium,Public,Negative,1,No,High School,Near,Male,64,16+ hours,4,60-69%,1,1+ sessions,Within 0-100
3138,14,94,Medium,Medium,No,5,51,Medium,Yes,0,Medium,High,Public,Neutral,3,No,College,Near,Male,66,11-15 hours,3,90-100%,4,No tutoring,Within 0-100
3139,23,82,High,Low,No,7,65,High,Yes,1,Medium,High,Public,Negative,3,No,High School,Near,Female,68,16+ hours,4,80-89%,3,1+ sessions,Within 0-100
3140,18,88,High,Low,Yes,6,84,Medium,Yes,1,Medium,High,Public,Positive,3,No,Postgraduate,Moderate,Female,70,16+ hours,4,80-89%,3,1+ sessions,Within 0-100
3141,25,99,High,Medium,Yes,7,88,Medium,Yes,3,Low,Medium,Private,Positive,4,No,College,Moderate,Female,75,16+ hours,4,90-100%,4,1+ sessions,Within 0-100
3142,7,63,High,High,Yes,10,90,Medium,Yes,0,Low,Medium,Private,Positive,2,Yes,High School,Moderate,Male,86,6-10 hours,2,60-69%,1,No tutoring,Within 0-100
3143,19,96,Medium,Medium,Yes,7,95,High,Yes,3,Medium,High,Private,Negative,3,No,College,Near,Female,73,16+ hours,4,90-100%,4,1+ sessions,Within 0-100
3144,16,65,Medium,Low,No,9,68,Medium,Yes,1,High,Medium,Public,Neutral,3,No,High School,Moderate,Male,61,16+ hours,4,60-69%,1,1+ sessions,Within 0-100
3145,23,76,High,High,No,7,93,Medium,Yes,0,Medium,Medium,Private,Negative,6,No,High School,Moderate,Male,68,16+ hours,4,70-79%,2,No tutoring,Within 0-100
3146,23,94,Medium,High,No,8,86,Medium,Yes,1,Low,High,Public,Neutral,0,No,College,Far,Female,70,16+ hours,4,90-100%,4,1+ sessions,Within 0-100
3147,16,96,Medium,Medium,Yes,4,77,High,Yes,1,High,High,Public,Positive,2,No,High School,Near,Male,71,16+ hours,4,90-100%,4,1+ sessions,Within 0-100
3148,16,80,High,Medium,Yes,8,98,High,Yes,2,Medium,High,Private,Positive,4,No,Postgraduate,Near,Male,71,16+ hours,4,80-89%,3,1+ sessions,Within 0-100
3149,19,84,Medium,Medium,No,8,97,High,Yes,2,Medium,Medium,Public,Neutral,1,Yes,College,Near,Male,68,16+ hours,4,80-89%,3,1+ sessions,Within 0-100
3150,15,88,High,High,Yes,6,95,Medium,Yes,2,Low,Medium,Public,Negative,4,No,High School,Near,Female,70,11-15 hours,3,80-89%,3,1+ sessions,Within 0-100
3151,25,93,Medium,Medium,Yes,10,60,Low,Yes,1,Medium,Medium,Public,Positive,3,No,College,Moderate,Male,70,16+ hours,4,90-100%,4,1+ sessions,Within 0-100
3152,18,65,Medium,High,Yes,6,60,Low,Yes,0,Medium,High,Private,Neutral,3,No,High School,Moderate,Female,62,16+ hours,4,60-69%,1,No tutoring,Within 0-100
3153,3,92,High,Low,Yes,5,95,High,Yes,3,Medium,Medium,Public,Neutral,1,No,Postgraduate,Near,Female,67,1-5 hours,1,90-100%,4,1+ sessions,Within 0-100
3154,18,79,Medium,Medium,No,8,70,High,Yes,3,Medium,Medium,Public,Positive,3,No,College,Near,Female,68,16+ hours,4,70-79%,2,1+ sessions,Within 0-100
3155,14,78,High,High,Yes,5,90,Medium,Yes,1,Medium,Medium,Public,Neutral,3,No,Postgraduate,Near,Female,68,11-15 hours,3,70-79%,2,1+ sessions,Within 0-100
3156,10,77,High,High,No,7,84,Low,Yes,2,Low,High,Private,Neutral,1,No,High School,Far,Male,64,6-10 hours,2,70-79%,2,1+ sessions,Within 0-100
3157,13,80,Medium,High,No,9,88,Medium,Yes,1,High,High,Public,Positive,3,No,Postgraduate,Near,Male,68,11-15 hours,3,80-89%,3,1+ sessions,Within 0-100
3158,21,98,Low,High,Yes,8,51,Medium,Yes,0,Medium,Medium,Public,Neutral,3,No,High School,Near,Male,69,16+ hours,4,90-100%,4,No tutoring,Within 0-100
3159,28,82,Medium,High,No,7,71,Low,Yes,1,Medium,High,Public,Neutral,3,No,High School,Near,Male,70,16+ hours,4,80-89%,3,1+ sessions,Within 0-100
3160,22,98,Medium,Medium,Yes,6,93,Medium,Yes,4,Low,Medium,Public,Neutral,4,No,High School,Near,Female,73,16+ hours,4,90-100%,4,1+ sessions,Within 0-100
3161,16,67,High,Medium,Yes,9,74,Medium,Yes,1,High,High,Public,Positive,3,No,Postgraduate,Moderate,Male,66,16+ hours,4,60-69%,1,1+ sessions,Within 0-100
3162,23,89,Low,Medium,No,5,85,Low,Yes,0,Low,Medium,Public,Positive,3,No,Postgraduate,Moderate,Male,68,16+ hours,4,80-89%,3,No tutoring,Within 0-100
3163,17,92,Low,Medium,Yes,8,88,High,No,1,High,Medium,Public,Neutral,3,No,High School,Near,Female,68,16+ hours,4,90-100%,4,1+ sessions,Within 0-100
3164,16,87,Low,Medium,Yes,10,56,Low,Yes,2,Medium,High,Private,Neutral,0,No,Postgraduate,Moderate,Female,65,16+ hours,4,80-89%,3,1+ sessions,Within 0-100
3165,13,84,Medium,Medium,Yes,8,58,High,Yes,2,Low,Low,Public,Neutral,3,No,Postgraduate,Near,Female,66,11-15 hours,3,80-89%,3,1+ sessions,Within 0-100
3166,9,83,High,Low,Yes,7,86,Medium,Yes,0,Low,Medium,Public,Negative,1,No,College,Far,Female,62,6-10 hours,2,80-89%,3,No tutoring,Within 0-100
3167,18,94,Low,Low,Yes,7,53,Low,Yes,3,Medium,High,Private,Neutral,2,No,High School,Near,Female,67,16+ hours,4,90-100%,4,1+ sessions,Within 0-100
3168,21,93,Medium,High,Yes,6,67,High,Yes,1,Medium,High,Public,Positive,3,No,Postgraduate,Near,Female,73,16+ hours,4,90-100%,4,1+ sessions,Within 0-100
3169,19,65,Medium,Low,Yes,6,96,Medium,Yes,2,Medium,High,Private,Neutral,2,No,Postgraduate,Near,Male,65,16+ hours,4,60-69%,1,1+ sessions,Within 0-100
3170,18,94,High,Low,No,7,79,High,Yes,2,High,Medium,Private,Neutral,4,No,High School,Near,Female,70,16+ hours,4,90-100%,4,1+ sessions,Within 0-100
3171,14,77,High,Medium,Yes,8,96,Medium,Yes,3,Medium,Medium,Public,Neutral,2,No,Postgraduate,Near,Male,68,11-15 hours,3,70-79%,2,1+ sessions,Within 0-100
3172,24,70,High,Medium,Yes,9,65,Medium,Yes,3,Medium,Low,Private,Positive,3,No,High School,Moderate,Male,67,16+ hours,4,70-79%,2,1+ sessions,Within 0-100
3173,12,95,Low,Medium,Yes,4,82,High,Yes,2,Low,Medium,Public,Negative,3,No,High School,Moderate,Male,66,11-15 hours,3,90-100%,4,1+ sessions,Within 0-100
3174,25,77,Medium,Low,No,4,64,Low,Yes,3,Low,Medium,Public,Neutral,4,Yes,College,Near,Female,65,16+ hours,4,70-79%,2,1+ sessions,Within 0-100
3175,14,92,High,Low,Yes,9,56,Low,Yes,1,Medium,Medium,Public,Neutral,4,No,High School,Moderate,Female,66,11-15 hours,3,90-100%,4,1+ sessions,Within 0-100
3176,15,71,High,High,No,7,100,Low,Yes,2,Low,Low,Public,Neutral,4,No,High School,Near,Male,66,11-15 hours,3,70-79%,2,1+ sessions,Within 0-100
3177,11,60,Medium,High,No,7,59,High,Yes,2,Low,Medium,Public,Positive,1,No,College,Moderate,Male,60,11-15 hours,3,60-69%,1,1+ sessions,Within 0-100
3178,17,80,High,Low,Yes,8,59,Medium,Yes,0,High,High,Public,Negative,4,No,College,Near,Female,66,16+ hours,4,80-89%,3,No tutoring,Within 0-100
3179,26,64,High,Medium,Yes,7,92,Low,Yes,2,Low,High,Private,Positive,4,No,College,Moderate,Female,68,16+ hours,4,60-69%,1,1+ sessions,Within 0-100
3180,23,90,Medium,Medium,Yes,10,90,Low,Yes,3,Low,Medium,Public,Positive,5,No,High School,Near,Male,72,16+ hours,4,90-100%,4,1+ sessions,Within 0-100
3181,26,71,Low,High,No,8,99,Medium,No,1,Medium,Medium,Public,Positive,3,No,College,Near,Male,68,16+ hours,4,70-79%,2,1+ sessions,Within 0-100
3182,23,78,Medium,Medium,Yes,6,54,High,Yes,0,Low,Medium,Public,Neutral,3,No,Postgraduate,Near,Female,67,16+ hours,4,70-79%,2,No tutoring,Within 0-100
3183,13,63,High,Medium,No,6,55,High,Yes,0,Medium,Low,Public,Positive,4,No,Postgraduate,Near,Male,62,11-15 hours,3,60-69%,1,No tutoring,Within 0-100
3184,18,71,Medium,Medium,No,7,72,High,Yes,0,High,High,Public,Positive,5,No,College,Moderate,Female,66,16+ hours,4,70-79%,2,No tutoring,Within 0-100
3185,15,91,High,Medium,No,6,80,Medium,Yes,0,Low,Medium,Private,Positive,3,No,Postgraduate,Near,Male,69,11-15 hours,3,90-100%,4,No tutoring,Within 0-100
3186,28,66,Medium,Medium,No,10,52,Low,Yes,0,Low,High,Public,Positive,3,No,High School,Near,Male,64,16+ hours,4,60-69%,1,No tutoring,Within 0-100
3187,13,86,Low,Medium,No,7,58,Medium,No,0,Medium,Medium,Private,Positive,3,No,High School,Near,Male,63,11-15 hours,3,80-89%,3,No tutoring,Within 0-100
3188,25,97,Low,High,Yes,5,85,Medium,Yes,2,High,Medium,Public,Positive,2,No,Unknown,Near,Male,74,16+ hours,4,90-100%,4,1+ sessions,Within 0-100
3189,25,87,High,Medium,Yes,8,83,Medium,Yes,0,Medium,High,Private,Positive,4,No,College,Moderate,Male,72,16+ hours,4,80-89%,3,No tutoring,Within 0-100
3190,31,92,Medium,Medium,Yes,9,54,Medium,No,1,Low,Medium,Private,Positive,3,No,College,Near,Male,71,16+ hours,4,90-100%,4,1+ sessions,Within 0-100
3191,18,64,Low,High,Yes,9,97,Medium,Yes,2,Medium,Medium,Public,Negative,3,No,High School,Moderate,Female,64,16+ hours,4,60-69%,1,1+ sessions,Within 0-100
3192,24,70,High,High,No,6,63,Low,No,0,Low,Medium,Public,Neutral,3,No,High School,Near,Male,65,16+ hours,4,70-79%,2,No tutoring,Within 0-100
3193,34,96,Medium,Medium,Yes,5,94,High,Yes,1,Medium,High,Public,Negative,5,Yes,High School,Moderate,Female,75,16+ hours,4,90-100%,4,1+ sessions,Within 0-100
3194,16,89,High,Medium,No,9,96,Medium,Yes,2,Medium,Low,Public,Positive,3,No,College,Far,Male,69,16+ hours,4,80-89%,3,1+ sessions,Within 0-100
3195,11,86,Medium,Medium,No,5,75,Medium,Yes,1,Medium,Low,Public,Neutral,4,No,Postgraduate,Moderate,Female,65,11-15 hours,3,80-89%,3,1+ sessions,Within 0-100
3196,9,87,Low,Low,No,8,71,Low,No,0,Low,High,Public,Neutral,1,No,College,Moderate,Male,60,6-10 hours,2,80-89%,3,No tutoring,Within 0-100
3197,24,77,Medium,Medium,Yes,6,64,Medium,Yes,2,High,Medium,Public,Positive,4,No,High School,Near,Male,69,16+ hours,4,70-79%,2,1+ sessions,Within 0-100
3198,9,62,High,High,Yes,9,90,High,Yes,4,High,Medium,Public,Neutral,4,No,College,Far,Male,65,6-10 hours,2,60-69%,1,1+ sessions,Within 0-100
3199,18,91,Low,Medium,Yes,5,60,Low,Yes,0,High,High,Private,Positive,4,No,High School,Moderate,Male,67,16+ hours,4,90-100%,4,No tutoring,Within 0-100
3200,23,87,High,Low,No,6,81,Low,Yes,5,Medium,High,Private,Neutral,2,No,High School,Far,Female,70,16+ hours,4,80-89%,3,1+ sessions,Within 0-100
3201,21,79,Medium,Low,Yes,8,78,Low,Yes,1,Low,High,Public,Positive,4,No,College,Moderate,Female,66,16+ hours,4,70-79%,2,1+ sessions,Within 0-100
3202,23,96,Medium,Medium,Yes,8,62,Medium,Yes,0,Low,High,Public,Neutral,4,No,High School,Moderate,Female,69,16+ hours,4,90-100%,4,No tutoring,Within 0-100
3203,21,73,Medium,Medium,Yes,9,99,Medium,Yes,2,Medium,High,Public,Neutral,3,No,Postgraduate,Near,Male,69,16+ hours,4,70-79%,2,1+ sessions,Within 0-100
3204,28,72,High,Medium,Yes,8,92,Low,Yes,1,Medium,Medium,Public,Negative,2,No,High School,Near,Female,68,16+ hours,4,70-79%,2,1+ sessions,Within 0-100
3205,14,95,Medium,Medium,Yes,8,51,Medium,Yes,5,Medium,Medium,Private,Positive,4,No,College,Near,Female,70,11-15 hours,3,90-100%,4,1+ sessions,Within 0-100
3206,16,92,Medium,Low,No,9,71,High,Yes,2,Low,Medium,Private,Neutral,2,No,High School,Moderate,Female,66,16+ hours,4,90-100%,4,1+ sessions,Within 0-100
3207,15,81,High,Medium,No,5,68,Low,No,0,Medium,High,Public,Positive,3,No,High School,Near,Female,65,11-15 hours,3,80-89%,3,No tutoring,Within 0-100
3208,25,65,Low,Medium,No,6,94,Medium,Yes,1,Low,High,Public,Negative,4,No,College,Near,Male,65,16+ hours,4,60-69%,1,1+ sessions,Within 0-100
3209,25,69,Low,Medium,Yes,5,63,Medium,Yes,1,High,Medium,Private,Neutral,2,No,High School,Near,Male,65,16+ hours,4,60-69%,1,1+ sessions,Within 0-100
3210,23,86,Low,Medium,Yes,4,100,Medium,Yes,0,Low,High,Public,Negative,3,No,Postgraduate,Near,Male,69,16+ hours,4,80-89%,3,No tutoring,Within 0-100
3211,27,75,Medium,Medium,No,8,60,Medium,Yes,4,Medium,Medium,Public,Positive,2,No,Postgraduate,Moderate,Female,69,16+ hours,4,70-79%,2,1+ sessions,Within 0-100
3212,13,93,Medium,High,No,9,62,Low,Yes,0,Low,Medium,Private,Neutral,3,No,High School,Moderate,Male,65,11-15 hours,3,90-100%,4,No tutoring,Within 0-100
3213,30,98,High,High,Yes,8,83,High,No,1,Low,High,Public,Neutral,3,No,High School,Near,Female,76,16+ hours,4,90-100%,4,1+ sessions,Within 0-100
3214,29,92,Medium,High,No,8,58,Low,Yes,2,Medium,Low,Private,Neutral,3,No,College,Near,Male,72,16+ hours,4,90-100%,4,1+ sessions,Within 0-100
3215,24,75,Medium,Low,No,7,94,Medium,Yes,2,Medium,High,Public,Negative,4,No,High School,Near,Male,67,16+ hours,4,70-79%,2,1+ sessions,Within 0-100
3216,31,92,High,Medium,Yes,7,55,Medium,Yes,3,Low,High,Public,Positive,3,No,High School,Near,Male,74,16+ hours,4,90-100%,4,1+ sessions,Within 0-100
3217,10,74,Medium,Medium,Yes,10,99,High,Yes,2,Medium,High,Public,Neutral,3,No,College,Near,Male,66,6-10 hours,2,70-79%,2,1+ sessions,Within 0-100
3218,17,67,High,High,Yes,9,94,Medium,Yes,2,Low,Low,Private,Positive,3,No,High School,Near,Female,66,16+ hours,4,60-69%,1,1+ sessions,Within 0-100
3219,16,61,Medium,High,No,6,92,High,Yes,4,High,High,Public,Neutral,3,No,High School,Near,Male,66,16+ hours,4,60-69%,1,1+ sessions,Within 0-100
3220,24,75,Low,High,Yes,9,70,High,Yes,5,High,High,Public,Negative,5,No,College,Near,Female,71,16+ hours,4,70-79%,2,1+ sessions,Within 0-100
3221,14,96,Medium,Low,No,9,76,Medium,Yes,0,Low,High,Public,Neutral,3,No,High School,Moderate,Male,66,11-15 hours,3,90-100%,4,No tutoring,Within 0-100
3222,25,70,Low,High,No,8,73,High,Yes,1,Low,Low,Public,Negative,2,No,Postgraduate,Near,Male,65,16+ hours,4,70-79%,2,1+ sessions,Within 0-100
3223,28,68,Low,High,Yes,8,99,Medium,Yes,1,High,Medium,Public,Neutral,3,No,High School,Near,Female,69,16+ hours,4,60-69%,1,1+ sessions,Within 0-100
3224,24,99,Medium,Low,Yes,8,52,Low,Yes,1,Low,High,Public,Negative,2,No,High School,Near,Male,69,16+ hours,4,90-100%,4,1+ sessions,Within 0-100
3225,22,61,Medium,Medium,Yes,5,69,Low,Yes,2,Low,High,Public,Neutral,2,No,Unknown,Far,Female,63,16+ hours,4,60-69%,1,1+ sessions,Within 0-100
3226,14,91,Low,Medium,No,5,98,High,Yes,0,High,High,Public,Neutral,3,No,High School,Near,Female,68,11-15 hours,3,90-100%,4,No tutoring,Within 0-100
3227,15,73,Medium,Medium,No,8,68,Medium,Yes,1,High,Medium,Public,Neutral,3,No,Unknown,Near,Female,64,11-15 hours,3,70-79%,2,1+ sessions,Within 0-100
3228,27,61,Medium,Medium,No,5,70,Medium,Yes,2,Low,Low,Public,Neutral,2,No,College,Near,Male,64,16+ hours,4,60-69%,1,1+ sessions,Within 0-100
3229,25,97,Medium,High,Yes,5,82,High,Yes,1,Low,High,Public,Negative,5,No,College,Moderate,Male,73,16+ hours,4,90-100%,4,1+ sessions,Within 0-100
3230,20,66,Low,High,Yes,4,95,High,Yes,2,High,Medium,Public,Neutral,2,No,High School,Moderate,Female,66,16+ hours,4,60-69%,1,1+ sessions,Within 0-100
3231,17,82,Medium,High,No,6,65,Low,Yes,4,Low,Medium,Private,Positive,3,No,High School,Moderate,Female,67,16+ hours,4,80-89%,3,1+ sessions,Within 0-100
3232,8,71,High,Medium,Yes,8,97,Medium,Yes,3,Medium,Medium,Private,Neutral,1,Yes,High School,Near,Female,63,6-10 hours,2,70-79%,2,1+ sessions,Within 0-100
3233,14,63,Medium,Medium,Yes,8,64,High,Yes,1,Low,Medium,Public,Neutral,3,No,High School,Moderate,Male,61,11-15 hours,3,60-69%,1,1+ sessions,Within 0-100
3234,31,62,Medium,Medium,Yes,8,91,High,Yes,4,High,High,Public,Positive,4,No,High School,Moderate,Male,71,16+ hours,4,60-69%,1,1+ sessions,Within 0-100
3235,12,65,Low,Medium,Yes,6,64,Medium,Yes,1,Medium,Medium,Public,Positive,3,No,College,Near,Female,61,11-15 hours,3,60-69%,1,1+ sessions,Within 0-100
3236,21,63,Medium,Low,Yes,7,54,Low,Yes,1,Medium,Medium,Private,Positive,3,No,College,Moderate,Female,62,16+ hours,4,60-69%,1,1+ sessions,Within 0-100
3237,26,90,High,High,Yes,8,91,Medium,Yes,1,High,High,Private,Neutral,4,Yes,High School,Near,Male,74,16+ hours,4,90-100%,4,1+ sessions,Within 0-100
3238,12,79,Medium,Medium,No,8,73,Medium,Yes,2,Medium,Medium,Private,Neutral,4,No,High School,Near,Male,65,11-15 hours,3,70-79%,2,1+ sessions,Within 0-100
3239,21,74,Low,Low,Yes,6,70,Low,Yes,2,Low,High,Public,Positive,3,No,High School,Moderate,Female,64,16+ hours,4,70-79%,2,1+ sessions,Within 0-100
3240,26,77,Low,Low,No,7,71,Medium,Yes,1,Medium,High,Public,Neutral,4,No,Postgraduate,Moderate,Male,66,16+ hours,4,70-79%,2,1+ sessions,Within 0-100
3241,20,97,High,High,Yes,4,81,Medium,Yes,1,Medium,Medium,Public,Positive,2,Yes,High School,Unknown,Male,72,16+ hours,4,90-100%,4,1+ sessions,Within 0-100
3242,37,96,High,Medium,Yes,7,63,Medium,Yes,0,Medium,High,Private,Positive,4,No,High School,Near,Male,76,16+ hours,4,90-100%,4,No tutoring,Within 0-100
3243,10,89,Medium,Medium,Yes,6,62,Medium,Yes,4,Low,Medium,Public,Positive,3,No,Postgraduate,Moderate,Male,67,6-10 hours,2,80-89%,3,1+ sessions,Within 0-100
3244,26,95,Medium,High,No,9,74,Low,Yes,3,Low,Medium,Private,Neutral,3,Yes,High School,Near,Female,71,16+ hours,4,90-100%,4,1+ sessions,Within 0-100
3245,19,73,High,Medium,No,6,52,Medium,Yes,1,Medium,Medium,Public,Positive,3,No,High School,Near,Male,65,16+ hours,4,70-79%,2,1+ sessions,Within 0-100
3246,25,75,Low,Low,Yes,7,82,Medium,Yes,3,Medium,High,Private,Negative,4,No,Postgraduate,Near,Male,68,16+ hours,4,70-79%,2,1+ sessions,Within 0-100
3247,23,85,Medium,Medium,Yes,6,91,Low,Yes,1,Low,High,Public,Neutral,3,No,High School,Far,Male,68,16+ hours,4,80-89%,3,1+ sessions,Within 0-100
3248,16,85,High,Low,Yes,6,86,Low,Yes,3,High,High,Private,Neutral,2,No,High School,Far,Male,67,16+ hours,4,80-89%,3,1+ sessions,Within 0-100
3249,21,79,Medium,Low,No,8,73,Medium,Yes,1,Low,Low,Public,Neutral,2,No,High School,Near,Female,64,16+ hours,4,70-79%,2,1+ sessions,Within 0-100
3250,9,76,Low,High,No,6,78,Low,No,0,Medium,Medium,Public,Negative,4,Yes,Postgraduate,Near,Male,60,6-10 hours,2,70-79%,2,No tutoring,Within 0-100
3251,24,99,Medium,Medium,No,10,51,Low,Yes,1,Low,Medium,Public,Neutral,3,No,Unknown,Near,Male,70,16+ hours,4,90-100%,4,1+ sessions,Within 0-100
3252,22,93,High,Medium,Yes,4,96,High,Yes,1,High,Low,Private,Positive,2,No,College,Near,Male,73,16+ hours,4,90-100%,4,1+ sessions,Within 0-100
3253,24,77,Medium,Medium,Yes,8,78,Low,Yes,2,High,High,Private,Positive,3,No,High School,Moderate,Male,69,16+ hours,4,70-79%,2,1+ sessions,Within 0-100
3254,26,89,High,Medium,No,7,66,Medium,Yes,0,Low,Medium,Public,Neutral,5,Yes,College,Near,Male,70,16+ hours,4,80-89%,3,No tutoring,Within 0-100
3255,22,71,Medium,Medium,No,7,65,Low,Yes,1,Low,Medium,Public,Neutral,3,No,College,Near,Male,64,16+ hours,4,70-79%,2,1+ sessions,Within 0-100
3256,21,64,High,Low,Yes,7,83,High,Yes,2,Low,Low,Public,Neutral,3,No,High School,Moderate,Female,64,16+ hours,4,60-69%,1,1+ sessions,Within 0-100
3257,15,74,High,Medium,Yes,8,79,Medium,Yes,0,High,Medium,Public,Negative,3,No,College,Near,Male,65,11-15 hours,3,70-79%,2,No tutoring,Within 0-100
3258,16,76,Medium,Medium,No,7,59,Low,Yes,0,Low,Medium,Public,Neutral,2,No,College,Near,Female,62,16+ hours,4,70-79%,2,No tutoring,Within 0-100
3259,27,61,Medium,Medium,Yes,9,70,Medium,Yes,0,Medium,Medium,Public,Neutral,2,No,High School,Unknown,Male,64,16+ hours,4,60-69%,1,No tutoring,Within 0-100
3260,29,93,Medium,Medium,Yes,7,84,Medium,Yes,0,High,Medium,Public,Neutral,3,No,College,Moderate,Male,72,16+ hours,4,90-100%,4,No tutoring,Within 0-100
3261,19,74,Medium,Low,Yes,5,65,High,No,1,Low,High,Public,Positive,3,No,High School,Near,Male,64,16+ hours,4,70-79%,2,1+ sessions,Within 0-100
3262,20,83,Medium,Medium,Yes,7,75,Medium,Yes,0,Medium,Medium,Public,Neutral,4,No,High School,Near,Female,67,16+ hours,4,80-89%,3,No tutoring,Within 0-100
3263,15,63,High,High,Yes,9,63,Low,No,4,High,High,Private,Negative,3,No,College,Near,Male,64,11-15 hours,3,60-69%,1,1+ sessions,Within 0-100
3264,27,67,Low,Medium,No,6,54,Medium,Yes,0,Medium,Low,Private,Negative,2,No,High School,Far,Male,61,16+ hours,4,60-69%,1,No tutoring,Within 0-100
3265,24,96,Medium,High,Yes,5,69,Medium,Yes,1,Low,Medium,Public,Positive,4,No,High School,Near,Male,72,16+ hours,4,90-100%,4,1+ sessions,Within 0-100
3266,32,84,Medium,Medium,Yes,8,87,Medium,No,2,Medium,Medium,Public,Positive,1,No,High School,Far,Male,70,16+ hours,4,80-89%,3,1+ sessions,Within 0-100
3267,15,98,Medium,High,No,8,61,Medium,Yes,4,Low,Medium,Public,Positive,2,No,High School,Moderate,Female,70,11-15 hours,3,90-100%,4,1+ sessions,Within 0-100
3268,18,100,Medium,Medium,No,6,88,Medium,Yes,2,Medium,Medium,Public,Neutral,2,No,College,Moderate,Male,71,16+ hours,4,90-100%,4,1+ sessions,Within 0-100
3269,21,75,High,High,No,7,83,Low,Yes,1,Medium,Medium,Public,Positive,2,No,College,Near,Female,68,16+ hours,4,70-79%,2,1+ sessions,Within 0-100
3270,24,72,Medium,Medium,No,7,75,Medium,Yes,3,High,Medium,Private,Neutral,2,No,College,Near,Female,68,16+ hours,4,70-79%,2,1+ sessions,Within 0-100
3271,19,94,High,High,No,7,99,Medium,Yes,0,Low,Medium,Public,Neutral,1,Yes,High School,Near,Male,70,16+ hours,4,90-100%,4,No tutoring,Within 0-100
3272,15,100,High,High,No,8,94,High,Yes,2,Medium,High,Public,Negative,3,No,College,Near,Male,73,11-15 hours,3,90-100%,4,1+ sessions,Within 0-100
3273,25,85,High,Medium,No,6,78,Low,Yes,2,Medium,High,Public,Neutral,1,No,High School,Far,Female,69,16+ hours,4,80-89%,3,1+ sessions,Within 0-100
3274,24,92,Medium,High,No,8,78,High,Yes,0,Medium,Medium,Public,Neutral,3,No,High School,Near,Male,71,16+ hours,4,90-100%,4,No tutoring,Within 0-100
3275,15,91,Low,Medium,No,6,64,Low,Yes,1,Low,High,Public,Positive,3,Yes,High School,Near,Male,64,11-15 hours,3,90-100%,4,1+ sessions,Within 0-100
3276,28,74,Medium,Medium,No,9,96,Low,Yes,0,Medium,Medium,Private,Neutral,3,No,High School,Near,Female,68,16+ hours,4,70-79%,2,No tutoring,Within 0-100
3277,27,83,Medium,Medium,No,10,95,Medium,Yes,0,High,Low,Private,Neutral,4,No,High School,Moderate,Female,69,16+ hours,4,80-89%,3,No tutoring,Within 0-100
3278,21,93,High,Low,No,6,87,Medium,Yes,1,Low,High,Public,Positive,2,No,High School,Near,Female,70,16+ hours,4,90-100%,4,1+ sessions,Within 0-100
3279,20,88,Medium,Medium,No,5,56,Medium,Yes,1,Low,Medium,Public,Neutral,4,No,Unknown,Near,Female,67,16+ hours,4,80-89%,3,1+ sessions,Within 0-100
3280,23,61,Medium,High,Yes,8,85,Medium,Yes,1,Medium,High,Private,Positive,0,No,High School,Near,Male,66,16+ hours,4,60-69%,1,1+ sessions,Within 0-100
3281,15,73,Medium,High,No,7,63,Medium,Yes,2,Medium,Medium,Public,Neutral,5,No,Postgraduate,Moderate,Male,65,11-15 hours,3,70-79%,2,1+ sessions,Within 0-100
3282,20,66,Medium,High,Yes,8,59,Low,Yes,4,Medium,Medium,Public,Positive,3,No,College,Near,Male,66,16+ hours,4,60-69%,1,1+ sessions,Within 0-100
3283,7,69,Low,Medium,Yes,6,88,Medium,Yes,0,Low,High,Private,Negative,4,No,Postgraduate,Near,Female,61,6-10 hours,2,60-69%,1,No tutoring,Within 0-100
3284,25,96,Low,Medium,No,7,98,Medium,Yes,0,Low,Medium,Public,Positive,2,No,High School,Near,Female,71,16+ hours,4,90-100%,4,No tutoring,Within 0-100
3285,11,61,High,Low,Yes,6,55,Medium,Yes,5,High,Low,Public,Neutral,3,No,High School,Far,Male,60,11-15 hours,3,60-69%,1,1+ sessions,Within 0-100
3286,29,69,Medium,Medium,Yes,7,58,Medium,Yes,1,Low,Low,Public,Positive,2,No,College,Near,Male,66,16+ hours,4,60-69%,1,1+ sessions,Within 0-100
3287,18,72,Low,Low,Yes,5,61,Low,Yes,1,Medium,Medium,Private,Negative,4,No,College,Moderate,Male,61,16+ hours,4,70-79%,2,1+ sessions,Within 0-100
3288,19,85,Medium,Medium,Yes,7,98,High,Yes,2,Medium,Medium,Public,Negative,3,Yes,High School,Moderate,Female,68,16+ hours,4,80-89%,3,1+ sessions,Within 0-100
3289,16,81,Medium,High,Yes,5,85,High,No,2,Low,Medium,Public,Positive,3,No,College,Near,Male,68,16+ hours,4,80-89%,3,1+ sessions,Within 0-100
3290,18,69,Medium,Medium,Yes,6,84,Medium,Yes,2,Low,Medium,Public,Positive,4,No,High School,Near,Male,65,16+ hours,4,60-69%,1,1+ sessions,Within 0-100
3291,29,67,High,Low,No,7,75,Medium,No,3,Low,Medium,Public,Neutral,1,No,High School,Near,Female,65,16+ hours,4,60-69%,1,1+ sessions,Within 0-100
3292,5,69,Medium,Medium,Yes,8,77,Medium,No,2,Low,High,Public,Negative,2,No,College,Near,Female,60,1-5 hours,1,60-69%,1,1+ sessions,Within 0-100
3293,28,80,Low,Medium,No,8,65,Low,Yes,2,Low,Medium,Private,Neutral,2,No,College,Near,Male,67,16+ hours,4,80-89%,3,1+ sessions,Within 0-100
3294,22,71,High,Medium,No,8,58,Medium,No,2,Low,Medium,Public,Negative,4,No,College,Near,Female,65,16+ hours,4,70-79%,2,1+ sessions,Within 0-100
3295,13,98,High,Medium,Yes,5,89,High,Yes,1,High,Medium,Public,Negative,3,No,High School,Near,Male,70,11-15 hours,3,90-100%,4,1+ sessions,Within 0-100
3296,14,79,Medium,Medium,No,9,74,Medium,Yes,1,Medium,Medium,Public,Neutral,4,No,High School,Near,Male,64,11-15 hours,3,70-79%,2,1+ sessions,Within 0-100
3297,30,62,Medium,High,Yes,6,63,Medium,Yes,2,Low,High,Public,Positive,4,No,High School,Moderate,Male,68,16+ hours,4,60-69%,1,1+ sessions,Within 0-100
3298,14,89,High,Medium,No,6,82,High,Yes,2,Medium,Medium,Public,Negative,4,No,College,Moderate,Female,69,11-15 hours,3,80-89%,3,1+ sessions,Within 0-100
3299,13,73,Medium,High,Yes,7,60,High,Yes,0,High,High,Public,Neutral,3,No,College,Near,Female,65,11-15 hours,3,70-79%,2,No tutoring,Within 0-100
3300,27,86,Medium,Medium,No,6,74,Medium,Yes,2,High,High,Private,Neutral,3,No,High School,Near,Male,71,16+ hours,4,80-89%,3,1+ sessions,Within 0-100
3301,22,71,Medium,Medium,Yes,8,60,Low,Yes,1,Medium,High,Public,Neutral,4,No,High School,Moderate,Female,65,16+ hours,4,70-79%,2,1+ sessions,Within 0-100
3302,14,83,Medium,High,Yes,8,88,Low,Yes,0,High,Medium,Public,Negative,2,Yes,High School,Moderate,Male,65,11-15 hours,3,80-89%,3,No tutoring,Within 0-100
3303,21,91,Medium,Medium,Yes,6,66,High,Yes,0,Medium,Medium,Public,Positive,2,Yes,College,Far,Female,68,16+ hours,4,90-100%,4,No tutoring,Within 0-100
3304,14,97,Medium,Low,No,7,72,High,Yes,1,Low,Low,Public,Neutral,3,No,High School,Near,Female,66,11-15 hours,3,90-100%,4,1+ sessions,Within 0-100
3305,27,70,Low,Low,Yes,7,88,Medium,No,1,High,Medium,Public,Neutral,3,No,High School,Near,Male,65,16+ hours,4,70-79%,2,1+ sessions,Within 0-100
3306,26,73,High,High,Yes,8,83,Low,Yes,2,Medium,Medium,Public,Positive,4,No,College,Near,Male,71,16+ hours,4,70-79%,2,1+ sessions,Within 0-100
3307,23,79,Low,Medium,Yes,6,70,Medium,Yes,3,Medium,High,Public,Negative,4,No,Postgraduate,Moderate,Female,68,16+ hours,4,70-79%,2,1+ sessions,Within 0-100
3308,22,97,Medium,Medium,Yes,6,54,Medium,No,2,High,Medium,Public,Neutral,2,No,College,Near,Male,70,16+ hours,4,90-100%,4,1+ sessions,Within 0-100
3309,31,96,Medium,Low,No,5,96,Low,Yes,3,Low,High,Private,Neutral,2,No,College,Unknown,Female,74,16+ hours,4,90-100%,4,1+ sessions,Within 0-100
3310,20,64,High,Low,Yes,6,50,High,Yes,0,Low,Medium,Private,Neutral,2,No,High School,Near,Male,62,16+ hours,4,60-69%,1,No tutoring,Within 0-100
3311,13,65,Medium,High,No,5,87,Low,Yes,1,Medium,Medium,Public,Positive,2,Yes,High School,Moderate,Female,61,11-15 hours,3,60-69%,1,1+ sessions,Within 0-100
3312,23,80,High,High,Yes,6,97,Medium,Yes,0,Medium,Medium,Private,Neutral,3,No,High School,Near,Male,70,16+ hours,4,80-89%,3,No tutoring,Within 0-100
3313,33,64,Low,Medium,Yes,9,65,Medium,Yes,0,Medium,Unknown,Public,Negative,2,No,College,Moderate,Male,65,16+ hours,4,60-69%,1,No tutoring,Within 0-100
3314,14,74,Medium,Medium,Yes,8,54,High,Yes,2,Low,Low,Public,Neutral,2,No,High School,Moderate,Male,62,11-15 hours,3,70-79%,2,1+ sessions,Within 0-100
3315,18,66,High,High,No,9,62,Medium,Yes,2,High,Medium,Public,Neutral,4,No,High School,Moderate,Female,65,16+ hours,4,60-69%,1,1+ sessions,Within 0-100
3316,22,85,High,Medium,No,6,66,Low,Yes,0,Low,Medium,Private,Positive,4,No,College,Near,Male,68,16+ hours,4,80-89%,3,No tutoring,Within 0-100
3317,20,98,Medium,High,Yes,4,73,Medium,Yes,2,Medium,Low,Private,Positive,1,No,High School,Far,Male,70,16+ hours,4,90-100%,4,1+ sessions,Within 0-100
3318,14,100,Medium,Low,No,7,76,Low,Yes,1,Medium,Medium,Private,Neutral,3,No,Postgraduate,Near,Female,68,11-15 hours,3,90-100%,4,1+ sessions,Within 0-100
3319,27,75,Low,Medium,No,10,86,Medium,No,3,Medium,Medium,Private,Positive,6,No,Postgraduate,Near,Female,69,16+ hours,4,70-79%,2,1+ sessions,Within 0-100
3320,34,84,Medium,High,Yes,6,95,Medium,Yes,1,Low,Medium,Private,Neutral,3,No,Postgraduate,Far,Male,73,16+ hours,4,80-89%,3,1+ sessions,Within 0-100
3321,21,94,Medium,Medium,Yes,7,73,Medium,Yes,1,Medium,Medium,Private,Positive,5,No,College,Near,Female,71,16+ hours,4,90-100%,4,1+ sessions,Within 0-100
3322,15,65,Low,High,Yes,5,87,Medium,Yes,0,Low,High,Private,Neutral,4,No,High School,Near,Female,63,11-15 hours,3,60-69%,1,No tutoring,Within 0-100
3323,11,88,High,Medium,Yes,7,56,Low,Yes,2,Medium,Medium,Public,Neutral,2,No,College,Near,Male,66,11-15 hours,3,80-89%,3,1+ sessions,Within 0-100
3324,22,76,High,Low,Yes,7,66,Low,Yes,1,Low,High,Private,Positive,4,No,Postgraduate,Near,Male,67,16+ hours,4,70-79%,2,1+ sessions,Within 0-100
3325,27,68,Low,High,No,4,56,Medium,Yes,0,Low,High,Public,Neutral,1,No,Unknown,Near,Female,64,16+ hours,4,60-69%,1,No tutoring,Within 0-100
3326,23,76,Medium,Low,Yes,5,85,Medium,Yes,1,Medium,Low,Public,Neutral,3,No,High School,Near,Female,66,16+ hours,4,70-79%,2,1+ sessions,Within 0-100
3327,20,63,High,High,Yes,5,95,Medium,Yes,2,High,High,Public,Positive,3,No,College,Near,Male,69,16+ hours,4,60-69%,1,1+ sessions,Within 0-100
3328,16,88,Medium,High,Yes,5,94,High,Yes,4,Medium,Medium,Private,Positive,6,No,College,Moderate,Male,72,16+ hours,4,80-89%,3,1+ sessions,Within 0-100
3329,13,70,Medium,High,Yes,6,66,Medium,Yes,1,Medium,Medium,Public,Negative,4,No,High School,Near,Male,63,11-15 hours,3,70-79%,2,1+ sessions,Within 0-100
3330,25,72,Medium,High,Yes,8,62,Medium,Yes,2,Low,Medium,Public,Positive,2,No,High School,Near,Female,67,16+ hours,4,70-79%,2,1+ sessions,Within 0-100
3331,25,65,Low,Medium,No,6,64,Medium,Yes,1,Medium,Medium,Private,Negative,4,No,College,Near,Male,64,16+ hours,4,60-69%,1,1+ sessions,Within 0-100
3332,11,95,Medium,Medium,Yes,9,64,High,Yes,4,Low,Medium,Public,Positive,4,No,High School,Moderate,Male,68,11-15 hours,3,90-100%,4,1+ sessions,Within 0-100
3333,30,80,High,High,No,6,54,High,Yes,1,High,Medium,Public,Positive,3,No,High School,Moderate,Female,71,16+ hours,4,80-89%,3,1+ sessions,Within 0-100
3334,23,83,Medium,Low,Yes,7,57,Medium,No,2,Medium,High,Public,Positive,4,No,High School,Moderate,Female,67,16+ hours,4,80-89%,3,1+ sessions,Within 0-100
3335,28,83,Medium,Low,No,8,61,Medium,Yes,1,Low,Medium,Private,Negative,5,Yes,Postgraduate,Near,Male,67,16+ hours,4,80-89%,3,1+ sessions,Within 0-100
3336,12,76,Medium,Medium,Yes,9,50,Medium,Yes,2,Medium,High,Public,Negative,3,No,College,Near,Male,64,11-15 hours,3,70-79%,2,1+ sessions,Within 0-100
3337,12,68,High,Low,No,6,52,Low,Yes,5,High,High,Public,Neutral,3,No,College,Near,Male,63,11-15 hours,3,60-69%,1,1+ sessions,Within 0-100
3338,19,90,High,High,No,8,85,Medium,Yes,2,Medium,Medium,Public,Neutral,4,No,College,Near,Male,72,16+ hours,4,90-100%,4,1+ sessions,Within 0-100
3339,23,65,Low,Medium,Yes,6,81,Low,Yes,2,Low,Medium,Public,Neutral,2,No,High School,Near,Female,63,16+ hours,4,60-69%,1,1+ sessions,Within 0-100
3340,31,64,High,Medium,No,10,97,Low,Yes,2,Medium,Medium,Private,Negative,4,No,High School,Far,Female,67,16+ hours,4,60-69%,1,1+ sessions,Within 0-100
3341,24,88,Low,Medium,Yes,5,70,Medium,No,1,Low,Medium,Private,Positive,2,No,Postgraduate,Near,Male,68,16+ hours,4,80-89%,3,1+ sessions,Within 0-100
3342,19,68,Low,High,Yes,8,72,High,Yes,2,Low,High,Private,Neutral,3,No,College,Far,Male,64,16+ hours,4,60-69%,1,1+ sessions,Within 0-100
3343,14,72,Medium,High,No,9,53,Medium,Yes,4,Medium,Medium,Public,Negative,3,No,Postgraduate,Near,Male,65,11-15 hours,3,70-79%,2,1+ sessions,Within 0-100
3344,27,79,Medium,Low,Yes,5,58,High,Yes,2,Medium,Medium,Private,Neutral,1,No,Postgraduate,Far,Female,68,16+ hours,4,70-79%,2,1+ sessions,Within 0-100
3345,14,78,Medium,High,Yes,8,85,Medium,Yes,2,Low,Medium,Private,Negative,4,No,High School,Near,Male,66,11-15 hours,3,70-79%,2,1+ sessions,Within 0-100
3346,30,88,Medium,Medium,Yes,6,62,High,Yes,4,Low,Medium,Private,Positive,5,No,College,Far,Female,73,16+ hours,4,80-89%,3,1+ sessions,Within 0-100
3347,18,85,Low,Medium,Yes,10,89,Medium,Yes,1,High,Medium,Private,Positive,3,No,High School,Near,Female,68,16+ hours,4,80-89%,3,1+ sessions,Within 0-100
3348,30,86,Medium,High,No,4,85,High,Yes,2,Medium,Medium,Private,Neutral,5,Yes,Postgraduate,Far,Male,72,16+ hours,4,80-89%,3,1+ sessions,Within 0-100
3349,24,89,Medium,Medium,Yes,5,87,Medium,No,3,High,Medium,Public,Neutral,0,No,High School,Near,Female,70,16+ hours,4,80-89%,3,1+ sessions,Within 0-100
3350,19,72,Medium,Medium,Yes,5,85,High,Yes,1,Low,Medium,Private,Neutral,4,No,College,Near,Female,66,16+ hours,4,70-79%,2,1+ sessions,Within 0-100
3351,17,73,Low,Medium,Yes,5,85,High,Yes,3,Medium,Medium,Public,Positive,1,No,College,Near,Female,66,16+ hours,4,70-79%,2,1+ sessions,Within 0-100
3352,18,78,Low,Low,Yes,8,77,Medium,Yes,2,Medium,High,Private,Neutral,4,No,College,Near,Female,66,16+ hours,4,70-79%,2,1+ sessions,Within 0-100
3353,23,72,High,Low,Yes,10,84,Low,Yes,2,Low,Medium,Public,Negative,2,No,High School,Moderate,Male,65,16+ hours,4,70-79%,2,1+ sessions,Within 0-100
3354,20,99,High,Low,Yes,9,76,High,Yes,2,Low,Medium,Public,Neutral,5,No,College,Far,Male,71,16+ hours,4,90-100%,4,1+ sessions,Within 0-100
3355,16,93,Low,Medium,Yes,7,60,Medium,Yes,1,Medium,Medium,Public,Positive,1,No,High School,Moderate,Female,66,16+ hours,4,90-100%,4,1+ sessions,Within 0-100
3356,19,67,Medium,Low,No,7,61,High,Yes,1,Medium,Unknown,Private,Neutral,4,No,College,Moderate,Female,63,16+ hours,4,60-69%,1,1+ sessions,Within 0-100
3357,20,60,Medium,Medium,Yes,6,70,Medium,Yes,2,Low,Medium,Public,Neutral,3,Yes,Postgraduate,Near,Female,63,16+ hours,4,60-69%,1,1+ sessions,Within 0-100
3358,7,62,High,Medium,Yes,8,51,Low,Yes,0,Medium,Low,Public,Positive,3,No,College,Moderate,Male,58,6-10 hours,2,60-69%,1,No tutoring,Within 0-100
3359,23,70,Medium,High,No,7,94,Low,Yes,3,Medium,High,Public,Neutral,3,No,Unknown,Near,Female,68,16+ hours,4,70-79%,2,1+ sessions,Within 0-100
3360,14,65,High,Medium,No,7,63,Medium,Yes,2,Low,Medium,Public,Neutral,3,No,High School,Moderate,Male,61,11-15 hours,3,60-69%,1,1+ sessions,Within 0-100
3361,13,81,Medium,High,No,6,53,Low,Yes,2,Low,Medium,Public,Positive,4,No,High School,Near,Male,65,11-15 hours,3,80-89%,3,1+ sessions,Within 0-100
3362,10,94,High,Low,No,5,71,Medium,Yes,1,High,Medium,Public,Positive,3,No,High School,Moderate,Male,67,6-10 hours,2,90-100%,4,1+ sessions,Within 0-100
3363,9,89,Low,High,Yes,7,91,Medium,Yes,1,High,Low,Public,Neutral,3,No,Postgraduate,Near,Male,67,6-10 hours,2,80-89%,3,1+ sessions,Within 0-100
3364,12,69,High,Low,No,7,70,Medium,Yes,1,Medium,Medium,Private,Positive,4,No,High School,Near,Male,62,11-15 hours,3,60-69%,1,1+ sessions,Within 0-100
3365,16,76,Medium,High,Yes,6,63,High,Yes,0,Low,Medium,Public,Positive,1,No,High School,Near,Female,86,16+ hours,4,70-79%,2,No tutoring,Within 0-100
3366,32,80,High,Medium,No,6,77,Low,Yes,0,Medium,Medium,Public,Neutral,5,No,College,Near,Male,71,16+ hours,4,80-89%,3,No tutoring,Within 0-100
3367,17,92,Medium,Medium,Yes,8,79,Medium,Yes,1,Low,Medium,Public,Positive,3,No,Postgraduate,Near,Male,70,16+ hours,4,90-100%,4,1+ sessions,Within 0-100
3368,21,94,Medium,Medium,No,8,88,Medium,Yes,1,Medium,Medium,Public,Positive,3,No,College,Near,Male,71,16+ hours,4,90-100%,4,1+ sessions,Within 0-100
3369,22,96,High,Low,No,10,90,High,Yes,2,Low,Medium,Public,Neutral,3,Yes,College,Moderate,Male,71,16+ hours,4,90-100%,4,1+ sessions,Within 0-100
3370,21,80,High,High,Yes,9,85,Low,Yes,1,High,Medium,Public,Negative,3,No,College,Near,Female,70,16+ hours,4,80-89%,3,1+ sessions,Within 0-100
3371,20,88,Medium,High,Yes,5,50,Medium,No,2,Low,Medium,Public,Neutral,5,No,High School,Moderate,Male,67,16+ hours,4,80-89%,3,1+ sessions,Within 0-100
3372,13,64,Medium,Low,Yes,7,50,High,Yes,0,Medium,Low,Public,Positive,4,No,High School,Near,Male,60,11-15 hours,3,60-69%,1,No tutoring,Within 0-100
3373,29,83,High,High,No,5,99,Medium,Yes,0,Medium,High,Public,Neutral,4,No,College,Near,Female,73,16+ hours,4,80-89%,3,No tutoring,Within 0-100
3374,31,70,High,Low,Yes,4,63,High,Yes,1,Medium,Medium,Public,Neutral,2,Yes,High School,Near,Female,67,16+ hours,4,70-79%,2,1+ sessions,Within 0-100
3375,10,77,Low,High,Yes,10,64,High,Yes,1,Low,Medium,Private,Negative,3,Yes,College,Near,Female,62,6-10 hours,2,70-79%,2,1+ sessions,Within 0-100
3376,14,85,Medium,High,No,9,87,High,Yes,0,Medium,Medium,Public,Negative,3,No,College,Near,Female,67,11-15 hours,3,80-89%,3,No tutoring,Within 0-100
3377,18,70,High,Low,No,6,79,Medium,Yes,1,Medium,High,Public,Positive,2,No,College,Near,Female,65,16+ hours,4,70-79%,2,1+ sessions,Within 0-100
3378,14,62,Medium,Medium,No,9,73,Medium,Yes,1,Low,Medium,Public,Neutral,6,No,High School,Near,Male,61,11-15 hours,3,60-69%,1,1+ sessions,Within 0-100
3379,23,60,High,Medium,Yes,9,56,Low,No,0,Low,Medium,Private,Negative,4,No,High School,Moderate,Female,61,16+ hours,4,60-69%,1,No tutoring,Within 0-100
3380,16,61,High,Medium,No,4,54,Low,Yes,1,Low,Medium,Private,Neutral,2,No,High School,Near,Female,60,16+ hours,4,60-69%,1,1+ sessions,Within 0-100
3381,33,60,High,High,No,8,85,Low,Yes,4,Low,Low,Public,Negative,3,No,High School,Near,Male,68,16+ hours,4,60-69%,1,1+ sessions,Within 0-100
3382,27,64,High,Medium,Yes,6,56,Low,Yes,0,Low,High,Public,Neutral,5,No,College,Moderate,Female,65,16+ hours,4,60-69%,1,No tutoring,Within 0-100
3383,21,70,High,High,Yes,8,72,Low,Yes,3,Medium,Low,Public,Neutral,1,No,Postgraduate,Moderate,Female,67,16+ hours,4,70-79%,2,1+ sessions,Within 0-100
3384,26,69,High,Low,No,10,87,Low,Yes,2,Medium,Low,Public,Positive,2,No,Postgraduate,Near,Male,67,16+ hours,4,60-69%,1,1+ sessions,Within 0-100
3385,27,99,High,Medium,No,9,96,Low,Yes,0,High,Medium,Private,Positive,2,No,College,Moderate,Male,74,16+ hours,4,90-100%,4,No tutoring,Within 0-100
3386,17,72,Low,Medium,No,7,94,Low,Yes,4,Medium,Medium,Public,Positive,2,No,High School,Far,Female,64,16+ hours,4,70-79%,2,1+ sessions,Within 0-100
3387,15,65,Medium,High,Yes,9,93,Low,Yes,2,Low,Low,Private,Neutral,3,No,College,Near,Male,64,11-15 hours,3,60-69%,1,1+ sessions,Within 0-100
3388,20,82,Medium,Low,Yes,4,68,Medium,Yes,2,Low,High,Public,Neutral,3,No,High School,Near,Male,67,16+ hours,4,80-89%,3,1+ sessions,Within 0-100
3389,25,94,High,High,No,8,96,High,Yes,6,Medium,Medium,Public,Negative,3,Yes,High School,Far,Female,74,16+ hours,4,90-100%,4,1+ sessions,Within 0-100
3390,21,87,Medium,Medium,Yes,8,84,High,Yes,1,Low,Low,Private,Positive,2,No,College,Near,Male,69,16+ hours,4,80-89%,3,1+ sessions,Within 0-100
3391,11,72,Low,Medium,No,8,94,High,Yes,1,Low,Low,Public,Positive,2,No,High School,Near,Male,62,11-15 hours,3,70-79%,2,1+ sessions,Within 0-100
3392,15,82,Medium,Medium,Yes,6,54,Medium,Yes,1,Medium,Medium,Public,Positive,2,No,College,Unknown,Female,66,11-15 hours,3,80-89%,3,1+ sessions,Within 0-100
3393,20,89,High,High,Yes,8,52,Low,Yes,2,Medium,Medium,Public,Negative,3,No,College,Moderate,Female,69,16+ hours,4,80-89%,3,1+ sessions,Within 0-100
3394,20,89,High,Medium,Yes,8,71,Medium,Yes,1,Medium,Medium,Public,Negative,1,No,Postgraduate,Far,Male,68,16+ hours,4,80-89%,3,1+ sessions,Within 0-100
3395,32,87,High,Medium,Yes,4,91,Medium,Yes,2,High,Medium,Public,Neutral,2,No,High School,Moderate,Female,74,16+ hours,4,80-89%,3,1+ sessions,Within 0-100
3396,12,95,Medium,Medium,No,7,70,Medium,Yes,4,Medium,High,Public,Positive,3,No,High School,Far,Male,68,11-15 hours,3,90-100%,4,1+ sessions,Within 0-100
3397,23,95,Medium,Medium,Yes,6,94,High,Yes,2,Medium,Medium,Public,Neutral,3,No,High School,Near,Male,73,16+ hours,4,90-100%,4,1+ sessions,Within 0-100
3398,29,83,Medium,Low,No,8,62,Low,Yes,4,High,Medium,Public,Negative,5,No,College,Near,Male,70,16+ hours,4,80-89%,3,1+ sessions,Within 0-100
3399,34,77,Medium,High,No,9,52,Medium,Yes,0,Medium,Medium,Private,Neutral,4,No,High School,Moderate,Female,69,16+ hours,4,70-79%,2,No tutoring,Within 0-100
3400,18,86,Medium,Medium,Yes,6,88,Medium,Yes,2,Medium,High,Public,Neutral,2,No,College,Far,Male,68,16+ hours,4,80-89%,3,1+ sessions,Within 0-100
3401,23,93,Medium,High,No,5,81,High,Yes,2,Low,Medium,Private,Negative,1,No,College,Near,Male,71,16+ hours,4,90-100%,4,1+ sessions,Within 0-100
3402,23,60,Low,Medium,No,7,72,Low,Yes,3,High,Medium,Public,Neutral,2,No,College,Near,Female,64,16+ hours,4,60-69%,1,1+ sessions,Within 0-100
3403,21,100,Medium,Medium,No,5,92,Low,Yes,3,Low,Low,Public,Positive,3,Yes,Postgraduate,Near,Male,71,16+ hours,4,90-100%,4,1+ sessions,Within 0-100
3404,19,67,Medium,Medium,No,7,91,Medium,Yes,1,Low,High,Public,Neutral,3,No,High School,Near,Female,65,16+ hours,4,60-69%,1,1+ sessions,Within 0-100
3405,23,79,Low,Medium,Yes,7,66,High,Yes,1,High,Medium,Private,Positive,3,No,Postgraduate,Near,Male,68,16+ hours,4,70-79%,2,1+ sessions,Within 0-100
3406,5,95,Medium,High,Yes,8,92,Low,Yes,1,Low,High,Private,Neutral,2,No,College,Near,Female,67,1-5 hours,1,90-100%,4,1+ sessions,Within 0-100
3407,24,69,Medium,High,Yes,7,67,Medium,Yes,2,Medium,High,Public,Negative,4,No,Postgraduate,Far,Male,67,16+ hours,4,60-69%,1,1+ sessions,Within 0-100
3408,21,79,Medium,Low,Yes,7,81,Low,Yes,2,Medium,Medium,Public,Neutral,4,No,High School,Near,Male,67,16+ hours,4,70-79%,2,1+ sessions,Within 0-100
3409,19,65,Medium,High,Yes,9,60,Low,Yes,1,Low,Medium,Public,Neutral,3,No,Postgraduate,Moderate,Male,63,16+ hours,4,60-69%,1,1+ sessions,Within 0-100
3410,32,76,Medium,Medium,No,7,63,Medium,Yes,0,Medium,Low,Public,Positive,3,No,High School,Near,Female,68,16+ hours,4,70-79%,2,No tutoring,Within 0-100
3411,16,67,High,High,Yes,6,72,Medium,Yes,1,Low,High,Public,Positive,3,No,Postgraduate,Near,Female,66,16+ hours,4,60-69%,1,1+ sessions,Within 0-100
3412,18,75,Medium,Medium,Yes,7,66,High,Yes,1,High,High,Public,Positive,4,No,High School,Near,Male,67,16+ hours,4,70-79%,2,1+ sessions,Within 0-100
3413,32,75,Medium,Low,Yes,6,56,Medium,Yes,3,Medium,Medium,Public,Neutral,2,No,College,Moderate,Female,68,16+ hours,4,70-79%,2,1+ sessions,Within 0-100
3414,15,100,High,Medium,Yes,5,74,Medium,Yes,2,High,Medium,Private,Neutral,3,No,Postgraduate,Near,Male,72,11-15 hours,3,90-100%,4,1+ sessions,Within 0-100
3415,17,100,Medium,Medium,No,5,76,Low,Yes,3,Low,High,Private,Neutral,3,No,Postgraduate,Moderate,Female,70,16+ hours,4,90-100%,4,1+ sessions,Within 0-100
3416,19,65,Low,High,No,9,58,Low,Yes,3,Medium,Medium,Public,Negative,4,No,High School,Moderate,Female,62,16+ hours,4,60-69%,1,1+ sessions,Within 0-100
3417,25,89,Medium,Low,Yes,6,59,Medium,Yes,2,Low,Medium,Public,Neutral,2,No,College,Near,Female,69,16+ hours,4,80-89%,3,1+ sessions,Within 0-100
3418,21,62,Medium,Low,Yes,7,51,Low,Yes,0,Low,Medium,Private,Positive,4,No,High School,Near,Female,61,16+ hours,4,60-69%,1,No tutoring,Within 0-100
3419,12,61,Medium,Low,Yes,7,52,Low,Yes,2,Low,Medium,Public,Positive,2,No,High School,Moderate,Female,58,11-15 hours,3,60-69%,1,1+ sessions,Within 0-100
3420,17,64,Low,Medium,No,7,68,Medium,Yes,5,Medium,Medium,Private,Neutral,3,No,High School,Near,Male,63,16+ hours,4,60-69%,1,1+ sessions,Within 0-100
3421,16,99,High,Medium,No,9,57,High,No,4,Medium,Medium,Public,Positive,3,No,College,Near,Female,71,16+ hours,4,90-100%,4,1+ sessions,Within 0-100
3422,20,98,Low,Medium,Yes,7,96,Low,No,1,Low,High,Public,Positive,3,No,College,Near,Female,70,16+ hours,4,90-100%,4,1+ sessions,Within 0-100
3423,23,68,High,Medium,No,6,60,Medium,Yes,1,Low,Medium,Public,Neutral,3,No,High School,Near,Female,64,16+ hours,4,60-69%,1,1+ sessions,Within 0-100
3424,23,66,High,Low,No,6,53,Low,Yes,2,Medium,Medium,Public,Positive,1,No,College,Far,Male,63,16+ hours,4,60-69%,1,1+ sessions,Within 0-100
3425,9,70,High,Medium,Yes,8,70,Low,Yes,1,Medium,Medium,Public,Positive,3,No,College,Near,Male,63,6-10 hours,2,70-79%,2,1+ sessions,Within 0-100
3426,26,81,High,Low,No,8,60,High,Yes,2,Low,High,Public,Positive,5,No,Postgraduate,Near,Female,71,16+ hours,4,80-89%,3,1+ sessions,Within 0-100
3427,22,83,Low,High,Yes,8,53,Medium,No,0,Low,Low,Public,Negative,2,No,Postgraduate,Near,Female,65,16+ hours,4,80-89%,3,No tutoring,Within 0-100
3428,28,69,High,High,No,7,88,Low,Yes,2,Low,Medium,Public,Neutral,2,No,High School,Moderate,Male,68,16+ hours,4,60-69%,1,1+ sessions,Within 0-100
3429,23,90,Medium,High,Yes,5,78,High,No,1,Medium,Medium,Private,Neutral,3,No,High School,Moderate,Male,70,16+ hours,4,90-100%,4,1+ sessions,Within 0-100
3430,27,72,High,High,Yes,8,53,Medium,Yes,3,Medium,Low,Public,Neutral,3,No,High School,Far,Female,68,16+ hours,4,70-79%,2,1+ sessions,Within 0-100
3431,23,97,Medium,High,No,7,73,Medium,No,3,Low,Medium,Private,Negative,1,No,High School,Moderate,Male,69,16+ hours,4,90-100%,4,1+ sessions,Within 0-100
3432,28,86,Medium,Medium,Yes,7,52,Medium,Yes,0,Medium,Medium,Public,Positive,5,No,College,Near,Male,70,16+ hours,4,80-89%,3,No tutoring,Within 0-100
3433,23,77,High,Medium,No,5,68,Low,Yes,0,High,High,Private,Positive,3,Yes,High School,Near,Male,67,16+ hours,4,70-79%,2,No tutoring,Within 0-100
3434,19,92,Low,High,Yes,6,68,Medium,Yes,2,Medium,Medium,Public,Neutral,2,No,High School,Near,Female,69,16+ hours,4,90-100%,4,1+ sessions,Within 0-100
3435,34,93,Low,Medium,No,6,91,Low,Yes,2,High,Medium,Public,Neutral,3,No,Unknown,Moderate,Female,73,16+ hours,4,90-100%,4,1+ sessions,Within 0-100
3436,25,72,Medium,Medium,Yes,8,87,Low,Yes,3,Medium,Low,Public,Positive,3,No,Postgraduate,Moderate,Male,68,16+ hours,4,70-79%,2,1+ sessions,Within 0-100
3437,23,74,High,Medium,No,8,95,Medium,Yes,2,Low,Medium,Public,Negative,2,No,College,Far,Female,67,16+ hours,4,70-79%,2,1+ sessions,Within 0-100
3438,12,97,Medium,High,Yes,7,57,Low,Yes,0,Low,Medium,Private,Positive,4,No,College,Moderate,Female,67,11-15 hours,3,90-100%,4,No tutoring,Within 0-100
3439,12,67,Medium,High,Yes,8,77,Medium,Yes,2,Low,High,Private,Positive,3,No,College,Near,Male,64,11-15 hours,3,60-69%,1,1+ sessions,Within 0-100
3440,22,62,High,Medium,No,9,51,Medium,Yes,2,Low,Medium,Public,Neutral,2,No,High School,Near,Male,63,16+ hours,4,60-69%,1,1+ sessions,Within 0-100
3441,21,78,Low,High,No,8,91,Medium,No,1,Medium,Low,Private,Negative,5,No,Postgraduate,Near,Female,67,16+ hours,4,70-79%,2,1+ sessions,Within 0-100
3442,16,92,Medium,High,Yes,8,68,Medium,Yes,1,Medium,High,Public,Positive,2,No,High School,Near,Male,70,16+ hours,4,90-100%,4,1+ sessions,Within 0-100
3443,21,91,High,Medium,Yes,6,53,High,Yes,1,Medium,Medium,Public,Positive,3,No,Postgraduate,Near,Female,71,16+ hours,4,90-100%,4,1+ sessions,Within 0-100
3444,30,97,Medium,High,Yes,6,66,High,Yes,1,Medium,Medium,Private,Neutral,2,No,College,Near,Male,74,16+ hours,4,90-100%,4,1+ sessions,Within 0-100
3445,24,81,Medium,High,Yes,9,64,High,Yes,2,High,Low,Public,Positive,3,No,High School,Near,Male,70,16+ hours,4,80-89%,3,1+ sessions,Within 0-100
3446,13,64,Low,Low,No,6,88,Medium,Yes,1,Medium,Medium,Public,Neutral,2,No,College,Moderate,Female,59,11-15 hours,3,60-69%,1,1+ sessions,Within 0-100
3447,19,84,Low,Medium,Yes,8,56,Medium,Yes,0,Low,Medium,Private,Neutral,3,Yes,High School,Near,Male,64,16+ hours,4,80-89%,3,No tutoring,Within 0-100
3448,15,91,Low,Medium,No,10,78,Low,Yes,2,Medium,High,Public,Neutral,3,No,High School,Near,Female,67,11-15 hours,3,90-100%,4,1+ sessions,Within 0-100
3449,18,64,Medium,Medium,Yes,8,90,Medium,Yes,1,Low,Medium,Public,Neutral,3,No,High School,Near,Male,63,16+ hours,4,60-69%,1,1+ sessions,Within 0-100
3450,18,67,Low,High,Yes,7,87,Medium,Yes,5,Low,Low,Public,Positive,2,No,College,Near,Male,66,16+ hours,4,60-69%,1,1+ sessions,Within 0-100
3451,17,60,Medium,Medium,Yes,5,97,Medium,Yes,1,Medium,Medium,Private,Negative,4,No,College,Far,Male,62,16+ hours,4,60-69%,1,1+ sessions,Within 0-100
3452,12,84,Low,Medium,No,7,50,Medium,Yes,3,High,High,Public,Neutral,3,No,High School,Near,Male,65,11-15 hours,3,80-89%,3,1+ sessions,Within 0-100
3453,19,95,High,High,Yes,9,68,Medium,Yes,3,High,Medium,Public,Positive,4,No,College,Far,Male,73,16+ hours,4,90-100%,4,1+ sessions,Within 0-100
3454,17,87,High,High,Yes,7,68,High,Yes,1,Medium,High,Public,Positive,2,No,High School,Near,Male,70,16+ hours,4,80-89%,3,1+ sessions,Within 0-100
3455,2,99,Medium,Low,Yes,9,52,Low,Yes,0,Medium,Medium,Public,Neutral,4,No,High School,Near,Male,62,1-5 hours,1,90-100%,4,No tutoring,Within 0-100
3456,32,63,Medium,High,No,8,91,Medium,No,2,High,Low,Public,Positive,5,Yes,High School,Near,Female,68,16+ hours,4,60-69%,1,1+ sessions,Within 0-100
3457,27,96,High,Low,Yes,7,84,Medium,Yes,1,High,Medium,Public,Neutral,3,No,College,Near,Male,74,16+ hours,4,90-100%,4,1+ sessions,Within 0-100
3458,18,93,Medium,Medium,No,7,76,Low,Yes,2,Medium,Medium,Private,Neutral,4,No,High School,Near,Female,96,16+ hours,4,90-100%,4,1+ sessions,Within 0-100
3459,20,73,High,High,No,5,70,High,Yes,1,Low,High,Public,Negative,2,No,High School,Moderate,Male,66,16+ hours,4,70-79%,2,1+ sessions,Within 0-100
3460,13,99,Low,High,Yes,6,95,Medium,No,0,Low,Medium,Public,Positive,4,No,Postgraduate,Near,Male,69,11-15 hours,3,90-100%,4,No tutoring,Within 0-100
3461,30,72,High,High,Yes,6,63,Medium,Yes,1,Low,Medium,Public,Neutral,3,No,Postgraduate,Near,Female,70,16+ hours,4,70-79%,2,1+ sessions,Within 0-100
3462,31,96,Medium,Low,Yes,8,67,Medium,Yes,2,Medium,Medium,Private,Neutral,3,No,College,Near,Male,73,16+ hours,4,90-100%,4,1+ sessions,Within 0-100
3463,21,95,Low,Low,No,7,98,Low,Yes,1,Low,High,Public,Positive,2,No,High School,Near,Male,69,16+ hours,4,90-100%,4,1+ sessions,Within 0-100
3464,26,90,High,High,Yes,9,53,Medium,Yes,1,Low,Medium,Private,Neutral,4,No,High School,Far,Male,71,16+ hours,4,90-100%,4,1+ sessions,Within 0-100
3465,21,83,High,Low,Yes,7,89,Low,No,0,Low,Low,Public,Neutral,2,No,College,Moderate,Female,65,16+ hours,4,80-89%,3,No tutoring,Within 0-100
3466,12,65,Medium,Low,Yes,6,86,Medium,Yes,1,Medium,Medium,Public,Positive,3,No,Postgraduate,Near,Female,62,11-15 hours,3,60-69%,1,1+ sessions,Within 0-100
3467,18,81,High,High,No,6,95,Low,Yes,1,Medium,Unknown,Public,Positive,3,No,High School,Near,Male,69,16+ hours,4,80-89%,3,1+ sessions,Within 0-100
3468,21,74,Low,Medium,No,6,55,High,Yes,3,Low,Medium,Public,Positive,2,No,College,Near,Male,65,16+ hours,4,70-79%,2,1+ sessions,Within 0-100
3469,17,92,Medium,Medium,No,7,99,Medium,Yes,1,Medium,Medium,Public,Neutral,2,No,College,Far,Female,68,16+ hours,4,90-100%,4,1+ sessions,Within 0-100
3470,19,90,Low,Low,Yes,6,51,High,Yes,1,Low,Medium,Public,Negative,3,Yes,Postgraduate,Near,Male,65,16+ hours,4,90-100%,4,1+ sessions,Within 0-100
3471,19,96,Medium,High,Yes,5,67,Medium,Yes,4,High,Medium,Private,Neutral,1,No,High School,Moderate,Male,72,16+ hours,4,90-100%,4,1+ sessions,Within 0-100
3472,20,61,High,High,Yes,9,54,Medium,Yes,2,High,Medium,Private,Positive,4,No,Postgraduate,Near,Male,67,16+ hours,4,60-69%,1,1+ sessions,Within 0-100
3473,20,92,Medium,Low,No,7,53,Medium,Yes,2,Medium,High,Private,Positive,2,No,College,Far,Male,68,16+ hours,4,90-100%,4,1+ sessions,Within 0-100
3474,14,98,Low,Medium,No,7,98,Medium,No,0,Medium,High,Public,Positive,3,No,High School,Near,Male,68,11-15 hours,3,90-100%,4,No tutoring,Within 0-100
3475,16,92,Medium,Medium,No,6,86,Low,No,2,Medium,Medium,Private,Neutral,3,Yes,College,Near,Female,66,16+ hours,4,90-100%,4,1+ sessions,Within 0-100
3476,12,65,Medium,High,Yes,5,75,High,Yes,0,High,Medium,Private,Negative,2,No,High School,Moderate,Male,62,11-15 hours,3,60-69%,1,No tutoring,Within 0-100
3477,26,63,Medium,Medium,Yes,7,55,Medium,Yes,2,Medium,High,Public,Neutral,4,No,High School,Far,Male,65,16+ hours,4,60-69%,1,1+ sessions,Within 0-100
3478,7,61,Low,High,Yes,4,76,High,Yes,1,Medium,Medium,Private,Positive,5,No,High School,Far,Female,60,6-10 hours,2,60-69%,1,1+ sessions,Within 0-100
3479,27,85,High,Medium,Yes,8,66,Medium,Yes,2,Low,High,Private,Neutral,4,Yes,High School,Moderate,Male,70,16+ hours,4,80-89%,3,1+ sessions,Within 0-100
3480,28,85,Medium,Medium,Yes,6,64,Low,Yes,1,Low,Medium,Public,Neutral,1,No,High School,Moderate,Male,68,16+ hours,4,80-89%,3,1+ sessions,Within 0-100
3481,18,99,Medium,High,Yes,7,81,Low,Yes,1,Medium,Medium,Public,Neutral,3,No,Postgraduate,Near,Male,72,16+ hours,4,90-100%,4,1+ sessions,Within 0-100
3482,4,76,Medium,Medium,Yes,8,90,Medium,Yes,2,High,Medium,Public,Positive,2,No,High School,Moderate,Female,63,1-5 hours,1,70-79%,2,1+ sessions,Within 0-100
3483,18,73,Medium,High,Yes,7,72,Low,Yes,1,Medium,Medium,Private,Neutral,1,Yes,High School,Moderate,Male,63,16+ hours,4,70-79%,2,1+ sessions,Within 0-100
3484,20,85,Low,Medium,Yes,5,75,Low,Yes,1,Medium,Medium,Public,Neutral,2,No,College,Near,Male,67,16+ hours,4,80-89%,3,1+ sessions,Within 0-100
3485,14,93,Medium,Low,Yes,9,83,Low,Yes,4,Medium,Medium,Public,Neutral,2,No,Postgraduate,Unknown,Female,68,11-15 hours,3,90-100%,4,1+ sessions,Within 0-100
3486,17,97,Medium,Medium,No,5,56,Low,Yes,2,High,Medium,Public,Positive,3,No,High School,Near,Female,69,16+ hours,4,90-100%,4,1+ sessions,Within 0-100
3487,29,92,High,Medium,Yes,4,91,Low,Yes,1,High,High,Public,Neutral,4,No,High School,Near,Female,75,16+ hours,4,90-100%,4,1+ sessions,Within 0-100
3488,24,77,Low,Medium,No,8,92,High,Yes,0,High,Medium,Public,Neutral,3,No,High School,Moderate,Male,67,16+ hours,4,70-79%,2,No tutoring,Within 0-100
3489,14,85,High,High,Yes,5,77,Medium,Yes,2,Low,High,Public,Positive,3,No,High School,Near,Male,69,11-15 hours,3,80-89%,3,1+ sessions,Within 0-100
3490,10,94,Low,Medium,No,9,59,Low,Yes,0,Medium,Medium,Public,Positive,2,No,Postgraduate,Near,Male,65,6-10 hours,2,90-100%,4,No tutoring,Within 0-100
3491,18,80,Low,High,Yes,8,75,Medium,No,2,Medium,Medium,Public,Negative,4,No,High School,Near,Male,65,16+ hours,4,80-89%,3,1+ sessions,Within 0-100
3492,19,69,Medium,Medium,Yes,7,55,Low,Yes,1,Low,Medium,Public,Positive,4,No,College,Near,Female,63,16+ hours,4,60-69%,1,1+ sessions,Within 0-100
3493,23,67,Low,Medium,No,6,88,Medium,Yes,2,Medium,Medium,Private,Neutral,4,No,High School,Near,Male,65,16+ hours,4,60-69%,1,1+ sessions,Within 0-100
3494,17,60,Medium,Low,No,6,66,Medium,Yes,0,Low,Medium,Public,Positive,2,No,High School,Far,Female,58,16+ hours,4,60-69%,1,No tutoring,Within 0-100
3495,23,89,High,High,Yes,6,66,Low,Yes,0,Low,High,Private,Positive,3,No,High School,Moderate,Male,70,16+ hours,4,80-89%,3,No tutoring,Within 0-100
3496,32,64,Low,Low,Yes,6,97,Medium,Yes,1,Medium,Low,Public,Neutral,5,No,College,Moderate,Male,66,16+ hours,4,60-69%,1,1+ sessions,Within 0-100
3497,25,70,Medium,Low,No,9,71,Medium,No,2,Low,Medium,Public,Negative,2,No,College,Near,Female,63,16+ hours,4,70-79%,2,1+ sessions,Within 0-100
3498,20,72,Medium,Low,Yes,6,89,Low,Yes,1,Low,Medium,Private,Negative,3,No,High School,Far,Male,62,16+ hours,4,70-79%,2,1+ sessions,Within 0-100
3499,19,82,Medium,Medium,Yes,8,82,High,Yes,2,Medium,Medium,Private,Positive,3,No,College,Moderate,Female,69,16+ hours,4,80-89%,3,1+ sessions,Within 0-100
3500,18,76,Medium,Medium,No,9,66,High,Yes,1,High,High,Public,Positive,3,No,High School,Near,Female,66,16+ hours,4,70-79%,2,1+ sessions,Within 0-100
3501,27,87,High,Low,No,6,56,Medium,Yes,0,Low,High,Public,Neutral,2,No,High School,Moderate,Male,68,16+ hours,4,80-89%,3,No tutoring,Within 0-100
3502,16,62,Low,Medium,Yes,8,90,Low,Yes,2,High,Medium,Public,Neutral,2,No,Postgraduate,Far,Male,62,16+ hours,4,60-69%,1,1+ sessions,Within 0-100
3503,20,65,High,Medium,No,6,88,Medium,Yes,0,Medium,High,Public,Negative,4,Yes,High School,Near,Male,64,16+ hours,4,60-69%,1,No tutoring,Within 0-100
3504,20,80,Medium,High,Yes,7,58,Low,No,0,Medium,Medium,Public,Neutral,2,No,College,Near,Female,65,16+ hours,4,80-89%,3,No tutoring,Within 0-100
3505,17,73,Medium,High,Yes,6,62,Low,Yes,2,Low,Medium,Private,Negative,3,No,College,Far,Male,64,16+ hours,4,70-79%,2,1+ sessions,Within 0-100
3506,12,72,Medium,Medium,No,6,88,High,Yes,2,High,Medium,Public,Positive,3,No,High School,Near,Female,65,11-15 hours,3,70-79%,2,1+ sessions,Within 0-100
3507,22,63,Medium,Medium,Yes,7,99,Low,Yes,3,Medium,Medium,Private,Neutral,4,No,High School,Moderate,Male,65,16+ hours,4,60-69%,1,1+ sessions,Within 0-100
3508,20,96,Low,Medium,Yes,5,92,Medium,Yes,0,Medium,Medium,Public,Neutral,3,No,College,Near,Female,70,16+ hours,4,90-100%,4,No tutoring,Within 0-100
3509,23,88,Low,High,No,8,84,High,Yes,2,Medium,Medium,Private,Positive,3,Yes,Postgraduate,Near,Female,71,16+ hours,4,80-89%,3,1+ sessions,Within 0-100
3510,17,65,Medium,Medium,Yes,5,96,Low,Yes,2,Medium,High,Public,Positive,3,No,College,Moderate,Male,65,16+ hours,4,60-69%,1,1+ sessions,Within 0-100
3511,27,63,High,Medium,No,5,64,Medium,No,1,High,High,Public,Positive,4,No,Postgraduate,Near,Male,67,16+ hours,4,60-69%,1,1+ sessions,Within 0-100
3512,15,99,Low,High,Yes,7,50,High,No,4,Low,Medium,Public,Positive,2,No,High School,Moderate,Male,68,11-15 hours,3,90-100%,4,1+ sessions,Within 0-100
3513,30,87,High,High,Yes,6,66,Low,Yes,1,Medium,Medium,Public,Neutral,4,No,High School,Near,Male,73,16+ hours,4,80-89%,3,1+ sessions,Within 0-100
3514,10,77,Medium,High,No,8,99,Medium,Yes,0,Medium,High,Public,Neutral,4,Yes,High School,Near,Male,64,6-10 hours,2,70-79%,2,No tutoring,Within 0-100
3515,23,88,High,High,No,7,94,Low,No,3,Low,Medium,Private,Positive,1,No,High School,Near,Male,71,16+ hours,4,80-89%,3,1+ sessions,Within 0-100
3516,23,90,Medium,High,No,5,53,Medium,Yes,2,Medium,High,Private,Positive,2,No,High School,Near,Female,70,16+ hours,4,90-100%,4,1+ sessions,Within 0-100
3517,15,91,Low,High,No,8,75,Medium,Yes,4,Medium,Medium,Public,Neutral,1,No,High School,Near,Female,68,11-15 hours,3,90-100%,4,1+ sessions,Within 0-100
3518,23,79,High,Medium,Yes,7,54,Medium,Yes,2,Low,Medium,Private,Neutral,4,No,College,Moderate,Female,68,16+ hours,4,70-79%,2,1+ sessions,Within 0-100
3519,28,77,Low,High,Yes,7,89,Medium,Yes,3,Low,Medium,Public,Positive,3,Yes,High School,Far,Male,68,16+ hours,4,70-79%,2,1+ sessions,Within 0-100
3520,7,60,Medium,High,Yes,10,69,Low,Yes,0,Low,Medium,Private,Positive,3,No,College,Moderate,Female,59,6-10 hours,2,60-69%,1,No tutoring,Within 0-100
3521,23,97,Medium,Medium,Yes,9,96,Medium,Yes,2,Medium,High,Private,Neutral,4,No,College,Near,Male,74,16+ hours,4,90-100%,4,1+ sessions,Within 0-100
3522,5,84,Medium,Medium,Yes,7,53,Low,No,1,Low,High,Public,Positive,3,No,Postgraduate,Moderate,Male,62,1-5 hours,1,80-89%,3,1+ sessions,Within 0-100
3523,14,68,High,Low,Yes,5,87,High,Yes,2,Medium,Medium,Public,Positive,3,No,High School,Far,Male,64,11-15 hours,3,60-69%,1,1+ sessions,Within 0-100
3524,30,97,High,High,No,5,70,Medium,Yes,0,High,Medium,Public,Positive,2,No,Postgraduate,Near,Male,76,16+ hours,4,90-100%,4,No tutoring,Within 0-100
3525,17,97,High,Medium,Yes,9,63,Medium,Yes,2,Low,Medium,Public,Positive,2,No,High School,Near,Male,70,16+ hours,4,90-100%,4,1+ sessions,Within 0-100
3526,13,100,High,Medium,No,6,76,Medium,No,0,Low,Low,Public,Positive,5,No,Postgraduate,Near,Male,69,11-15 hours,3,90-100%,4,No tutoring,Within 0-100
3527,19,95,Medium,Medium,Yes,7,74,High,No,0,Low,High,Public,Positive,2,No,Unknown,Near,Female,69,16+ hours,4,90-100%,4,No tutoring,Within 0-100
3528,32,100,Low,High,Yes,5,67,Medium,No,4,Medium,Medium,Public,Positive,3,No,High School,Far,Male,74,16+ hours,4,90-100%,4,1+ sessions,Within 0-100
3529,9,70,High,Medium,No,8,82,Low,No,2,High,High,Public,Negative,2,No,High School,Near,Female,62,6-10 hours,2,70-79%,2,1+ sessions,Within 0-100
3530,14,94,Medium,Medium,No,9,83,High,Yes,2,Low,High,Public,Positive,3,No,Postgraduate,Moderate,Male,70,11-15 hours,3,90-100%,4,1+ sessions,Within 0-100
3531,29,93,Low,Medium,Yes,9,54,Medium,No,4,Low,High,Public,Positive,3,No,High School,Near,Male,71,16+ hours,4,90-100%,4,1+ sessions,Within 0-100
3532,31,69,Medium,Low,Yes,6,80,Low,Yes,4,Medium,Medium,Public,Negative,2,No,College,Near,Male,68,16+ hours,4,60-69%,1,1+ sessions,Within 0-100
3533,19,64,High,Low,Yes,8,86,Low,Yes,3,High,Medium,Private,Neutral,3,No,Postgraduate,Near,Female,66,16+ hours,4,60-69%,1,1+ sessions,Within 0-100
3534,13,99,Low,Medium,No,7,54,High,Yes,3,High,Medium,Public,Negative,3,No,High School,Far,Male,67,11-15 hours,3,90-100%,4,1+ sessions,Within 0-100
3535,33,72,High,Medium,No,8,83,Low,Yes,3,Low,High,Private,Neutral,4,No,High School,Near,Male,71,16+ hours,4,70-79%,2,1+ sessions,Within 0-100
3536,30,95,Medium,Medium,Yes,7,90,Medium,Yes,3,Medium,Medium,Public,Neutral,1,No,High School,Moderate,Male,74,16+ hours,4,90-100%,4,1+ sessions,Within 0-100
3537,24,60,Low,Medium,Yes,6,92,Low,Yes,3,Medium,Medium,Public,Positive,2,No,College,Near,Male,65,16+ hours,4,60-69%,1,1+ sessions,Within 0-100
3538,15,61,High,Low,Yes,9,52,Medium,Yes,1,Medium,Medium,Private,Neutral,3,No,High School,Moderate,Female,60,11-15 hours,3,60-69%,1,1+ sessions,Within 0-100
3539,20,79,High,High,Yes,7,85,Low,Yes,2,Medium,Medium,Public,Neutral,2,No,College,Moderate,Male,69,16+ hours,4,70-79%,2,1+ sessions,Within 0-100
3540,19,70,Medium,Medium,Yes,6,90,Low,Yes,2,Low,Medium,Private,Positive,3,No,High School,Moderate,Male,65,16+ hours,4,70-79%,2,1+ sessions,Within 0-100
3541,22,88,Medium,Low,Yes,7,70,Medium,Yes,3,Low,Medium,Public,Positive,2,No,High School,Near,Female,69,16+ hours,4,80-89%,3,1+ sessions,Within 0-100
3542,29,83,Medium,Low,Yes,6,77,High,Yes,1,Medium,Medium,Public,Neutral,4,No,High School,Near,Male,70,16+ hours,4,80-89%,3,1+ sessions,Within 0-100
3543,25,63,High,Low,Yes,8,63,Medium,Yes,0,Medium,High,Private,Positive,1,Yes,Postgraduate,Near,Female,65,16+ hours,4,60-69%,1,No tutoring,Within 0-100
3544,14,67,Low,Low,Yes,7,66,Low,Yes,0,Low,Medium,Public,Neutral,4,No,High School,Far,Female,57,11-15 hours,3,60-69%,1,No tutoring,Within 0-100
3545,28,76,Medium,Medium,Yes,6,75,Low,Yes,0,Medium,High,Public,Positive,2,No,High School,Near,Female,68,16+ hours,4,70-79%,2,No tutoring,Within 0-100
3546,22,67,High,High,No,10,58,Medium,Yes,2,High,Low,Public,Neutral,3,No,Postgraduate,Near,Male,67,16+ hours,4,60-69%,1,1+ sessions,Within 0-100
3547,24,92,Medium,Medium,No,5,69,Medium,Yes,2,Medium,Medium,Private,Negative,4,No,High School,Near,Female,70,16+ hours,4,90-100%,4,1+ sessions,Within 0-100
3548,29,77,Medium,Medium,Yes,8,65,Medium,Yes,1,Medium,Medium,Public,Neutral,3,No,High School,Near,Male,68,16+ hours,4,70-79%,2,1+ sessions,Within 0-100
3549,13,64,High,High,Yes,7,62,Medium,Yes,1,Low,Medium,Public,Neutral,1,No,College,Moderate,Female,62,11-15 hours,3,60-69%,1,1+ sessions,Within 0-100
3550,20,79,High,Medium,Yes,5,74,Medium,Yes,1,Low,Medium,Public,Neutral,5,No,High School,Far,Male,67,16+ hours,4,70-79%,2,1+ sessions,Within 0-100
3551,17,64,High,High,Yes,6,92,Medium,Yes,0,Medium,Medium,Private,Positive,1,No,Postgraduate,Near,Male,66,16+ hours,4,60-69%,1,No tutoring,Within 0-100
3552,11,65,Medium,Low,Yes,5,62,Medium,Yes,2,Medium,High,Public,Neutral,2,No,College,Far,Female,60,11-15 hours,3,60-69%,1,1+ sessions,Within 0-100
3553,22,70,High,Low,No,10,83,Low,Yes,0,Medium,Unknown,Public,Positive,2,No,College,Moderate,Male,65,16+ hours,4,70-79%,2,No tutoring,Within 0-100
3554,35,94,High,Medium,Yes,7,63,Medium,Yes,1,Low,High,Public,Positive,2,No,College,Near,Female,75,16+ hours,4,90-100%,4,1+ sessions,Within 0-100
3555,9,97,Low,Medium,Yes,7,57,Medium,Yes,4,Medium,High,Public,Neutral,5,No,High School,Far,Female,67,6-10 hours,2,90-100%,4,1+ sessions,Within 0-100
3556,20,93,Medium,High,No,10,97,Medium,Yes,1,Low,Medium,Public,Neutral,2,No,Postgraduate,Moderate,Male,71,16+ hours,4,90-100%,4,1+ sessions,Within 0-100
3557,24,73,Low,Low,Yes,6,82,Medium,Yes,0,Medium,Medium,Public,Negative,2,Yes,High School,Near,Male,63,16+ hours,4,70-79%,2,No tutoring,Within 0-100
3558,21,71,High,Medium,Yes,9,55,Low,Yes,2,High,High,Public,Positive,1,No,Postgraduate,Moderate,Male,67,16+ hours,4,70-79%,2,1+ sessions,Within 0-100
3559,19,82,High,Medium,No,8,82,Low,Yes,2,Low,Medium,Private,Negative,4,No,Postgraduate,Near,Female,68,16+ hours,4,80-89%,3,1+ sessions,Within 0-100
3560,12,89,High,Low,Yes,4,59,Low,Yes,2,Low,High,Public,Negative,4,No,High School,Near,Male,65,11-15 hours,3,80-89%,3,1+ sessions,Within 0-100
3561,21,100,Low,High,No,6,94,Medium,No,1,High,Medium,Public,Positive,3,No,College,Moderate,Female,72,16+ hours,4,90-100%,4,1+ sessions,Within 0-100
3562,15,65,Medium,Medium,No,8,62,Medium,Yes,1,Medium,Medium,Public,Neutral,4,No,High School,Moderate,Female,61,11-15 hours,3,60-69%,1,1+ sessions,Within 0-100
3563,7,62,Low,High,No,7,90,Medium,Yes,1,Medium,Low,Public,Neutral,5,No,College,Moderate,Female,60,6-10 hours,2,60-69%,1,1+ sessions,Within 0-100
3564,27,88,High,High,Yes,7,60,Medium,Yes,2,Low,Medium,Public,Positive,2,No,High School,Near,Female,72,16+ hours,4,80-89%,3,1+ sessions,Within 0-100
3565,26,93,Medium,Medium,Yes,6,78,Medium,Yes,2,Medium,Medium,Public,Neutral,3,No,Postgraduate,Far,Female,72,16+ hours,4,90-100%,4,1+ sessions,Within 0-100
3566,20,94,Low,Medium,Yes,6,96,Medium,Yes,2,Medium,Medium,Private,Negative,3,No,College,Near,Male,70,16+ hours,4,90-100%,4,1+ sessions,Within 0-100
3567,21,87,Low,Medium,No,7,65,High,Yes,2,Medium,Medium,Public,Negative,3,Yes,College,Near,Male,67,16+ hours,4,80-89%,3,1+ sessions,Within 0-100
3568,26,98,Medium,Medium,No,10,54,Medium,Yes,0,Low,High,Private,Neutral,1,No,Postgraduate,Near,Male,71,16+ hours,4,90-100%,4,No tutoring,Within 0-100
3569,21,80,Medium,Low,Yes,6,78,Medium,Yes,0,Medium,Medium,Private,Negative,2,No,Postgraduate,Near,Female,66,16+ hours,4,80-89%,3,No tutoring,Within 0-100
3570,25,97,High,High,No,6,59,Low,Yes,0,Low,High,Public,Positive,2,No,High School,Near,Female,72,16+ hours,4,90-100%,4,No tutoring,Within 0-100
3571,18,99,Medium,Medium,Yes,7,86,Medium,No,1,High,Medium,Public,Neutral,4,No,High School,Moderate,Female,70,16+ hours,4,90-100%,4,1+ sessions,Within 0-100
3572,28,94,Medium,Low,Yes,5,80,Medium,Yes,2,High,Medium,Public,Negative,2,No,High School,Moderate,Female,71,16+ hours,4,90-100%,4,1+ sessions,Within 0-100
3573,22,72,Low,Low,Yes,8,67,High,Yes,2,Medium,Medium,Public,Negative,4,No,College,Far,Male,64,16+ hours,4,70-79%,2,1+ sessions,Within 0-100
3574,21,68,Medium,Medium,Yes,5,85,Medium,No,3,High,Medium,Public,Positive,2,No,College,Moderate,Male,66,16+ hours,4,60-69%,1,1+ sessions,Within 0-100
3575,12,82,High,Low,No,5,62,Low,Yes,2,Medium,Medium,Public,Positive,4,No,High School,Near,Male,64,11-15 hours,3,80-89%,3,1+ sessions,Within 0-100
3576,22,78,Medium,Medium,Yes,5,96,Medium,Yes,0,Low,Medium,Public,Neutral,3,No,High School,Moderate,Male,67,16+ hours,4,70-79%,2,No tutoring,Within 0-100
3577,15,95,Low,Low,No,5,67,High,Yes,3,Medium,Medium,Public,Positive,3,No,High School,Moderate,Female,67,11-15 hours,3,90-100%,4,1+ sessions,Within 0-100
3578,16,64,High,Low,No,9,88,Medium,Yes,1,Medium,High,Public,Positive,3,No,High School,Near,Male,64,16+ hours,4,60-69%,1,1+ sessions,Within 0-100
3579,15,70,Low,Medium,No,8,63,Low,Yes,0,Medium,Medium,Private,Positive,4,No,High School,Moderate,Female,61,11-15 hours,3,70-79%,2,No tutoring,Within 0-100
3580,14,90,High,High,Yes,8,86,Medium,Yes,4,Medium,Medium,Private,Negative,2,No,High School,Near,Female,99,11-15 hours,3,90-100%,4,1+ sessions,Within 0-100
3581,33,64,Medium,Medium,No,8,52,Low,No,3,High,Medium,Public,Positive,4,No,High School,Near,Male,67,16+ hours,4,60-69%,1,1+ sessions,Within 0-100
3582,28,73,Medium,High,Yes,7,65,High,Yes,3,High,High,Public,Positive,3,No,Postgraduate,Near,Male,72,16+ hours,4,70-79%,2,1+ sessions,Within 0-100
3583,32,75,Low,Low,No,7,55,Medium,Yes,1,Medium,Medium,Public,Neutral,4,No,High School,Moderate,Male,66,16+ hours,4,70-79%,2,1+ sessions,Within 0-100
3584,13,85,Low,High,Yes,9,73,High,Yes,3,Medium,High,Public,Positive,2,No,Postgraduate,Moderate,Male,68,11-15 hours,3,80-89%,3,1+ sessions,Within 0-100
3585,20,66,High,Low,No,9,72,Low,Yes,1,Medium,High,Public,Positive,1,No,College,Near,Female,64,16+ hours,4,60-69%,1,1+ sessions,Within 0-100
3586,12,94,High,High,No,5,68,High,Yes,1,High,Medium,Public,Neutral,2,No,High School,Near,Male,69,11-15 hours,3,90-100%,4,1+ sessions,Within 0-100
3587,16,78,Medium,High,No,10,99,Low,Yes,0,Low,Medium,Public,Positive,4,No,High School,Far,Female,65,16+ hours,4,70-79%,2,No tutoring,Within 0-100
3588,14,97,Low,High,No,5,62,Medium,No,1,Medium,Medium,Public,Neutral,4,Yes,Postgraduate,Far,Female,66,11-15 hours,3,90-100%,4,1+ sessions,Within 0-100
3589,27,79,High,High,Yes,6,90,Low,Yes,3,Medium,High,Public,Positive,4,No,High School,Near,Male,73,16+ hours,4,70-79%,2,1+ sessions,Within 0-100
3590,18,71,Medium,Medium,Yes,7,72,Low,Yes,0,Low,Medium,Public,Neutral,4,No,High School,Unknown,Female,63,16+ hours,4,70-79%,2,No tutoring,Within 0-100
3591,26,66,Medium,Medium,Yes,7,67,High,Yes,3,Medium,Medium,Public,Negative,4,No,High School,Moderate,Female,66,16+ hours,4,60-69%,1,1+ sessions,Within 0-100
3592,24,60,Medium,Medium,Yes,10,60,Low,Yes,3,Low,High,Private,Neutral,2,No,Postgraduate,Near,Female,65,16+ hours,4,60-69%,1,1+ sessions,Within 0-100
3593,34,81,Medium,Medium,Yes,9,82,Low,Yes,1,Medium,High,Public,Negative,2,No,High School,Near,Male,71,16+ hours,4,80-89%,3,1+ sessions,Within 0-100
3594,11,64,Medium,Low,Yes,8,67,High,No,1,Medium,Medium,Public,Neutral,2,Yes,College,Near,Male,58,11-15 hours,3,60-69%,1,1+ sessions,Within 0-100
3595,28,76,Medium,Medium,No,9,91,Medium,Yes,0,Low,High,Private,Neutral,3,No,High School,Moderate,Male,68,16+ hours,4,70-79%,2,No tutoring,Within 0-100
3596,27,84,Medium,Medium,No,8,98,Medium,Yes,0,Low,Medium,Public,Neutral,4,No,High School,Moderate,Male,69,16+ hours,4,80-89%,3,No tutoring,Within 0-100
3597,14,71,High,Low,Yes,6,61,Low,Yes,0,Low,Medium,Public,Positive,3,No,Postgraduate,Near,Female,63,11-15 hours,3,70-79%,2,No tutoring,Within 0-100
3598,26,67,Medium,Medium,Yes,8,56,Medium,Yes,1,Medium,Medium,Public,Negative,5,No,College,Near,Female,66,16+ hours,4,60-69%,1,1+ sessions,Within 0-100
3599,22,91,Medium,Medium,Yes,7,66,Medium,No,0,High,High,Public,Negative,3,No,College,Near,Female,69,16+ hours,4,90-100%,4,No tutoring,Within 0-100
3600,19,98,Medium,Low,Yes,6,73,Medium,Yes,3,Low,Medium,Private,Negative,3,No,College,Near,Male,69,16+ hours,4,90-100%,4,1+ sessions,Within 0-100
3601,15,64,High,Medium,No,9,65,Medium,Yes,2,Medium,Medium,Public,Neutral,2,No,High School,Near,Male,63,11-15 hours,3,60-69%,1,1+ sessions,Within 0-100
3602,16,66,Low,High,Yes,7,99,Medium,Yes,1,Low,Medium,Public,Positive,3,No,College,Near,Female,65,16+ hours,4,60-69%,1,1+ sessions,Within 0-100
3603,32,98,Low,High,No,5,89,Medium,Yes,2,High,Low,Private,Positive,3,No,College,Near,Male,76,16+ hours,4,90-100%,4,1+ sessions,Within 0-100
3604,20,62,High,Medium,Yes,6,98,High,Yes,0,High,High,Public,Neutral,3,No,Postgraduate,Near,Male,67,16+ hours,4,60-69%,1,No tutoring,Within 0-100
3605,25,99,Low,Medium,No,8,69,Medium,No,1,Low,High,Public,Positive,3,No,Postgraduate,Moderate,Male,70,16+ hours,4,90-100%,4,1+ sessions,Within 0-100
3606,15,60,Medium,Low,No,9,65,Medium,Yes,1,Medium,High,Public,Negative,5,No,College,Moderate,Male,60,11-15 hours,3,60-69%,1,1+ sessions,Within 0-100
3607,15,95,High,Low,No,8,70,Medium,Yes,2,High,High,Public,Neutral,3,Yes,High School,Near,Female,68,11-15 hours,3,90-100%,4,1+ sessions,Within 0-100
3608,26,72,Medium,Medium,Yes,8,76,Medium,Yes,1,Medium,Medium,Public,Negative,3,No,Postgraduate,Near,Male,68,16+ hours,4,70-79%,2,1+ sessions,Within 0-100
3609,12,98,Low,High,Yes,6,87,Medium,Yes,2,Low,Medium,Private,Neutral,3,No,Postgraduate,Near,Female,70,11-15 hours,3,90-100%,4,1+ sessions,Within 0-100
3610,18,73,Medium,High,Yes,7,94,High,Yes,1,High,Medium,Private,Neutral,3,No,Postgraduate,Moderate,Female,68,16+ hours,4,70-79%,2,1+ sessions,Within 0-100
3611,20,86,High,High,No,7,73,Medium,Yes,3,Low,Low,Public,Neutral,3,Yes,High School,Near,Male,69,16+ hours,4,80-89%,3,1+ sessions,Within 0-100
3612,21,63,Medium,Medium,Yes,7,64,Medium,Yes,0,Low,Medium,Public,Negative,3,No,High School,Near,Female,62,16+ hours,4,60-69%,1,No tutoring,Within 0-100
3613,19,70,High,Low,No,7,66,Medium,Yes,1,High,Low,Private,Neutral,4,No,College,Moderate,Male,64,16+ hours,4,70-79%,2,1+ sessions,Within 0-100
3614,22,91,High,Medium,No,6,85,Low,Yes,2,Medium,Medium,Private,Positive,2,No,High School,Moderate,Female,71,16+ hours,4,90-100%,4,1+ sessions,Within 0-100
3615,24,81,Medium,Medium,Yes,8,78,Medium,Yes,1,Low,Medium,Public,Positive,2,No,High School,Near,Male,68,16+ hours,4,80-89%,3,1+ sessions,Within 0-100
3616,24,97,High,Medium,No,5,74,High,Yes,0,Medium,Low,Public,Neutral,5,No,High School,Near,Female,72,16+ hours,4,90-100%,4,No tutoring,Within 0-100
3617,14,77,Medium,Medium,Yes,5,60,Low,Yes,1,High,High,Private,Negative,3,No,Postgraduate,Far,Male,64,11-15 hours,3,70-79%,2,1+ sessions,Within 0-100
3618,18,95,Medium,High,Yes,6,94,Medium,Yes,6,Low,High,Public,Neutral,3,No,High School,Far,Female,73,16+ hours,4,90-100%,4,1+ sessions,Within 0-100
3619,27,78,Medium,High,No,8,89,Low,Yes,0,Low,Medium,Public,Neutral,3,No,Postgraduate,Near,Female,69,16+ hours,4,70-79%,2,No tutoring,Within 0-100
3620,25,99,Low,Medium,No,8,57,Medium,Yes,1,Medium,Low,Private,Positive,3,No,Postgraduate,Moderate,Male,70,16+ hours,4,90-100%,4,1+ sessions,Within 0-100
3621,12,98,Medium,High,No,4,68,Medium,Yes,3,Low,High,Public,Neutral,2,No,High School,Near,Female,69,11-15 hours,3,90-100%,4,1+ sessions,Within 0-100
3622,22,73,Medium,Low,No,8,77,Medium,Yes,1,High,Medium,Public,Neutral,3,No,High School,Far,Male,64,16+ hours,4,70-79%,2,1+ sessions,Within 0-100
3623,8,95,Medium,Medium,No,7,73,Low,Yes,2,Medium,Medium,Private,Neutral,2,No,College,Near,Male,66,6-10 hours,2,90-100%,4,1+ sessions,Within 0-100
3624,20,94,Medium,Medium,Yes,6,70,High,Yes,1,Medium,Medium,Public,Neutral,2,No,High School,Moderate,Female,69,16+ hours,4,90-100%,4,1+ sessions,Within 0-100
3625,31,68,High,Medium,No,7,86,Low,Yes,1,Low,Medium,Private,Positive,3,No,High School,Moderate,Female,68,16+ hours,4,60-69%,1,1+ sessions,Within 0-100
3626,14,85,Medium,Low,Yes,5,53,Medium,Yes,4,Medium,Medium,Public,Neutral,3,No,High School,Near,Male,65,11-15 hours,3,80-89%,3,1+ sessions,Within 0-100
3627,15,63,High,Low,Yes,7,74,Medium,Yes,4,Low,Medium,Public,Negative,2,No,High School,Moderate,Male,62,11-15 hours,3,60-69%,1,1+ sessions,Within 0-100
3628,25,93,High,High,Yes,5,63,Medium,Yes,2,High,Medium,Public,Positive,2,No,Postgraduate,Near,Female,75,16+ hours,4,90-100%,4,1+ sessions,Within 0-100
3629,11,67,Medium,Medium,Yes,6,54,Low,Yes,0,Low,Medium,Public,Positive,3,No,High School,Near,Female,60,11-15 hours,3,60-69%,1,No tutoring,Within 0-100
3630,16,63,Medium,High,Yes,6,73,Medium,Yes,0,Medium,Medium,Public,Neutral,4,No,College,Near,Male,63,16+ hours,4,60-69%,1,No tutoring,Within 0-100
3631,24,76,Medium,Low,Yes,8,59,Medium,Yes,2,Medium,Medium,Public,Positive,4,No,College,Far,Male,66,16+ hours,4,70-79%,2,1+ sessions,Within 0-100
3632,16,83,High,Medium,Yes,7,63,Medium,Yes,0,Medium,Medium,Public,Neutral,3,No,Postgraduate,Near,Female,67,16+ hours,4,80-89%,3,No tutoring,Within 0-100
3633,19,94,Low,Medium,Yes,8,75,Medium,Yes,1,Medium,Medium,Public,Negative,3,No,College,Moderate,Female,68,16+ hours,4,90-100%,4,1+ sessions,Within 0-100
3634,24,99,Medium,Medium,Yes,5,99,Medium,Yes,0,Low,Medium,Public,Positive,3,No,High School,Moderate,Female,72,16+ hours,4,90-100%,4,No tutoring,Within 0-100
3635,23,78,Low,Medium,No,7,84,High,Yes,0,Low,Medium,Private,Neutral,3,No,College,Near,Male,66,16+ hours,4,70-79%,2,No tutoring,Within 0-100
3636,22,62,Medium,Medium,Yes,8,64,Medium,Yes,0,Low,Medium,Public,Neutral,3,No,Postgraduate,Near,Female,63,16+ hours,4,60-69%,1,No tutoring,Within 0-100
3637,18,90,Medium,High,Yes,9,69,Medium,Yes,1,High,High,Private,Positive,3,No,College,Moderate,Female,71,16+ hours,4,90-100%,4,1+ sessions,Within 0-100
3638,22,83,Low,Medium,Yes,5,70,High,Yes,2,Low,Medium,Public,Positive,3,No,College,Far,Male,67,16+ hours,4,80-89%,3,1+ sessions,Within 0-100
3639,19,78,Medium,Medium,Yes,6,58,Medium,Yes,1,Low,Medium,Public,Neutral,3,No,Postgraduate,Near,Male,66,16+ hours,4,70-79%,2,1+ sessions,Within 0-100
3640,23,72,High,Medium,No,8,58,Medium,No,2,Low,High,Private,Positive,2,No,College,Near,Female,66,16+ hours,4,70-79%,2,1+ sessions,Within 0-100
3641,17,80,High,High,No,9,57,Medium,Yes,4,Low,Medium,Public,Positive,2,No,College,Near,Male,68,16+ hours,4,80-89%,3,1+ sessions,Within 0-100
3642,19,74,Medium,Medium,No,7,76,High,Yes,1,High,Medium,Public,Neutral,3,No,College,Near,Female,66,16+ hours,4,70-79%,2,1+ sessions,Within 0-100
3643,14,90,High,Medium,Yes,5,84,Medium,Yes,0,Low,Medium,Public,Negative,3,No,Postgraduate,Near,Female,68,11-15 hours,3,90-100%,4,No tutoring,Within 0-100
3644,20,82,High,Medium,Yes,5,80,Medium,Yes,3,Low,Medium,Public,Neutral,1,Yes,College,Near,Female,68,16+ hours,4,80-89%,3,1+ sessions,Within 0-100
3645,15,95,Low,Medium,Yes,7,99,Low,Yes,0,High,High,Public,Neutral,2,No,High School,Near,Female,68,11-15 hours,3,90-100%,4,No tutoring,Within 0-100
3646,13,82,Medium,High,No,8,56,Low,Yes,2,Low,High,Private,Neutral,3,No,Postgraduate,Near,Male,66,11-15 hours,3,80-89%,3,1+ sessions,Within 0-100
3647,22,70,High,Low,No,7,99,Medium,Yes,1,Low,High,Private,Positive,2,No,High School,Moderate,Male,66,16+ hours,4,70-79%,2,1+ sessions,Within 0-100
3648,21,94,Medium,High,No,5,73,Low,Yes,0,Medium,High,Public,Neutral,3,No,Postgraduate,Far,Female,70,16+ hours,4,90-100%,4,No tutoring,Within 0-100
3649,25,82,High,Medium,Yes,9,61,Low,Yes,1,High,Medium,Public,Negative,2,No,High School,Near,Male,68,16+ hours,4,80-89%,3,1+ sessions,Within 0-100
3650,17,68,Medium,Medium,Yes,6,97,High,Yes,2,High,Low,Public,Negative,3,No,High School,Moderate,Male,65,16+ hours,4,60-69%,1,1+ sessions,Within 0-100
3651,22,85,Low,High,Yes,8,73,High,Yes,1,Medium,Medium,Private,Positive,3,No,College,Near,Male,70,16+ hours,4,80-89%,3,1+ sessions,Within 0-100
3652,23,74,Medium,Medium,No,4,67,Medium,Yes,3,High,Medium,Private,Negative,5,No,High School,Far,Male,66,16+ hours,4,70-79%,2,1+ sessions,Within 0-100
3653,23,94,Medium,High,Yes,9,61,Medium,No,0,Medium,Medium,Public,Negative,1,Yes,Postgraduate,Moderate,Female,68,16+ hours,4,90-100%,4,No tutoring,Within 0-100
3654,15,78,Medium,Medium,Yes,6,63,High,Yes,1,Medium,Medium,Private,Neutral,2,Yes,College,Moderate,Male,64,11-15 hours,3,70-79%,2,1+ sessions,Within 0-100
3655,21,89,Medium,Medium,No,9,99,Medium,Yes,0,Medium,Medium,Private,Negative,3,No,High School,Near,Male,69,16+ hours,4,80-89%,3,No tutoring,Within 0-100
3656,22,64,Medium,Medium,No,8,65,Low,Yes,2,Medium,Medium,Private,Neutral,4,No,Postgraduate,Near,Female,65,16+ hours,4,60-69%,1,1+ sessions,Within 0-100
3657,20,76,Medium,High,Yes,5,99,Low,No,3,Medium,High,Public,Negative,3,No,Postgraduate,Near,Female,69,16+ hours,4,70-79%,2,1+ sessions,Within 0-100
3658,7,99,Low,High,Yes,7,67,Low,No,1,High,High,Private,Neutral,4,No,High School,Near,Female,66,6-10 hours,2,90-100%,4,1+ sessions,Within 0-100
3659,21,92,High,Low,No,9,62,Medium,Yes,1,Medium,Low,Public,Positive,2,No,High School,Near,Female,68,16+ hours,4,90-100%,4,1+ sessions,Within 0-100
3660,33,66,Medium,Medium,Yes,6,59,Medium,Yes,3,High,Medium,Public,Positive,2,No,Postgraduate,Near,Female,70,16+ hours,4,60-69%,1,1+ sessions,Within 0-100
3661,18,71,High,Medium,No,9,71,Medium,Yes,1,Medium,High,Public,Positive,3,No,High School,Moderate,Female,65,16+ hours,4,70-79%,2,1+ sessions,Within 0-100
3662,16,73,High,Medium,Yes,8,62,Medium,Yes,0,High,High,Private,Neutral,2,No,High School,Near,Female,65,16+ hours,4,70-79%,2,No tutoring,Within 0-100
3663,22,86,Medium,Low,No,9,85,Medium,Yes,1,Medium,Medium,Public,Negative,3,No,Postgraduate,Near,Female,68,16+ hours,4,80-89%,3,1+ sessions,Within 0-100
3664,22,90,Low,Medium,No,7,62,Low,Yes,0,Medium,Medium,Public,Positive,3,No,College,Near,Male,67,16+ hours,4,90-100%,4,No tutoring,Within 0-100
3665,27,90,High,High,No,7,92,Medium,Yes,0,Low,Medium,Private,Neutral,3,No,High School,Near,Female,72,16+ hours,4,90-100%,4,No tutoring,Within 0-100
3666,12,80,High,High,Yes,10,92,High,Yes,1,High,High,Public,Positive,3,No,Postgraduate,Moderate,Male,70,11-15 hours,3,80-89%,3,1+ sessions,Within 0-100
3667,24,92,Low,High,Yes,8,64,High,Yes,1,High,High,Private,Neutral,3,No,College,Near,Male,72,16+ hours,4,90-100%,4,1+ sessions,Within 0-100
3668,24,77,High,High,Yes,7,88,Low,Yes,1,High,Medium,Public,Negative,5,No,College,Near,Male,71,16+ hours,4,70-79%,2,1+ sessions,Within 0-100
3669,19,65,Low,Medium,No,8,93,Low,Yes,1,Medium,High,Private,Neutral,4,No,College,Near,Male,64,16+ hours,4,60-69%,1,1+ sessions,Within 0-100
3670,22,83,Low,High,Yes,6,80,Medium,Yes,2,Medium,Medium,Public,Positive,5,No,High School,Moderate,Female,69,16+ hours,4,80-89%,3,1+ sessions,Within 0-100
3671,26,98,Medium,Medium,Yes,7,68,Medium,Yes,4,Low,Medium,Public,Positive,1,No,High School,Near,Female,73,16+ hours,4,90-100%,4,1+ sessions,Within 0-100
3672,25,92,Low,High,Yes,9,72,Medium,Yes,1,Low,Medium,Public,Negative,5,No,Postgraduate,Far,Female,70,16+ hours,4,90-100%,4,1+ sessions,Within 0-100
3673,13,83,High,Medium,No,7,89,Medium,Yes,1,Low,Medium,Public,Neutral,4,No,Postgraduate,Near,Female,68,11-15 hours,3,80-89%,3,1+ sessions,Within 0-100
3674,25,86,High,Medium,No,6,65,Medium,Yes,2,Medium,High,Public,Positive,5,No,High School,Moderate,Male,71,16+ hours,4,80-89%,3,1+ sessions,Within 0-100
3675,20,97,Medium,High,No,6,67,Low,Yes,1,Low,High,Private,Positive,3,No,Postgraduate,Near,Female,71,16+ hours,4,90-100%,4,1+ sessions,Within 0-100
3676,20,77,Low,High,Yes,7,58,High,Yes,0,High,Medium,Public,Neutral,3,No,High School,Near,Male,66,16+ hours,4,70-79%,2,No tutoring,Within 0-100
3677,20,73,Medium,High,No,6,70,Low,Yes,3,High,High,Public,Neutral,4,No,High School,Near,Female,68,16+ hours,4,70-79%,2,1+ sessions,Within 0-100
3678,19,99,Medium,High,Yes,5,54,Low,Yes,0,Medium,Medium,Public,Neutral,2,No,Postgraduate,Near,Male,70,16+ hours,4,90-100%,4,No tutoring,Within 0-100
3679,27,95,Medium,Medium,No,5,66,Low,Yes,3,Medium,Medium,Public,Neutral,4,No,High School,Near,Male,72,16+ hours,4,90-100%,4,1+ sessions,Within 0-100
3680,19,73,Low,High,Yes,9,69,High,Yes,1,Low,Low,Public,Positive,4,No,Postgraduate,Near,Female,66,16+ hours,4,70-79%,2,1+ sessions,Within 0-100
3681,13,79,Medium,High,Yes,7,63,Low,No,3,High,Medium,Private,Neutral,2,No,High School,Near,Female,65,11-15 hours,3,70-79%,2,1+ sessions,Within 0-100
3682,18,77,Medium,High,Yes,7,55,High,No,3,High,Medium,Private,Neutral,3,Yes,High School,Near,Female,66,16+ hours,4,70-79%,2,1+ sessions,Within 0-100
3683,21,66,High,Medium,Yes,6,76,Low,Yes,3,Low,Medium,Private,Neutral,1,No,High School,Moderate,Female,65,16+ hours,4,60-69%,1,1+ sessions,Within 0-100
3684,27,98,High,Low,Yes,6,93,Low,Yes,0,Low,Medium,Private,Neutral,4,No,High School,Moderate,Male,72,16+ hours,4,90-100%,4,No tutoring,Within 0-100
3685,24,76,Medium,Medium,Yes,6,67,Medium,Yes,2,High,Medium,Public,Negative,3,No,College,Near,Female,68,16+ hours,4,70-79%,2,1+ sessions,Within 0-100
3686,15,95,Medium,Medium,Yes,7,62,High,Yes,0,High,Medium,Public,Negative,3,No,College,Near,Female,68,11-15 hours,3,90-100%,4,No tutoring,Within 0-100
3687,35,68,Low,High,Yes,5,64,Medium,Yes,0,High,Low,Public,Positive,4,Yes,High School,Near,Male,67,16+ hours,4,60-69%,1,No tutoring,Within 0-100
3688,22,82,Medium,Medium,Yes,9,93,Low,Yes,2,Low,Medium,Public,Neutral,2,No,High School,Near,Male,68,16+ hours,4,80-89%,3,1+ sessions,Within 0-100
3689,28,61,High,Medium,No,7,76,High,Yes,1,Medium,High,Public,Positive,4,No,High School,Moderate,Male,67,16+ hours,4,60-69%,1,1+ sessions,Within 0-100
3690,19,91,Medium,High,No,7,57,Low,Yes,3,High,High,Public,Negative,3,No,High School,Moderate,Female,69,16+ hours,4,90-100%,4,1+ sessions,Within 0-100
3691,23,83,Low,Low,No,8,85,Medium,Yes,2,Low,Medium,Private,Neutral,2,Yes,High School,Near,Male,65,16+ hours,4,80-89%,3,1+ sessions,Within 0-100
3692,25,85,Medium,Medium,No,8,58,Medium,Yes,2,Medium,High,Public,Neutral,4,No,College,Near,Male,70,16+ hours,4,80-89%,3,1+ sessions,Within 0-100
3693,27,62,High,Medium,No,6,53,Low,Yes,1,Medium,Medium,Public,Positive,2,No,High School,Moderate,Male,64,16+ hours,4,60-69%,1,1+ sessions,Within 0-100
3694,26,68,Medium,Medium,No,8,63,Medium,Yes,2,Low,High,Public,Positive,3,No,High School,Near,Male,66,16+ hours,4,60-69%,1,1+ sessions,Within 0-100
3695,25,63,Low,Medium,No,8,58,Medium,Yes,1,High,Medium,Public,Positive,1,No,College,Near,Female,64,16+ hours,4,60-69%,1,1+ sessions,Within 0-100
3696,18,72,High,High,Yes,7,80,High,Yes,1,High,High,Public,Negative,2,Yes,High School,Moderate,Female,66,16+ hours,4,70-79%,2,1+ sessions,Within 0-100
3697,17,85,Medium,Medium,Yes,9,74,Medium,Yes,1,Medium,Medium,Private,Neutral,2,No,High School,Near,Male,67,16+ hours,4,80-89%,3,1+ sessions,Within 0-100
3698,22,83,Medium,Low,Yes,8,86,Medium,Yes,3,Medium,Low,Public,Negative,4,No,High School,Near,Male,68,16+ hours,4,80-89%,3,1+ sessions,Within 0-100
3699,26,84,Medium,Medium,No,8,76,Medium,Yes,5,Medium,High,Public,Neutral,2,No,High School,Moderate,Male,71,16+ hours,4,80-89%,3,1+ sessions,Within 0-100
3700,19,82,High,Low,No,9,71,Medium,Yes,1,Low,High,Private,Neutral,3,No,College,Near,Female,67,16+ hours,4,80-89%,3,1+ sessions,Within 0-100
3701,26,71,High,Medium,Yes,7,76,Medium,Yes,3,Low,Medium,Public,Positive,2,No,Postgraduate,Moderate,Male,69,16+ hours,4,70-79%,2,1+ sessions,Within 0-100
3702,29,70,Medium,Low,Yes,7,72,Low,Yes,1,Medium,Medium,Public,Positive,4,No,College,Near,Male,67,16+ hours,4,70-79%,2,1+ sessions,Within 0-100
3703,15,65,Low,High,Yes,8,52,Medium,Yes,4,Low,Medium,Private,Neutral,3,Yes,High School,Moderate,Female,61,11-15 hours,3,60-69%,1,1+ sessions,Within 0-100
3704,15,94,Medium,Medium,No,7,84,Medium,Yes,0,Medium,High,Public,Positive,2,No,High School,Moderate,Male,68,11-15 hours,3,90-100%,4,No tutoring,Within 0-100
3705,19,85,Low,Low,Yes,8,98,Medium,Yes,2,Medium,Low,Private,Neutral,4,No,High School,Near,Female,67,16+ hours,4,80-89%,3,1+ sessions,Within 0-100
3706,22,67,Low,Medium,Yes,6,71,Low,Yes,1,Medium,High,Public,Neutral,4,No,College,Moderate,Male,64,16+ hours,4,60-69%,1,1+ sessions,Within 0-100
3707,17,67,Medium,Medium,Yes,4,71,Medium,Yes,3,Medium,High,Public,Negative,2,No,High School,Moderate,Female,63,16+ hours,4,60-69%,1,1+ sessions,Within 0-100
3708,28,95,Low,Medium,No,8,52,High,Yes,3,High,High,Public,Negative,4,No,College,Near,Male,72,16+ hours,4,90-100%,4,1+ sessions,Within 0-100
3709,23,90,High,Medium,No,5,95,Low,Yes,2,Low,Medium,Public,Negative,2,No,High School,Moderate,Male,69,16+ hours,4,90-100%,4,1+ sessions,Within 0-100
3710,20,86,Low,High,No,6,96,Medium,Yes,1,High,Low,Public,Neutral,2,Yes,High School,Far,Male,66,16+ hours,4,80-89%,3,1+ sessions,Within 0-100
3711,11,76,Medium,Medium,Yes,8,91,Low,Yes,1,High,High,Private,Neutral,3,Yes,College,Near,Female,64,11-15 hours,3,70-79%,2,1+ sessions,Within 0-100
3712,12,70,Low,Medium,Yes,8,55,Medium,Yes,2,Medium,High,Public,Negative,4,No,High School,Near,Female,61,11-15 hours,3,70-79%,2,1+ sessions,Within 0-100
3713,22,99,Medium,High,Yes,9,95,Medium,Yes,2,Low,Low,Public,Negative,4,Yes,High School,Near,Male,71,16+ hours,4,90-100%,4,1+ sessions,Within 0-100
3714,7,92,Low,Medium,Yes,4,51,Medium,Yes,0,High,Medium,Public,Positive,1,No,High School,Near,Female,63,6-10 hours,2,90-100%,4,No tutoring,Within 0-100
3715,26,72,Medium,Low,No,7,72,Low,Yes,2,Medium,Low,Public,Neutral,4,No,High School,Near,Female,65,16+ hours,4,70-79%,2,1+ sessions,Within 0-100
3716,19,94,High,Low,Yes,7,75,Medium,Yes,2,High,Medium,Public,Negative,5,No,College,Near,Female,71,16+ hours,4,90-100%,4,1+ sessions,Within 0-100
3717,39,90,High,High,No,8,92,High,Yes,2,Medium,High,Private,Neutral,1,No,High School,Near,Female,78,16+ hours,4,90-100%,4,1+ sessions,Within 0-100
3718,34,72,Medium,High,Yes,9,88,Low,Yes,1,High,Medium,Private,Positive,3,No,Postgraduate,Near,Male,73,16+ hours,4,70-79%,2,1+ sessions,Within 0-100
3719,19,77,Low,Medium,No,5,90,Low,Yes,1,Low,High,Private,Neutral,3,No,College,Near,Female,65,16+ hours,4,70-79%,2,1+ sessions,Within 0-100
3720,19,67,Low,Medium,Yes,7,93,High,Yes,0,Medium,Medium,Public,Positive,4,No,Postgraduate,Near,Male,66,16+ hours,4,60-69%,1,No tutoring,Within 0-100
3721,26,64,High,Low,Yes,8,74,Low,Yes,3,Medium,High,Public,Neutral,2,No,High School,Near,Male,66,16+ hours,4,60-69%,1,1+ sessions,Within 0-100
3722,30,89,Medium,Medium,No,6,89,Medium,Yes,3,High,Medium,Public,Neutral,3,No,Postgraduate,Moderate,Male,74,16+ hours,4,80-89%,3,1+ sessions,Within 0-100
3723,10,71,Medium,Low,No,10,53,Low,Yes,4,High,Medium,Private,Positive,3,No,High School,Near,Female,62,6-10 hours,2,70-79%,2,1+ sessions,Within 0-100
3724,9,93,High,Low,Yes,6,72,Low,Yes,1,Medium,Medium,Public,Positive,2,No,College,Near,Female,66,6-10 hours,2,90-100%,4,1+ sessions,Within 0-100
3725,16,100,High,High,No,7,52,Medium,Yes,4,Low,Medium,Public,Negative,4,No,High School,Near,Female,71,16+ hours,4,90-100%,4,1+ sessions,Within 0-100
3726,23,63,High,Medium,Yes,5,96,Medium,Yes,2,High,Medium,Public,Neutral,2,No,High School,Near,Female,67,16+ hours,4,60-69%,1,1+ sessions,Within 0-100
3727,23,79,High,Low,Yes,7,98,Low,Yes,0,Medium,High,Public,Neutral,4,No,College,Near,Female,69,16+ hours,4,70-79%,2,No tutoring,Within 0-100
3728,26,92,Medium,High,No,4,54,Medium,Yes,2,High,Medium,Public,Positive,4,No,High School,Moderate,Male,72,16+ hours,4,90-100%,4,1+ sessions,Within 0-100
3729,13,92,High,High,Yes,7,77,Medium,Yes,2,High,Medium,Public,Positive,4,No,Postgraduate,Near,Male,72,11-15 hours,3,90-100%,4,1+ sessions,Within 0-100
3730,6,90,Medium,Medium,Yes,9,66,Medium,Yes,2,Medium,High,Public,Positive,2,No,High School,Far,Male,65,6-10 hours,2,90-100%,4,1+ sessions,Within 0-100
3731,25,74,High,High,No,5,67,High,Yes,1,Medium,Medium,Public,Positive,5,No,Postgraduate,Near,Male,71,16+ hours,4,70-79%,2,1+ sessions,Within 0-100
3732,15,78,Medium,Medium,No,5,73,Medium,Yes,0,High,High,Private,Positive,1,Yes,College,Near,Male,64,11-15 hours,3,70-79%,2,No tutoring,Within 0-100
3733,8,84,Medium,Low,Yes,9,56,Low,Yes,1,Low,Medium,Public,Positive,2,No,High School,Moderate,Male,61,6-10 hours,2,80-89%,3,1+ sessions,Within 0-100
3734,21,99,Medium,Low,Yes,9,59,Low,Yes,1,High,High,Public,Negative,2,No,College,Moderate,Female,69,16+ hours,4,90-100%,4,1+ sessions,Within 0-100
3735,25,73,Low,Medium,Yes,5,79,Medium,Yes,1,Low,Medium,Private,Neutral,5,No,High School,Moderate,Female,65,16+ hours,4,70-79%,2,1+ sessions,Within 0-100
3736,19,97,Medium,Low,Yes,10,51,High,Yes,3,Low,High,Public,Neutral,4,No,College,Far,Female,69,16+ hours,4,90-100%,4,1+ sessions,Within 0-100
3737,17,71,Medium,Medium,No,8,80,Low,Yes,2,High,Low,Public,Neutral,3,No,High School,Near,Female,64,16+ hours,4,70-79%,2,1+ sessions,Within 0-100
3738,19,100,Medium,Low,Yes,9,66,High,Yes,1,High,Medium,Public,Negative,4,Yes,Postgraduate,Moderate,Male,69,16+ hours,4,90-100%,4,1+ sessions,Within 0-100
3739,18,87,Medium,Medium,Yes,6,92,Low,Yes,1,Low,Medium,Private,Neutral,4,No,High School,Near,Female,68,16+ hours,4,80-89%,3,1+ sessions,Within 0-100
3740,12,79,Medium,Low,No,9,80,Low,Yes,1,High,Medium,Public,Positive,2,No,College,Moderate,Male,63,11-15 hours,3,70-79%,2,1+ sessions,Within 0-100
3741,16,85,Low,Medium,No,7,85,High,Yes,1,Medium,High,Public,Neutral,2,No,High School,Near,Male,66,16+ hours,4,80-89%,3,1+ sessions,Within 0-100
3742,23,71,Medium,Medium,No,7,56,Low,Yes,1,Medium,Unknown,Private,Positive,4,No,Unknown,Near,Female,65,16+ hours,4,70-79%,2,1+ sessions,Within 0-100
3743,22,71,High,Medium,Yes,8,63,Medium,Yes,2,Medium,High,Public,Negative,2,No,High School,Moderate,Male,66,16+ hours,4,70-79%,2,1+ sessions,Within 0-100
3744,21,65,Medium,Medium,No,6,100,Medium,Yes,3,Medium,Medium,Public,Neutral,4,No,Postgraduate,Near,Male,67,16+ hours,4,60-69%,1,1+ sessions,Within 0-100
3745,14,65,Medium,High,Yes,5,72,Low,Yes,3,Low,High,Private,Negative,2,No,High School,Near,Male,62,11-15 hours,3,60-69%,1,1+ sessions,Within 0-100
3746,19,74,Medium,High,Yes,7,68,Medium,Yes,2,Low,High,Public,Negative,2,No,High School,Near,Female,66,16+ hours,4,70-79%,2,1+ sessions,Within 0-100
3747,7,91,High,Medium,No,7,94,High,No,3,High,Medium,Public,Neutral,3,No,Postgraduate,Moderate,Female,68,6-10 hours,2,90-100%,4,1+ sessions,Within 0-100
3748,21,84,Medium,Medium,Yes,6,52,Medium,Yes,2,High,High,Public,Negative,5,No,High School,Moderate,Male,68,16+ hours,4,80-89%,3,1+ sessions,Within 0-100
3749,29,64,Low,Medium,No,9,77,Medium,Yes,0,Low,High,Public,Negative,2,No,High School,Moderate,Female,63,16+ hours,4,60-69%,1,No tutoring,Within 0-100
3750,11,94,High,Low,Yes,10,61,Medium,Yes,1,Medium,Low,Public,Neutral,3,No,College,Moderate,Male,66,11-15 hours,3,90-100%,4,1+ sessions,Within 0-100
3751,16,84,High,Low,No,6,68,Low,No,3,Medium,Medium,Private,Neutral,3,No,Unknown,Near,Male,65,16+ hours,4,80-89%,3,1+ sessions,Within 0-100
3752,22,98,High,Medium,Yes,7,60,Medium,Yes,1,High,Medium,Public,Positive,1,No,High School,Near,Male,72,16+ hours,4,90-100%,4,1+ sessions,Within 0-100
3753,28,87,Medium,Medium,No,6,52,Medium,Yes,4,Low,Low,Private,Neutral,3,No,Postgraduate,Near,Female,70,16+ hours,4,80-89%,3,1+ sessions,Within 0-100
3754,17,67,High,Low,No,10,71,Medium,Yes,1,Medium,Medium,Public,Positive,3,No,High School,Near,Male,63,16+ hours,4,60-69%,1,1+ sessions,Within 0-100
3755,16,79,Medium,Medium,No,8,89,Medium,Yes,0,Low,High,Private,Neutral,4,No,High School,Near,Male,65,16+ hours,4,70-79%,2,No tutoring,Within 0-100
3756,8,86,High,Low,Yes,8,98,Low,Yes,1,Low,Medium,Private,Neutral,1,No,College,Near,Male,65,6-10 hours,2,80-89%,3,1+ sessions,Within 0-100
3757,21,61,High,High,No,9,81,Medium,Yes,1,Medium,Medium,Private,Neutral,3,No,Postgraduate,Near,Male,66,16+ hours,4,60-69%,1,1+ sessions,Within 0-100
3758,32,61,High,Medium,Yes,7,69,High,Yes,0,High,Medium,Public,Positive,3,No,High School,Moderate,Female,68,16+ hours,4,60-69%,1,No tutoring,Within 0-100
3759,22,65,Medium,Low,Yes,7,88,Low,No,2,Medium,Medium,Public,Positive,4,No,College,Near,Male,64,16+ hours,4,60-69%,1,1+ sessions,Within 0-100
3760,20,70,High,Medium,No,9,75,Low,Yes,3,Medium,Medium,Public,Neutral,4,No,College,Moderate,Male,66,16+ hours,4,70-79%,2,1+ sessions,Within 0-100
3761,22,77,Low,Medium,Yes,8,68,Medium,Yes,3,High,High,Public,Positive,4,No,High School,Moderate,Male,68,16+ hours,4,70-79%,2,1+ sessions,Within 0-100
3762,20,79,Low,Medium,Yes,6,59,Medium,Yes,0,Low,Medium,Public,Positive,2,No,High School,Moderate,Male,64,16+ hours,4,70-79%,2,No tutoring,Within 0-100
3763,15,66,Medium,Medium,No,6,90,Low,Yes,2,Medium,Medium,Public,Negative,3,No,College,Far,Female,62,11-15 hours,3,60-69%,1,1+ sessions,Within 0-100
3764,25,87,Medium,Medium,Yes,6,75,Medium,No,0,Low,Medium,Private,Neutral,2,Yes,High School,Near,Male,67,16+ hours,4,80-89%,3,No tutoring,Within 0-100
3765,21,84,Low,High,No,9,98,Medium,Yes,1,Low,Medium,Public,Negative,3,No,High School,Moderate,Male,67,16+ hours,4,80-89%,3,1+ sessions,Within 0-100
3766,20,72,Medium,Medium,No,9,90,Low,Yes,1,Medium,Medium,Private,Neutral,2,No,Postgraduate,Moderate,Male,65,16+ hours,4,70-79%,2,1+ sessions,Within 0-100
3767,14,61,Low,Medium,Yes,10,71,Medium,No,2,Low,Medium,Public,Neutral,4,No,High School,Near,Male,59,11-15 hours,3,60-69%,1,1+ sessions,Within 0-100
3768,28,63,Medium,High,Yes,6,87,Low,Yes,0,Low,Medium,Public,Positive,2,No,High School,Moderate,Female,66,16+ hours,4,60-69%,1,No tutoring,Within 0-100
3769,24,76,High,Low,No,7,73,Medium,Yes,4,Medium,Medium,Public,Neutral,2,No,High School,Near,Female,68,16+ hours,4,70-79%,2,1+ sessions,Within 0-100
3770,17,66,High,Medium,No,6,54,Medium,Yes,2,High,Low,Public,Positive,3,Yes,High School,Near,Female,63,16+ hours,4,60-69%,1,1+ sessions,Within 0-100
3771,26,75,Medium,Low,Yes,7,76,Medium,Yes,2,Medium,Medium,Public,Neutral,3,No,College,Near,Male,68,16+ hours,4,70-79%,2,1+ sessions,Within 0-100
3772,17,85,High,Low,Yes,8,93,Low,Yes,2,Medium,High,Public,Positive,3,No,College,Far,Female,68,16+ hours,4,80-89%,3,1+ sessions,Within 0-100
3773,15,82,Medium,Medium,Yes,7,93,Medium,Yes,3,Low,High,Public,Negative,2,No,High School,Moderate,Female,66,11-15 hours,3,80-89%,3,1+ sessions,Within 0-100
3774,15,69,High,Low,No,9,79,Low,Yes,1,Medium,Unknown,Private,Positive,2,No,High School,Moderate,Female,63,11-15 hours,3,60-69%,1,1+ sessions,Within 0-100
3775,9,74,Medium,Low,No,6,69,Low,Yes,3,Low,Medium,Private,Positive,2,No,Unknown,Moderate,Female,61,6-10 hours,2,70-79%,2,1+ sessions,Within 0-100
3776,23,85,High,Medium,Yes,8,51,Low,Yes,0,High,Low,Public,Negative,4,No,College,Near,Female,68,16+ hours,4,80-89%,3,No tutoring,Within 0-100
3777,9,94,High,Low,No,6,66,Low,Yes,0,Low,High,Public,Positive,3,No,College,Near,Male,66,6-10 hours,2,90-100%,4,No tutoring,Within 0-100
3778,13,90,Medium,High,No,4,99,High,Yes,1,High,Medium,Public,Neutral,4,Yes,College,Moderate,Male,69,11-15 hours,3,90-100%,4,1+ sessions,Within 0-100
3779,8,82,Medium,High,Yes,5,86,Medium,No,0,Low,Medium,Public,Negative,3,No,Postgraduate,Near,Female,64,6-10 hours,2,80-89%,3,No tutoring,Within 0-100
3780,19,74,Medium,Medium,No,7,86,High,Yes,1,High,Medium,Private,Positive,3,No,Postgraduate,Near,Male,68,16+ hours,4,70-79%,2,1+ sessions,Within 0-100
3781,19,75,Medium,High,No,10,88,Low,Yes,0,Low,High,Public,Positive,2,No,High School,Near,Female,66,16+ hours,4,70-79%,2,No tutoring,Within 0-100
3782,18,95,Medium,Medium,No,6,81,Medium,Yes,0,Low,Medium,Public,Positive,3,Yes,High School,Near,Female,68,16+ hours,4,90-100%,4,No tutoring,Within 0-100
3783,14,62,Medium,High,Yes,7,79,Low,Yes,2,Medium,Medium,Private,Positive,2,No,High School,Moderate,Female,62,11-15 hours,3,60-69%,1,1+ sessions,Within 0-100
3784,13,100,Medium,Low,Yes,8,73,Low,Yes,1,Low,Medium,Public,Neutral,3,No,Postgraduate,Near,Male,68,11-15 hours,3,90-100%,4,1+ sessions,Within 0-100
3785,23,87,Medium,High,No,6,72,Medium,Yes,1,Low,High,Private,Negative,3,No,College,Moderate,Male,69,16+ hours,4,80-89%,3,1+ sessions,Within 0-100
3786,17,87,High,High,Yes,6,94,Medium,Yes,2,Low,Medium,Private,Neutral,3,No,High School,Moderate,Male,70,16+ hours,4,80-89%,3,1+ sessions,Within 0-100
3787,22,62,High,Medium,Yes,7,70,Low,Yes,4,Low,Medium,Public,Negative,2,No,College,Near,Female,65,16+ hours,4,60-69%,1,1+ sessions,Within 0-100
3788,15,84,Low,Medium,Yes,6,92,Medium,Yes,3,Medium,Medium,Public,Positive,3,No,College,Near,Female,68,11-15 hours,3,80-89%,3,1+ sessions,Within 0-100
3789,21,79,Medium,High,No,4,92,Low,Yes,0,Low,Medium,Public,Negative,2,No,Postgraduate,Near,Female,67,16+ hours,4,70-79%,2,No tutoring,Within 0-100
3790,28,64,Low,Medium,Yes,6,89,Medium,Yes,0,Low,Low,Public,Neutral,4,No,College,Far,Male,64,16+ hours,4,60-69%,1,No tutoring,Within 0-100
3791,24,71,Low,Medium,No,8,52,Medium,No,2,Medium,Medium,Public,Negative,3,No,College,Unknown,Female,63,16+ hours,4,70-79%,2,1+ sessions,Within 0-100
3792,18,96,Medium,Low,Yes,8,57,Medium,Yes,1,Medium,Medium,Public,Negative,2,No,High School,Near,Female,67,16+ hours,4,90-100%,4,1+ sessions,Within 0-100
3793,22,82,High,Low,No,9,66,Medium,Yes,1,Low,High,Private,Negative,3,No,High School,Moderate,Male,66,16+ hours,4,80-89%,3,1+ sessions,Within 0-100
3794,19,77,High,Low,Yes,9,92,Medium,Yes,2,Low,Medium,Public,Positive,4,No,High School,Near,Female,67,16+ hours,4,70-79%,2,1+ sessions,Within 0-100
3795,20,63,Medium,Medium,Yes,6,94,Medium,No,2,Medium,Medium,Public,Neutral,3,No,High School,Far,Female,63,16+ hours,4,60-69%,1,1+ sessions,Within 0-100
3796,18,89,Medium,Medium,Yes,6,52,Medium,Yes,3,High,High,Public,Positive,3,No,High School,Moderate,Female,69,16+ hours,4,80-89%,3,1+ sessions,Within 0-100
3797,19,88,High,High,No,6,66,Medium,Yes,3,Medium,Medium,Public,Positive,2,No,High School,Near,Female,70,16+ hours,4,80-89%,3,1+ sessions,Within 0-100
3798,21,85,High,Medium,Yes,7,93,Medium,Yes,0,High,Medium,Public,Neutral,4,No,High School,Moderate,Male,70,16+ hours,4,80-89%,3,No tutoring,Within 0-100
3799,14,80,High,Medium,No,6,62,Medium,Yes,0,High,Medium,Private,Negative,2,No,Postgraduate,Near,Male,65,11-15 hours,3,80-89%,3,No tutoring,Within 0-100
3800,14,77,Low,Low,No,7,99,Low,Yes,2,Medium,Medium,Public,Positive,2,No,Postgraduate,Moderate,Female,64,11-15 hours,3,70-79%,2,1+ sessions,Within 0-100
3801,12,84,Medium,High,Yes,6,74,High,Yes,1,Medium,High,Public,Negative,3,No,College,Moderate,Female,67,11-15 hours,3,80-89%,3,1+ sessions,Within 0-100
3802,10,69,Low,Medium,No,8,97,Medium,Yes,1,Medium,Medium,Private,Negative,3,No,High School,Near,Female,61,6-10 hours,2,60-69%,1,1+ sessions,Within 0-100
3803,13,98,Medium,High,Yes,6,71,Medium,Yes,1,Low,High,Private,Positive,1,No,College,Near,Female,70,11-15 hours,3,90-100%,4,1+ sessions,Within 0-100
3804,21,84,High,Low,No,6,66,High,Yes,2,High,Medium,Private,Positive,4,Yes,College,Far,Male,68,16+ hours,4,80-89%,3,1+ sessions,Within 0-100
3805,15,72,Medium,Medium,Yes,8,68,High,Yes,0,Medium,Medium,Public,Positive,2,No,High School,Near,Female,64,11-15 hours,3,70-79%,2,No tutoring,Within 0-100
3806,23,78,High,Medium,No,8,94,Medium,Yes,1,High,Medium,Private,Neutral,2,Yes,High School,Moderate,Male,68,16+ hours,4,70-79%,2,1+ sessions,Within 0-100
3807,20,92,Medium,Low,No,7,67,Low,Yes,1,Medium,Medium,Public,Positive,5,No,High School,Near,Male,68,16+ hours,4,90-100%,4,1+ sessions,Within 0-100
3808,8,66,High,High,Yes,8,83,Medium,Yes,0,Low,Medium,Private,Positive,4,No,College,Unknown,Male,63,6-10 hours,2,60-69%,1,No tutoring,Within 0-100
3809,24,72,Low,Medium,Yes,8,73,Low,Yes,1,Low,Medium,Public,Positive,2,No,College,Moderate,Female,65,16+ hours,4,70-79%,2,1+ sessions,Within 0-100
3810,25,87,Low,Medium,Yes,10,97,Medium,Yes,4,Low,Low,Private,Neutral,3,Yes,High School,Near,Female,69,16+ hours,4,80-89%,3,1+ sessions,Within 0-100
3811,14,73,Medium,High,No,8,58,Medium,Yes,2,Low,High,Public,Negative,2,No,College,Moderate,Male,63,11-15 hours,3,70-79%,2,1+ sessions,Within 0-100
3812,23,92,Low,Medium,Yes,10,71,Medium,Yes,1,Low,Medium,Public,Neutral,3,No,College,Near,Male,69,16+ hours,4,90-100%,4,1+ sessions,Within 0-100
3813,15,65,High,Low,Yes,7,56,Medium,No,3,High,Medium,Private,Positive,3,Yes,High School,Near,Female,61,11-15 hours,3,60-69%,1,1+ sessions,Within 0-100
3814,21,91,Low,High,Yes,9,79,Medium,Yes,2,Low,Medium,Private,Neutral,3,No,College,Far,Female,69,16+ hours,4,90-100%,4,1+ sessions,Within 0-100
3815,12,63,High,Medium,No,9,70,Low,Yes,1,High,Low,Public,Positive,3,No,College,Near,Female,62,11-15 hours,3,60-69%,1,1+ sessions,Within 0-100
3816,9,61,Low,High,Yes,7,53,Medium,Yes,0,Medium,Medium,Public,Positive,2,Yes,Postgraduate,Far,Male,58,6-10 hours,2,60-69%,1,No tutoring,Within 0-100
3817,18,96,Medium,High,Yes,6,92,Medium,Yes,2,Medium,Medium,Public,Positive,3,No,High School,Far,Male,71,16+ hours,4,90-100%,4,1+ sessions,Within 0-100
3818,19,83,High,Low,No,6,69,Medium,Yes,5,Medium,Medium,Private,Positive,2,No,Postgraduate,Far,Male,69,16+ hours,4,80-89%,3,1+ sessions,Within 0-100
3819,18,74,High,Medium,No,8,75,High,Yes,1,High,High,Public,Positive,3,No,Postgraduate,Moderate,Male,68,16+ hours,4,70-79%,2,1+ sessions,Within 0-100
3820,13,69,Medium,Low,No,5,70,Medium,Yes,0,Medium,High,Private,Negative,2,No,College,Near,Male,61,11-15 hours,3,60-69%,1,No tutoring,Within 0-100
3821,18,85,High,Medium,Yes,6,74,Medium,Yes,3,Low,Medium,Private,Negative,2,No,College,Far,Male,67,16+ hours,4,80-89%,3,1+ sessions,Within 0-100
3822,22,80,Medium,High,Yes,9,51,Medium,Yes,2,Medium,Medium,Public,Negative,3,No,Postgraduate,Near,Male,68,16+ hours,4,80-89%,3,1+ sessions,Within 0-100
3823,20,100,Medium,Medium,Yes,8,91,Medium,Yes,3,Low,Medium,Public,Positive,3,No,High School,Near,Male,72,16+ hours,4,90-100%,4,1+ sessions,Within 0-100
3824,21,99,High,Low,Yes,4,67,Medium,Yes,1,Medium,Medium,Private,Negative,4,No,College,Near,Female,71,16+ hours,4,90-100%,4,1+ sessions,Within 0-100
3825,16,85,Medium,Medium,Yes,5,86,Low,No,3,Medium,Medium,Public,Positive,2,No,High School,Near,Male,67,16+ hours,4,80-89%,3,1+ sessions,Within 0-100
3826,27,78,Medium,Medium,No,10,53,Medium,Yes,3,Medium,Medium,Private,Neutral,4,Yes,Postgraduate,Moderate,Male,68,16+ hours,4,70-79%,2,1+ sessions,Within 0-100
3827,13,80,Medium,Medium,No,9,76,Medium,Yes,0,High,Medium,Public,Neutral,2,No,High School,Near,Female,64,11-15 hours,3,80-89%,3,No tutoring,Within 0-100
3828,23,87,Medium,High,No,6,95,High,Yes,3,High,Medium,Private,Positive,0,No,High School,Near,Female,73,16+ hours,4,80-89%,3,1+ sessions,Within 0-100
3829,27,64,Low,Medium,Yes,5,70,Medium,Yes,0,Low,High,Public,Positive,4,No,High School,Near,Female,65,16+ hours,4,60-69%,1,No tutoring,Within 0-100
3830,23,73,Low,High,No,5,60,High,Yes,1,Medium,Medium,Private,Positive,2,No,Postgraduate,Near,Female,67,16+ hours,4,70-79%,2,1+ sessions,Within 0-100
3831,19,63,High,Medium,Yes,8,55,Low,Yes,0,Medium,Medium,Private,Positive,4,No,College,Moderate,Female,63,16+ hours,4,60-69%,1,No tutoring,Within 0-100
3832,17,63,Medium,Medium,Yes,10,93,Medium,Yes,0,Low,Medium,Public,Positive,2,Yes,Postgraduate,Near,Female,63,16+ hours,4,60-69%,1,No tutoring,Within 0-100
3833,26,68,Medium,Medium,Yes,10,62,High,Yes,4,Medium,Medium,Public,Neutral,2,No,Postgraduate,Near,Female,69,16+ hours,4,60-69%,1,1+ sessions,Within 0-100
3834,11,79,High,High,Yes,5,99,Medium,Yes,1,High,Low,Public,Positive,3,No,High School,Near,Female,68,11-15 hours,3,70-79%,2,1+ sessions,Within 0-100
3835,14,91,Medium,Medium,Yes,7,62,Medium,Yes,2,Low,High,Public,Neutral,2,No,College,Near,Male,68,11-15 hours,3,90-100%,4,1+ sessions,Within 0-100
3836,18,79,High,High,Yes,6,74,Medium,Yes,3,Low,Medium,Public,Positive,4,No,High School,Near,Male,69,16+ hours,4,70-79%,2,1+ sessions,Within 0-100
3837,27,73,High,High,Yes,7,73,High,Yes,5,High,High,Public,Negative,3,No,High School,Near,Female,73,16+ hours,4,70-79%,2,1+ sessions,Within 0-100
3838,22,63,High,High,Yes,5,53,High,Yes,3,Low,High,Public,Negative,2,No,High School,Near,Male,66,16+ hours,4,60-69%,1,1+ sessions,Within 0-100
3839,14,82,Medium,Medium,Yes,6,77,Medium,Yes,3,Medium,Medium,Public,Positive,3,No,College,Near,Female,68,11-15 hours,3,80-89%,3,1+ sessions,Within 0-100
3840,18,71,Medium,Medium,No,6,84,Medium,Yes,2,Medium,Low,Public,Neutral,2,No,Postgraduate,Near,Male,65,16+ hours,4,70-79%,2,1+ sessions,Within 0-100
3841,16,85,Medium,Medium,No,8,87,High,Yes,4,Low,Medium,Private,Negative,3,No,High School,Far,Male,67,16+ hours,4,80-89%,3,1+ sessions,Within 0-100
3842,16,99,Medium,Medium,No,6,76,Low,Yes,2,Medium,Medium,Private,Positive,4,No,College,Near,Female,70,16+ hours,4,90-100%,4,1+ sessions,Within 0-100
3843,26,64,Medium,High,No,6,91,Medium,Yes,1,Low,Medium,Private,Neutral,4,No,High School,Moderate,Male,66,16+ hours,4,60-69%,1,1+ sessions,Within 0-100
3844,12,68,Medium,High,No,8,88,High,Yes,3,Low,Medium,Public,Negative,3,No,Postgraduate,Moderate,Female,64,11-15 hours,3,60-69%,1,1+ sessions,Within 0-100
3845,30,79,Medium,High,No,9,60,Medium,Yes,1,Low,Medium,Public,Neutral,3,No,High School,Near,Female,69,16+ hours,4,70-79%,2,1+ sessions,Within 0-100
3846,25,99,Low,Medium,No,10,70,Medium,Yes,1,Medium,Medium,Public,Positive,5,No,College,Far,Female,71,16+ hours,4,90-100%,4,1+ sessions,Within 0-100
3847,27,91,Medium,Low,No,8,57,Medium,Yes,0,Low,Low,Private,Neutral,4,No,Postgraduate,Moderate,Male,68,16+ hours,4,90-100%,4,No tutoring,Within 0-100
3848,17,96,High,Medium,No,7,57,Low,Yes,2,Medium,Medium,Private,Negative,3,No,College,Moderate,Female,68,16+ hours,4,90-100%,4,1+ sessions,Within 0-100
3849,19,73,Low,Medium,Yes,9,86,High,Yes,0,Medium,High,Public,Positive,3,No,College,Near,Female,66,16+ hours,4,70-79%,2,No tutoring,Within 0-100
3850,11,100,Low,High,No,9,77,Medium,Yes,2,Medium,High,Public,Positive,3,No,Postgraduate,Near,Female,70,11-15 hours,3,90-100%,4,1+ sessions,Within 0-100
3851,17,64,Medium,High,No,8,80,Medium,Yes,0,High,High,Public,Positive,2,No,Postgraduate,Near,Female,65,16+ hours,4,60-69%,1,No tutoring,Within 0-100
3852,23,62,Medium,Low,Yes,5,87,Medium,Yes,1,Medium,Medium,Public,Negative,4,No,High School,Near,Female,63,16+ hours,4,60-69%,1,1+ sessions,Within 0-100
3853,28,94,Low,Medium,Yes,9,64,Medium,Yes,0,Medium,Medium,Public,Neutral,3,No,High School,Moderate,Female,70,16+ hours,4,90-100%,4,No tutoring,Within 0-100
3854,13,97,Low,Medium,Yes,8,70,Medium,Yes,0,High,Medium,Private,Neutral,2,No,Postgraduate,Moderate,Female,67,11-15 hours,3,90-100%,4,No tutoring,Within 0-100
3855,18,64,Medium,Medium,No,6,80,Medium,Yes,1,Medium,Medium,Public,Positive,5,Yes,High School,Near,Male,63,16+ hours,4,60-69%,1,1+ sessions,Within 0-100
3856,19,65,High,Medium,No,6,55,Medium,Yes,1,Low,High,Public,Positive,3,No,Postgraduate,Moderate,Male,64,16+ hours,4,60-69%,1,1+ sessions,Within 0-100
3857,12,61,Low,Medium,Yes,8,92,Medium,Yes,2,High,Medium,Public,Neutral,4,Yes,High School,Moderate,Male,60,11-15 hours,3,60-69%,1,1+ sessions,Within 0-100
3858,24,64,Medium,Medium,Yes,4,67,Low,Yes,0,Low,Medium,Public,Neutral,1,No,High School,Near,Male,62,16+ hours,4,60-69%,1,No tutoring,Within 0-100
3859,16,68,Medium,High,No,7,83,High,Yes,2,Low,High,Public,Positive,2,No,High School,Near,Female,65,16+ hours,4,60-69%,1,1+ sessions,Within 0-100
3860,19,99,Low,Low,No,6,100,Medium,Yes,0,High,Low,Private,Negative,3,No,Postgraduate,Near,Male,69,16+ hours,4,90-100%,4,No tutoring,Within 0-100
3861,17,87,Medium,High,Yes,6,74,Low,Yes,1,Low,High,Private,Neutral,3,No,College,Moderate,Female,68,16+ hours,4,80-89%,3,1+ sessions,Within 0-100
3862,15,91,Medium,Medium,No,6,61,Medium,No,1,Medium,High,Public,Positive,2,No,High School,Moderate,Male,66,11-15 hours,3,90-100%,4,1+ sessions,Within 0-100
3863,20,91,High,High,Yes,5,61,Low,Yes,4,Low,Medium,Public,Positive,2,No,Postgraduate,Near,Male,72,16+ hours,4,90-100%,4,1+ sessions,Within 0-100
3864,19,81,Medium,High,Yes,9,53,Medium,Yes,2,High,Medium,Public,Positive,3,No,High School,Near,Male,68,16+ hours,4,80-89%,3,1+ sessions,Within 0-100
3865,18,92,Medium,Medium,No,4,88,Medium,Yes,3,High,Medium,Public,Neutral,2,No,High School,Moderate,Male,69,16+ hours,4,90-100%,4,1+ sessions,Within 0-100
3866,16,84,Medium,Medium,No,7,65,Low,Yes,1,High,High,Public,Negative,3,No,High School,Moderate,Male,65,16+ hours,4,80-89%,3,1+ sessions,Within 0-100
3867,22,73,High,Medium,Yes,6,59,Low,Yes,0,Low,Medium,Public,Positive,1,No,High School,Near,Male,65,16+ hours,4,70-79%,2,No tutoring,Within 0-100
3868,30,82,Low,Medium,Yes,10,86,Low,Yes,2,Low,High,Public,Neutral,4,No,High School,Near,Female,70,16+ hours,4,80-89%,3,1+ sessions,Within 0-100
3869,21,81,Medium,Low,Yes,7,65,High,Yes,1,Medium,Medium,Public,Positive,2,No,College,Moderate,Male,67,16+ hours,4,80-89%,3,1+ sessions,Within 0-100
3870,26,93,High,Medium,No,4,80,Medium,Yes,4,Low,Medium,Private,Positive,3,Yes,College,Near,Male,73,16+ hours,4,90-100%,4,1+ sessions,Within 0-100
3871,12,99,High,High,No,8,71,Medium,Yes,2,Medium,Low,Public,Neutral,2,No,College,Near,Female,70,11-15 hours,3,90-100%,4,1+ sessions,Within 0-100
3872,21,76,Medium,Medium,Yes,5,67,Medium,Yes,1,High,Low,Private,Positive,3,No,High School,Moderate,Male,66,16+ hours,4,70-79%,2,1+ sessions,Within 0-100
3873,13,91,Medium,Medium,Yes,8,74,Medium,Yes,1,Low,Medium,Private,Positive,1,No,Postgraduate,Near,Male,68,11-15 hours,3,90-100%,4,1+ sessions,Within 0-100
3874,11,64,Medium,Medium,Yes,8,66,Medium,Yes,2,Low,Medium,Public,Positive,2,No,College,Moderate,Male,61,11-15 hours,3,60-69%,1,1+ sessions,Within 0-100
3875,16,91,Medium,High,No,9,94,Low,Yes,0,High,Medium,Public,Positive,3,No,Postgraduate,Near,Male,70,16+ hours,4,90-100%,4,No tutoring,Within 0-100
3876,27,75,Medium,Low,Yes,7,54,Low,Yes,2,Medium,Medium,Public,Negative,3,No,Postgraduate,Near,Female,66,16+ hours,4,70-79%,2,1+ sessions,Within 0-100
3877,26,62,High,Medium,Yes,8,52,Medium,Yes,4,Low,Medium,Public,Neutral,5,No,College,Near,Male,67,16+ hours,4,60-69%,1,1+ sessions,Within 0-100
3878,21,75,High,High,No,7,70,High,Yes,1,Medium,High,Private,Neutral,3,No,Postgraduate,Near,Female,69,16+ hours,4,70-79%,2,1+ sessions,Within 0-100
3879,11,84,Medium,Low,Yes,6,59,Low,Yes,2,Medium,Medium,Public,Positive,3,No,High School,Near,Female,64,11-15 hours,3,80-89%,3,1+ sessions,Within 0-100
3880,19,65,High,Medium,Yes,9,87,Low,Yes,0,High,High,Public,Positive,2,No,College,Moderate,Male,65,16+ hours,4,60-69%,1,No tutoring,Within 0-100
3881,22,97,High,Medium,Yes,5,68,Low,Yes,7,Medium,High,Private,Negative,5,No,College,Near,Female,75,16+ hours,4,90-100%,4,1+ sessions,Within 0-100
3882,21,63,High,Medium,No,7,63,Medium,Yes,2,Medium,Medium,Public,Neutral,2,No,High School,Far,Male,63,16+ hours,4,60-69%,1,1+ sessions,Within 0-100
3883,9,97,High,Medium,No,6,68,Low,Yes,5,Medium,Medium,Private,Neutral,3,No,College,Near,Male,69,6-10 hours,2,90-100%,4,1+ sessions,Within 0-100
3884,15,88,Medium,High,Yes,8,61,Low,Yes,2,Medium,High,Public,Positive,4,Yes,High School,Near,Male,68,11-15 hours,3,80-89%,3,1+ sessions,Within 0-100
3885,20,73,Medium,Low,Yes,6,65,Medium,Yes,2,High,High,Private,Positive,2,No,College,Near,Male,66,16+ hours,4,70-79%,2,1+ sessions,Within 0-100
3886,23,76,Low,Medium,Yes,6,78,Low,Yes,2,High,Medium,Public,Positive,2,No,High School,Moderate,Female,66,16+ hours,4,70-79%,2,1+ sessions,Within 0-100
3887,7,90,Low,Medium,Yes,7,93,Low,Yes,4,Medium,Medium,Public,Neutral,3,No,College,Near,Male,66,6-10 hours,2,90-100%,4,1+ sessions,Within 0-100
3888,19,84,Medium,Medium,Yes,9,69,Medium,Yes,2,Medium,Low,Public,Neutral,4,No,College,Near,Female,68,16+ hours,4,80-89%,3,1+ sessions,Within 0-100
3889,21,87,Low,Medium,Yes,6,66,Medium,Yes,1,Low,Low,Public,Negative,2,No,High School,Moderate,Female,65,16+ hours,4,80-89%,3,1+ sessions,Within 0-100
3890,25,76,Medium,High,No,6,89,High,Yes,3,Low,Medium,Public,Neutral,3,No,College,Near,Male,70,16+ hours,4,70-79%,2,1+ sessions,Within 0-100
3891,24,80,Medium,High,No,5,51,Medium,Yes,3,High,Low,Public,Positive,2,No,High School,Near,Female,68,16+ hours,4,80-89%,3,1+ sessions,Within 0-100
3892,23,100,Medium,Medium,No,6,65,Low,Yes,1,Medium,High,Public,Neutral,2,Yes,High School,Near,Female,70,16+ hours,4,90-100%,4,1+ sessions,Within 0-100
3893,15,69,Low,Medium,No,8,73,Medium,Yes,2,Medium,Medium,Public,Neutral,2,No,High School,Moderate,Male,61,11-15 hours,3,60-69%,1,1+ sessions,Within 0-100
3894,9,77,Low,Low,No,7,80,Medium,Yes,3,Medium,Medium,Public,Positive,3,Yes,High School,Near,Male,61,6-10 hours,2,70-79%,2,1+ sessions,Within 0-100
3895,18,72,Low,High,No,7,58,Low,Yes,6,Low,Medium,Public,Positive,0,No,High School,Moderate,Male,64,16+ hours,4,70-79%,2,1+ sessions,Within 0-100
3896,26,91,Low,Medium,No,10,72,Low,Yes,4,High,Medium,Public,Neutral,3,No,College,Moderate,Male,71,16+ hours,4,90-100%,4,1+ sessions,Within 0-100
3897,28,91,High,Medium,Yes,4,78,Low,Yes,1,Medium,Low,Public,Positive,3,No,High School,Moderate,Male,72,16+ hours,4,90-100%,4,1+ sessions,Within 0-100
3898,24,72,Medium,High,Yes,10,76,High,No,1,Low,Medium,Public,Negative,3,No,High School,Near,Male,66,16+ hours,4,70-79%,2,1+ sessions,Within 0-100
3899,23,63,Medium,Medium,Yes,9,79,High,Yes,0,Low,Medium,Private,Negative,4,No,High School,Far,Female,63,16+ hours,4,60-69%,1,No tutoring,Within 0-100
3900,22,60,Low,Low,No,7,83,Medium,No,3,Medium,Medium,Public,Positive,1,No,College,Near,Female,62,16+ hours,4,60-69%,1,1+ sessions,Within 0-100
3901,17,77,Medium,Medium,Yes,8,69,Low,Yes,3,High,Medium,Public,Neutral,3,Yes,Unknown,Near,Male,65,16+ hours,4,70-79%,2,1+ sessions,Within 0-100
3902,19,76,Medium,Medium,Yes,6,53,Medium,Yes,2,Medium,Medium,Public,Positive,5,No,High School,Near,Male,66,16+ hours,4,70-79%,2,1+ sessions,Within 0-100
3903,30,100,Low,High,No,7,53,Medium,Yes,2,Low,High,Private,Neutral,3,No,High School,Moderate,Male,72,16+ hours,4,90-100%,4,1+ sessions,Within 0-100
3904,14,79,High,Medium,Yes,10,93,Medium,Yes,2,Medium,Medium,Public,Neutral,3,No,College,Near,Male,68,11-15 hours,3,70-79%,2,1+ sessions,Within 0-100
3905,30,70,High,Low,No,6,84,High,Yes,2,Medium,Medium,Public,Positive,3,No,Postgraduate,Near,Male,70,16+ hours,4,70-79%,2,1+ sessions,Within 0-100
3906,18,96,Medium,Medium,Yes,7,88,Medium,Yes,1,Medium,High,Private,Negative,3,No,High School,Moderate,Female,70,16+ hours,4,90-100%,4,1+ sessions,Within 0-100
3907,28,80,Medium,High,No,6,96,High,Yes,2,Low,Medium,Public,Positive,6,No,High School,Near,Male,73,16+ hours,4,80-89%,3,1+ sessions,Within 0-100
3908,12,84,Medium,High,No,6,88,High,No,2,High,High,Public,Positive,2,No,High School,Near,Male,67,11-15 hours,3,80-89%,3,1+ sessions,Within 0-100
3909,24,64,Medium,Low,No,6,85,Medium,Yes,3,Medium,Medium,Public,Positive,2,No,Postgraduate,Moderate,Male,65,16+ hours,4,60-69%,1,1+ sessions,Within 0-100
3910,16,75,High,Low,Yes,5,83,Medium,Yes,1,Medium,High,Private,Negative,3,No,College,Moderate,Female,65,16+ hours,4,70-79%,2,1+ sessions,Within 0-100
3911,12,98,Low,Medium,No,7,63,Medium,Yes,0,High,Medium,Private,Neutral,3,Yes,High School,Near,Female,65,11-15 hours,3,90-100%,4,No tutoring,Within 0-100
3912,21,84,Medium,Medium,Yes,7,98,Medium,Yes,0,Medium,Medium,Public,Neutral,4,No,College,Near,Male,70,16+ hours,4,80-89%,3,No tutoring,Within 0-100
3913,26,74,Medium,Low,Yes,6,77,Medium,Yes,3,Medium,Medium,Private,Negative,2,No,High School,Far,Male,66,16+ hours,4,70-79%,2,1+ sessions,Within 0-100
3914,15,85,Medium,Medium,Yes,4,61,Medium,Yes,0,Medium,Low,Public,Neutral,1,No,College,Near,Male,65,11-15 hours,3,80-89%,3,No tutoring,Within 0-100
3915,11,96,High,High,No,7,60,Medium,Yes,2,Low,Medium,Public,Neutral,1,No,High School,Near,Male,68,11-15 hours,3,90-100%,4,1+ sessions,Within 0-100
3916,19,71,Medium,Medium,Yes,7,91,Medium,Yes,3,High,Medium,Public,Negative,1,No,High School,Moderate,Female,66,16+ hours,4,70-79%,2,1+ sessions,Within 0-100
3917,19,80,Low,Medium,Yes,10,63,High,No,1,Medium,Medium,Public,Neutral,2,No,College,Near,Female,65,16+ hours,4,80-89%,3,1+ sessions,Within 0-100
3918,23,98,Medium,High,Yes,7,52,Low,Yes,2,Low,High,Private,Positive,4,Yes,High School,Near,Female,71,16+ hours,4,90-100%,4,1+ sessions,Within 0-100
3919,26,67,Low,Medium,Yes,8,71,Medium,Yes,2,High,Medium,Private,Negative,3,No,High School,Near,Male,65,16+ hours,4,60-69%,1,1+ sessions,Within 0-100
3920,20,89,Low,Medium,Yes,6,91,High,Yes,0,Medium,Medium,Private,Positive,4,No,College,Near,Male,70,16+ hours,4,80-89%,3,No tutoring,Within 0-100
3921,31,85,Medium,Medium,Yes,9,71,Low,Yes,0,Medium,High,Public,Negative,2,Yes,College,Moderate,Female,69,16+ hours,4,80-89%,3,No tutoring,Within 0-100
3922,21,87,Medium,Medium,No,6,90,High,Yes,3,High,Medium,Public,Negative,4,No,High School,Near,Male,71,16+ hours,4,80-89%,3,1+ sessions,Within 0-100
3923,18,74,Medium,High,Yes,8,91,Medium,Yes,0,Medium,High,Private,Positive,2,No,High School,Near,Female,67,16+ hours,4,70-79%,2,No tutoring,Within 0-100
3924,10,73,Medium,Medium,Yes,8,93,High,Yes,3,Low,Medium,Public,Positive,2,Yes,Unknown,Moderate,Male,64,6-10 hours,2,70-79%,2,1+ sessions,Within 0-100
3925,18,87,Low,Low,No,8,79,High,Yes,1,Low,High,Public,Negative,4,No,College,Near,Male,82,16+ hours,4,80-89%,3,1+ sessions,Within 0-100
3926,18,69,Medium,High,Yes,10,85,Medium,Yes,2,High,Medium,Private,Positive,0,No,College,Moderate,Female,66,16+ hours,4,60-69%,1,1+ sessions,Within 0-100
3927,26,77,Low,Medium,Yes,6,63,Low,Yes,1,Low,High,Public,Negative,4,No,High School,Near,Male,66,16+ hours,4,70-79%,2,1+ sessions,Within 0-100
3928,23,68,High,Medium,Yes,9,55,Medium,Yes,1,Medium,Medium,Public,Positive,3,No,High School,Moderate,Male,65,16+ hours,4,60-69%,1,1+ sessions,Within 0-100
3929,13,60,Medium,Medium,No,9,77,Low,Yes,2,Medium,High,Private,Positive,5,Yes,High School,Near,Male,61,11-15 hours,3,60-69%,1,1+ sessions,Within 0-100
3930,21,99,Medium,High,No,7,51,High,Yes,2,Medium,Low,Private,Neutral,2,No,Postgraduate,Near,Female,72,16+ hours,4,90-100%,4,1+ sessions,Within 0-100
3931,24,77,High,Medium,Yes,10,73,Medium,Yes,3,Medium,Medium,Public,Positive,3,No,High School,Near,Male,70,16+ hours,4,70-79%,2,1+ sessions,Within 0-100
3932,29,99,Medium,Medium,Yes,7,55,Low,Yes,0,Medium,Medium,Private,Positive,3,No,High School,Moderate,Male,71,16+ hours,4,90-100%,4,No tutoring,Within 0-100
3933,25,66,High,Medium,Yes,7,55,Medium,Yes,4,Medium,Medium,Public,Neutral,2,Yes,High School,Moderate,Female,84,16+ hours,4,60-69%,1,1+ sessions,Within 0-100
3934,25,83,High,High,Yes,7,94,Low,Yes,2,Low,High,Public,Positive,3,Yes,College,Moderate,Male,72,16+ hours,4,80-89%,3,1+ sessions,Within 0-100
3935,20,68,Medium,High,Yes,5,82,Medium,No,1,Low,High,Public,Positive,3,No,Postgraduate,Near,Female,67,16+ hours,4,60-69%,1,1+ sessions,Within 0-100
3936,22,92,High,Low,No,8,82,Medium,Yes,2,Medium,Medium,Private,Neutral,5,No,Postgraduate,Near,Male,72,16+ hours,4,90-100%,4,1+ sessions,Within 0-100
3937,27,91,Low,High,Yes,8,70,Low,Yes,1,Medium,Low,Public,Neutral,6,No,High School,Moderate,Female,70,16+ hours,4,90-100%,4,1+ sessions,Within 0-100
3938,12,65,Medium,High,No,7,71,Medium,Yes,1,Low,High,Public,Neutral,4,No,High School,Moderate,Male,62,11-15 hours,3,60-69%,1,1+ sessions,Within 0-100
3939,18,96,High,Medium,Yes,10,65,Low,Yes,3,Medium,Medium,Public,Positive,2,No,College,Moderate,Female,71,16+ hours,4,90-100%,4,1+ sessions,Within 0-100
3940,15,68,Low,Medium,No,6,72,Low,Yes,3,High,Low,Public,Neutral,3,No,High School,Near,Female,62,11-15 hours,3,60-69%,1,1+ sessions,Within 0-100
3941,22,85,Medium,Medium,Yes,4,79,Low,Yes,1,Low,Low,Public,Positive,3,No,High School,Near,Female,68,16+ hours,4,80-89%,3,1+ sessions,Within 0-100
3942,27,99,High,Medium,No,10,59,High,Yes,2,Low,Medium,Public,Positive,3,No,High School,Near,Male,74,16+ hours,4,90-100%,4,1+ sessions,Within 0-100
3943,16,95,High,High,No,9,63,Medium,No,0,Medium,Low,Private,Positive,3,No,High School,Near,Male,68,16+ hours,4,90-100%,4,No tutoring,Within 0-100
3944,6,98,Medium,Low,No,8,75,Medium,Yes,1,High,Medium,Public,Neutral,3,Yes,Postgraduate,Far,Female,64,6-10 hours,2,90-100%,4,1+ sessions,Within 0-100
3945,18,74,High,Medium,Yes,6,69,Medium,Yes,0,Low,Medium,Public,Positive,4,No,High School,Moderate,Male,65,16+ hours,4,70-79%,2,No tutoring,Within 0-100
3946,25,64,Medium,Low,Yes,8,91,Medium,Yes,1,Low,Low,Public,Positive,5,No,College,Near,Male,66,16+ hours,4,60-69%,1,1+ sessions,Within 0-100
3947,23,68,Medium,High,No,5,91,Low,Yes,5,Low,Medium,Public,Neutral,1,No,College,Near,Female,68,16+ hours,4,60-69%,1,1+ sessions,Within 0-100
3948,23,80,Medium,Medium,No,7,67,Low,Yes,2,Low,High,Public,Neutral,4,No,High School,Near,Male,67,16+ hours,4,80-89%,3,1+ sessions,Within 0-100
3949,18,92,Medium,Medium,Yes,6,73,Low,Yes,1,Medium,High,Public,Neutral,5,Yes,High School,Moderate,Female,67,16+ hours,4,90-100%,4,1+ sessions,Within 0-100
3950,12,66,Medium,High,Yes,7,99,Low,Yes,2,Medium,Low,Public,Neutral,3,No,High School,Moderate,Male,63,11-15 hours,3,60-69%,1,1+ sessions,Within 0-100
3951,23,86,Medium,High,Yes,8,91,Medium,Yes,2,Low,Medium,Public,Negative,1,No,College,Near,Female,71,16+ hours,4,80-89%,3,1+ sessions,Within 0-100
3952,15,73,Medium,High,No,5,61,Low,No,1,Low,High,Private,Positive,2,No,Postgraduate,Moderate,Male,63,11-15 hours,3,70-79%,2,1+ sessions,Within 0-100
3953,33,74,Medium,Low,No,8,64,Medium,Yes,0,Medium,Medium,Public,Negative,3,Yes,High School,Near,Male,66,16+ hours,4,70-79%,2,No tutoring,Within 0-100
3954,23,86,High,Medium,No,7,54,Low,Yes,2,Medium,Medium,Public,Negative,2,Yes,High School,Near,Female,67,16+ hours,4,80-89%,3,1+ sessions,Within 0-100
3955,17,79,Medium,High,Yes,8,84,Medium,Yes,0,Medium,Medium,Public,Neutral,2,No,High School,Moderate,Male,66,16+ hours,4,70-79%,2,No tutoring,Within 0-100
3956,16,92,Medium,Medium,Yes,7,66,High,Yes,2,Medium,Medium,Public,Positive,4,No,Postgraduate,Moderate,Female,70,16+ hours,4,90-100%,4,1+ sessions,Within 0-100
3957,19,66,High,Medium,No,8,77,Low,No,3,Medium,Medium,Public,Negative,4,No,College,Moderate,Female,64,16+ hours,4,60-69%,1,1+ sessions,Within 0-100
3958,19,92,Medium,Medium,Yes,6,88,Low,Yes,1,High,Medium,Public,Positive,2,No,Postgraduate,Near,Male,71,16+ hours,4,90-100%,4,1+ sessions,Within 0-100
3959,27,63,High,High,Yes,4,92,Medium,Yes,0,Low,Medium,Public,Neutral,3,No,College,Near,Female,68,16+ hours,4,60-69%,1,No tutoring,Within 0-100
3960,21,68,Low,Medium,Yes,5,66,Low,Yes,2,High,Medium,Private,Neutral,3,No,High School,Near,Male,64,16+ hours,4,60-69%,1,1+ sessions,Within 0-100
3961,16,86,Medium,Medium,Yes,6,62,Low,Yes,1,Low,High,Public,Positive,4,No,High School,Near,Female,66,16+ hours,4,80-89%,3,1+ sessions,Within 0-100
3962,31,94,Low,Medium,No,5,92,Low,Yes,1,High,Low,Private,Neutral,4,No,High School,Near,Male,72,16+ hours,4,90-100%,4,1+ sessions,Within 0-100
3963,20,70,Low,Medium,Yes,9,69,High,Yes,2,Medium,High,Public,Neutral,3,No,Postgraduate,Near,Female,66,16+ hours,4,70-79%,2,1+ sessions,Within 0-100
3964,25,73,Medium,High,Yes,7,91,Medium,Yes,0,Medium,High,Public,Neutral,4,No,Unknown,Near,Female,70,16+ hours,4,70-79%,2,No tutoring,Within 0-100
3965,16,81,Medium,Medium,Yes,8,57,High,Yes,1,Medium,Medium,Private,Positive,2,No,High School,Near,Male,66,16+ hours,4,80-89%,3,1+ sessions,Within 0-100
3966,22,68,High,Medium,No,8,96,Medium,Yes,1,Medium,Medium,Public,Positive,3,No,Postgraduate,Moderate,Female,68,16+ hours,4,60-69%,1,1+ sessions,Within 0-100
3967,22,92,Medium,Low,Yes,7,74,High,Yes,2,Medium,Low,Public,Positive,4,No,College,Moderate,Male,70,16+ hours,4,90-100%,4,1+ sessions,Within 0-100
3968,9,91,Medium,Medium,No,10,59,High,Yes,0,Low,Medium,Private,Positive,2,No,College,Moderate,Male,64,6-10 hours,2,90-100%,4,No tutoring,Within 0-100
3969,32,66,High,High,Yes,10,77,High,Yes,3,Medium,Medium,Public,Neutral,1,No,College,Near,Male,71,16+ hours,4,60-69%,1,1+ sessions,Within 0-100
3970,28,79,Medium,High,Yes,9,94,Low,Yes,2,Low,Medium,Private,Positive,5,No,College,Near,Male,72,16+ hours,4,70-79%,2,1+ sessions,Within 0-100
3971,18,91,High,Medium,Yes,6,69,Medium,Yes,5,Low,High,Public,Positive,2,No,High School,Near,Male,71,16+ hours,4,90-100%,4,1+ sessions,Within 0-100
3972,13,73,Medium,Low,No,9,59,Medium,Yes,0,Medium,High,Public,Neutral,4,No,Postgraduate,Near,Male,63,11-15 hours,3,70-79%,2,No tutoring,Within 0-100
3973,22,85,Low,Medium,Yes,4,79,Medium,Yes,1,High,Low,Public,Positive,2,No,College,Near,Male,68,16+ hours,4,80-89%,3,1+ sessions,Within 0-100
3974,21,62,Medium,Medium,No,9,92,Medium,Yes,1,Medium,Medium,Private,Positive,4,Yes,High School,Near,Male,63,16+ hours,4,60-69%,1,1+ sessions,Within 0-100
3975,22,84,Medium,Medium,No,4,56,Medium,Yes,0,High,Low,Private,Positive,2,No,High School,Moderate,Male,66,16+ hours,4,80-89%,3,No tutoring,Within 0-100
3976,21,66,Medium,Medium,Yes,7,52,High,Yes,1,Medium,Medium,Public,Neutral,3,No,High School,Far,Female,63,16+ hours,4,60-69%,1,1+ sessions,Within 0-100
3977,23,93,High,High,No,9,53,High,Yes,1,Low,Medium,Private,Neutral,4,No,College,Near,Female,72,16+ hours,4,90-100%,4,1+ sessions,Within 0-100
3978,29,74,Medium,High,Yes,8,62,High,Yes,3,Low,High,Public,Positive,3,Yes,Postgraduate,Moderate,Male,70,16+ hours,4,70-79%,2,1+ sessions,Within 0-100
3979,23,71,Medium,Medium,Yes,5,50,Medium,Yes,1,Low,High,Public,Positive,1,No,College,Near,Female,65,16+ hours,4,70-79%,2,1+ sessions,Within 0-100
3980,14,94,Medium,High,Yes,7,71,Medium,Yes,0,Medium,Medium,Private,Negative,3,Yes,College,Moderate,Female,67,11-15 hours,3,90-100%,4,No tutoring,Within 0-100
3981,28,62,Low,High,No,8,85,Medium,Yes,2,Low,High,Public,Positive,3,No,High School,Moderate,Female,66,16+ hours,4,60-69%,1,1+ sessions,Within 0-100
3982,30,76,Medium,Medium,Yes,7,86,Medium,Yes,1,Medium,High,Public,Neutral,2,Yes,Postgraduate,Far,Male,69,16+ hours,4,70-79%,2,1+ sessions,Within 0-100
3983,39,75,Medium,High,Yes,6,82,High,Yes,1,High,Low,Public,Negative,3,No,College,Near,Male,73,16+ hours,4,70-79%,2,1+ sessions,Within 0-100
3984,13,71,Medium,High,Yes,8,65,High,Yes,2,Medium,Medium,Public,Neutral,4,No,Postgraduate,Near,Female,66,11-15 hours,3,70-79%,2,1+ sessions,Within 0-100
3985,21,96,Medium,Medium,Yes,9,87,Medium,Yes,0,Medium,Medium,Public,Neutral,6,Yes,High School,Near,Female,70,16+ hours,4,90-100%,4,No tutoring,Within 0-100
3986,8,90,High,High,No,7,79,High,Yes,2,Low,Medium,Public,Negative,4,No,College,Near,Male,68,6-10 hours,2,90-100%,4,1+ sessions,Within 0-100
3987,23,63,Low,Medium,Yes,9,93,Medium,Yes,2,Medium,High,Private,Positive,2,No,High School,Far,Male,65,16+ hours,4,60-69%,1,1+ sessions,Within 0-100
3988,17,89,Medium,Medium,No,7,74,Medium,Yes,1,Low,Medium,Private,Positive,2,No,Postgraduate,Moderate,Female,67,16+ hours,4,80-89%,3,1+ sessions,Within 0-100
3989,32,81,High,Medium,No,6,59,High,Yes,2,High,Medium,Public,Neutral,2,No,High School,Moderate,Female,71,16+ hours,4,80-89%,3,1+ sessions,Within 0-100
3990,15,96,High,High,No,9,82,Medium,Yes,2,Low,Low,Private,Neutral,3,No,High School,Near,Female,70,11-15 hours,3,90-100%,4,1+ sessions,Within 0-100
3991,10,73,Medium,Low,Yes,9,58,Low,Yes,5,Low,Medium,Private,Negative,3,No,High School,Moderate,Male,61,6-10 hours,2,70-79%,2,1+ sessions,Within 0-100
3992,17,83,High,Medium,Yes,6,98,Medium,Yes,0,Medium,Medium,Public,Positive,3,No,High School,Near,Male,69,16+ hours,4,80-89%,3,No tutoring,Within 0-100
3993,8,80,Low,Medium,Yes,6,85,Medium,Yes,1,Low,High,Public,Negative,3,No,Postgraduate,Near,Male,63,6-10 hours,2,80-89%,3,1+ sessions,Within 0-100
3994,25,80,Medium,Medium,Yes,10,88,Low,Yes,0,Low,High,Private,Negative,2,No,College,Moderate,Male,67,16+ hours,4,80-89%,3,No tutoring,Within 0-100
3995,8,78,High,Medium,Yes,7,84,Medium,Yes,0,Medium,Medium,Public,Positive,2,No,College,Near,Male,65,6-10 hours,2,70-79%,2,No tutoring,Within 0-100
3996,20,68,High,Medium,Yes,7,55,High,Yes,0,Low,Low,Public,Positive,3,Yes,High School,Near,Female,63,16+ hours,4,60-69%,1,No tutoring,Within 0-100
3997,8,90,Medium,Medium,No,7,73,High,Yes,3,High,Low,Private,Negative,4,No,Postgraduate,Near,Male,67,6-10 hours,2,90-100%,4,1+ sessions,Within 0-100
3998,18,78,Low,High,Yes,9,83,Medium,Yes,2,Low,Medium,Private,Negative,2,No,Postgraduate,Moderate,Female,66,16+ hours,4,70-79%,2,1+ sessions,Within 0-100
3999,30,98,Low,Medium,Yes,10,61,Medium,Yes,0,Low,Medium,Public,Positive,3,No,Postgraduate,Moderate,Male,72,16+ hours,4,90-100%,4,No tutoring,Within 0-100
4000,22,70,Medium,High,No,7,84,Low,Yes,3,Low,High,Public,Positive,5,No,High School,Near,Male,68,16+ hours,4,70-79%,2,1+ sessions,Within 0-100
4001,15,87,High,Medium,Yes,10,91,Medium,Yes,1,Low,Low,Public,Neutral,4,No,High School,Moderate,Male,67,11-15 hours,3,80-89%,3,1+ sessions,Within 0-100
4002,20,98,Medium,Medium,Yes,6,64,Medium,Yes,1,High,High,Private,Positive,3,No,Postgraduate,Moderate,Male,72,16+ hours,4,90-100%,4,1+ sessions,Within 0-100
4003,20,87,Medium,High,Yes,7,60,Medium,Yes,0,Low,Medium,Public,Positive,2,Yes,High School,Far,Female,66,16+ hours,4,80-89%,3,No tutoring,Within 0-100
4004,23,95,Medium,Medium,Yes,8,94,Medium,Yes,1,Medium,Medium,Public,Positive,4,No,High School,Near,Male,73,16+ hours,4,90-100%,4,1+ sessions,Within 0-100
4005,12,93,High,High,Yes,6,50,Low,Yes,4,High,High,Public,Positive,3,No,Postgraduate,Moderate,Male,71,11-15 hours,3,90-100%,4,1+ sessions,Within 0-100
4006,24,74,Low,Low,Yes,8,63,High,Yes,1,Low,High,Public,Positive,3,No,High School,Moderate,Male,65,16+ hours,4,70-79%,2,1+ sessions,Within 0-100
4007,4,84,Medium,Medium,Yes,6,70,Medium,Yes,5,Medium,High,Private,Neutral,4,No,High School,Near,Male,65,1-5 hours,1,80-89%,3,1+ sessions,Within 0-100
4008,16,66,High,Medium,Yes,5,84,Medium,Yes,2,Medium,Medium,Private,Neutral,3,No,High School,Near,Female,65,16+ hours,4,60-69%,1,1+ sessions,Within 0-100
4009,17,81,Medium,Medium,Yes,4,100,Low,Yes,2,Medium,High,Private,Neutral,2,No,College,Near,Male,68,16+ hours,4,80-89%,3,1+ sessions,Within 0-100
4010,24,69,High,Medium,No,7,69,Medium,No,7,High,Medium,Public,Positive,3,No,College,Near,Female,70,16+ hours,4,60-69%,1,1+ sessions,Within 0-100
4011,20,90,Medium,Low,Yes,8,97,Low,Yes,1,Medium,Low,Private,Neutral,2,No,High School,Near,Female,68,16+ hours,4,90-100%,4,1+ sessions,Within 0-100
4012,12,81,Low,Medium,Yes,5,68,High,Yes,0,Low,High,Private,Negative,2,No,High School,Near,Male,62,11-15 hours,3,80-89%,3,No tutoring,Within 0-100
4013,14,76,Medium,Medium,No,7,85,High,Yes,3,Low,Medium,Private,Neutral,3,No,College,Near,Male,66,11-15 hours,3,70-79%,2,1+ sessions,Within 0-100
4014,21,71,Medium,Medium,No,7,58,Low,Yes,3,Low,Medium,Public,Negative,5,No,College,Near,Female,65,16+ hours,4,70-79%,2,1+ sessions,Within 0-100
4015,20,100,Medium,Medium,Yes,7,73,Medium,Yes,1,Low,Medium,Public,Neutral,4,No,College,Near,Female,71,16+ hours,4,90-100%,4,1+ sessions,Within 0-100
4016,17,63,Medium,Medium,No,6,94,Low,Yes,0,Medium,Medium,Public,Negative,2,No,High School,Moderate,Male,61,16+ hours,4,60-69%,1,No tutoring,Within 0-100
4017,17,62,Medium,Medium,No,7,66,High,Yes,2,High,Medium,Public,Neutral,4,No,High School,Moderate,Male,63,16+ hours,4,60-69%,1,1+ sessions,Within 0-100
4018,24,69,Medium,High,Yes,7,55,Low,Yes,3,Medium,High,Public,Neutral,4,No,High School,Near,Male,67,16+ hours,4,60-69%,1,1+ sessions,Within 0-100
4019,17,99,Medium,Medium,No,8,76,Low,No,2,High,Medium,Public,Positive,4,No,Postgraduate,Near,Male,70,16+ hours,4,90-100%,4,1+ sessions,Within 0-100
4020,19,99,Medium,Medium,Yes,5,72,Low,Yes,3,Medium,High,Private,Neutral,4,No,Postgraduate,Near,Male,73,16+ hours,4,90-100%,4,1+ sessions,Within 0-100
4021,33,86,Medium,Medium,No,7,61,Medium,Yes,1,High,Unknown,Public,Positive,3,No,High School,Near,Male,72,16+ hours,4,80-89%,3,1+ sessions,Within 0-100
4022,11,95,Medium,Medium,Yes,5,95,Low,Yes,1,Low,High,Public,Positive,3,No,Postgraduate,Near,Male,69,11-15 hours,3,90-100%,4,1+ sessions,Within 0-100
4023,9,69,Low,Medium,Yes,7,80,Medium,Yes,1,Medium,Medium,Private,Neutral,3,No,College,Moderate,Male,61,6-10 hours,2,60-69%,1,1+ sessions,Within 0-100
4024,25,99,Medium,Medium,No,5,67,Medium,Yes,1,Low,High,Public,Neutral,3,No,Unknown,Near,Male,71,16+ hours,4,90-100%,4,1+ sessions,Within 0-100
4025,16,66,Medium,Medium,Yes,6,100,Medium,Yes,1,Medium,Medium,Public,Neutral,3,No,High School,Moderate,Female,64,16+ hours,4,60-69%,1,1+ sessions,Within 0-100
4026,18,64,Low,Medium,Yes,7,57,Medium,Yes,1,High,Medium,Public,Neutral,3,No,High School,Moderate,Male,61,16+ hours,4,60-69%,1,1+ sessions,Within 0-100
4027,15,64,Medium,Medium,No,6,92,Low,Yes,3,Low,Medium,Public,Negative,4,No,College,Near,Female,63,11-15 hours,3,60-69%,1,1+ sessions,Within 0-100
4028,18,83,Medium,Low,Yes,9,62,High,Yes,2,Low,Medium,Public,Negative,2,No,High School,Near,Male,65,16+ hours,4,80-89%,3,1+ sessions,Within 0-100
4029,30,91,High,Medium,No,9,62,Low,Yes,3,Low,High,Public,Negative,4,No,Postgraduate,Near,Female,73,16+ hours,4,90-100%,4,1+ sessions,Within 0-100
4030,25,75,Medium,Low,Yes,8,75,High,Yes,2,High,High,Private,Negative,4,Yes,Postgraduate,Near,Male,68,16+ hours,4,70-79%,2,1+ sessions,Within 0-100
4031,25,99,Medium,Medium,No,8,83,Medium,Yes,1,Medium,Medium,Public,Neutral,2,No,College,Near,Female,72,16+ hours,4,90-100%,4,1+ sessions,Within 0-100
4032,12,77,Low,Low,Yes,7,85,Medium,Yes,1,Medium,Medium,Public,Positive,3,No,College,Far,Male,62,11-15 hours,3,70-79%,2,1+ sessions,Within 0-100
4033,13,66,High,Medium,Yes,9,51,Low,Yes,3,Medium,Medium,Private,Positive,2,No,Postgraduate,Moderate,Male,63,11-15 hours,3,60-69%,1,1+ sessions,Within 0-100
4034,3,79,Low,Medium,Yes,7,64,Low,Yes,0,Medium,Medium,Public,Negative,3,No,Postgraduate,Far,Female,58,1-5 hours,1,70-79%,2,No tutoring,Within 0-100
4035,15,87,Medium,Medium,No,10,83,Medium,Yes,1,High,High,Private,Positive,3,No,High School,Near,Male,68,11-15 hours,3,80-89%,3,1+ sessions,Within 0-100
4036,26,93,High,High,Yes,6,94,Low,Yes,1,Medium,High,Public,Negative,2,No,High School,Near,Female,74,16+ hours,4,90-100%,4,1+ sessions,Within 0-100
4037,23,78,Medium,Medium,Yes,5,83,Medium,Yes,1,Medium,Medium,Public,Positive,3,No,High School,Near,Male,68,16+ hours,4,70-79%,2,1+ sessions,Within 0-100
4038,19,84,Medium,Medium,Yes,5,63,Medium,Yes,1,High,Medium,Private,Positive,2,No,High School,Near,Male,67,16+ hours,4,80-89%,3,1+ sessions,Within 0-100
4039,20,71,Medium,Medium,Yes,5,75,Low,Yes,0,Medium,Medium,Private,Positive,4,No,High School,Near,Male,65,16+ hours,4,70-79%,2,No tutoring,Within 0-100
4040,16,86,Low,Low,Yes,5,82,Low,Yes,0,Low,Medium,Public,Neutral,4,No,High School,Moderate,Female,63,16+ hours,4,80-89%,3,No tutoring,Within 0-100
4041,21,99,Medium,Low,No,7,57,High,Yes,2,Medium,Medium,Public,Neutral,2,No,Postgraduate,Near,Male,71,16+ hours,4,90-100%,4,1+ sessions,Within 0-100
4042,25,62,Medium,Low,Yes,8,77,Medium,Yes,0,Medium,Low,Public,Negative,4,No,College,Far,Female,62,16+ hours,4,60-69%,1,No tutoring,Within 0-100
4043,10,95,High,Low,Yes,7,74,High,Yes,2,Low,Medium,Public,Negative,3,No,High School,Far,Male,66,6-10 hours,2,90-100%,4,1+ sessions,Within 0-100
4044,22,82,Low,Medium,No,5,67,Low,Yes,1,Low,High,Private,Neutral,1,Yes,Postgraduate,Near,Female,65,16+ hours,4,80-89%,3,1+ sessions,Within 0-100
4045,26,70,High,Medium,No,6,81,Low,Yes,0,Low,High,Public,Neutral,3,No,High School,Moderate,Male,66,16+ hours,4,70-79%,2,No tutoring,Within 0-100
4046,18,98,High,Low,No,8,82,Medium,Yes,3,Medium,High,Public,Negative,3,No,College,Near,Male,71,16+ hours,4,90-100%,4,1+ sessions,Within 0-100
4047,24,79,Low,High,No,6,99,High,No,2,Low,High,Public,Negative,3,No,High School,Near,Male,68,16+ hours,4,70-79%,2,1+ sessions,Within 0-100
4048,37,73,Medium,High,Yes,6,71,Medium,Yes,0,High,High,Public,Positive,5,No,High School,Moderate,Male,72,16+ hours,4,70-79%,2,No tutoring,Within 0-100
4049,19,67,Medium,High,No,5,77,Medium,Yes,1,Medium,High,Private,Negative,4,No,Postgraduate,Near,Male,66,16+ hours,4,60-69%,1,1+ sessions,Within 0-100
4050,22,70,Medium,Low,Yes,6,58,Low,Yes,4,High,Medium,Public,Positive,2,No,Postgraduate,Moderate,Male,66,16+ hours,4,70-79%,2,1+ sessions,Within 0-100
4051,16,93,Low,High,No,6,77,High,Yes,2,Low,Medium,Public,Negative,1,No,High School,Moderate,Male,67,16+ hours,4,90-100%,4,1+ sessions,Within 0-100
4052,21,85,Low,High,Yes,7,52,Medium,Yes,5,High,High,Public,Positive,3,No,Postgraduate,Moderate,Male,71,16+ hours,4,80-89%,3,1+ sessions,Within 0-100
4053,23,97,High,High,Yes,8,57,Low,No,2,High,Medium,Public,Positive,1,No,Postgraduate,Far,Male,72,16+ hours,4,90-100%,4,1+ sessions,Within 0-100
4054,21,69,Low,Medium,No,7,59,Medium,Yes,3,Low,Medium,Public,Neutral,3,No,Postgraduate,Near,Male,64,16+ hours,4,60-69%,1,1+ sessions,Within 0-100
4055,14,65,Low,High,No,7,82,Low,Yes,1,Low,Low,Public,Negative,3,No,High School,Near,Male,60,11-15 hours,3,60-69%,1,1+ sessions,Within 0-100
4056,21,60,High,Low,No,8,78,Medium,Yes,2,Medium,High,Public,Positive,2,No,High School,Near,Female,64,16+ hours,4,60-69%,1,1+ sessions,Within 0-100
4057,29,80,Medium,Low,Yes,5,90,Medium,Yes,2,Medium,Low,Public,Positive,1,No,College,Near,Female,70,16+ hours,4,80-89%,3,1+ sessions,Within 0-100
4058,23,100,Medium,Low,Yes,10,73,Medium,Yes,3,Medium,Medium,Private,Neutral,2,No,College,Near,Male,72,16+ hours,4,90-100%,4,1+ sessions,Within 0-100
4059,26,88,Medium,High,No,6,74,Medium,Yes,0,Low,Medium,Public,Negative,2,No,High School,Moderate,Female,68,16+ hours,4,80-89%,3,No tutoring,Within 0-100
4060,19,72,Medium,Low,Yes,8,58,Medium,Yes,0,Medium,Low,Public,Neutral,3,No,High School,Near,Female,62,16+ hours,4,70-79%,2,No tutoring,Within 0-100
4061,24,95,Medium,Low,No,5,87,Medium,Yes,0,Low,Medium,Public,Neutral,2,No,High School,Far,Male,68,16+ hours,4,90-100%,4,No tutoring,Within 0-100
4062,22,91,High,High,Yes,7,50,Medium,Yes,2,Low,Unknown,Public,Positive,5,No,Postgraduate,Moderate,Male,72,16+ hours,4,90-100%,4,1+ sessions,Within 0-100
4063,14,61,Medium,Low,Yes,7,71,Medium,Yes,0,Medium,Low,Private,Neutral,1,No,Postgraduate,Near,Female,60,11-15 hours,3,60-69%,1,No tutoring,Within 0-100
4064,22,93,Medium,High,No,9,59,Low,Yes,3,Low,High,Public,Positive,4,No,Postgraduate,Near,Female,72,16+ hours,4,90-100%,4,1+ sessions,Within 0-100
4065,14,72,Low,High,No,7,89,Medium,Yes,2,Medium,Medium,Public,Positive,3,No,High School,Near,Female,65,11-15 hours,3,70-79%,2,1+ sessions,Within 0-100
4066,16,66,Medium,Low,No,9,84,High,Yes,3,Low,Low,Public,Positive,4,No,High School,Near,Female,63,16+ hours,4,60-69%,1,1+ sessions,Within 0-100
4067,21,69,Medium,Low,Yes,7,85,Medium,Yes,2,Medium,Medium,Private,Positive,0,No,Postgraduate,Near,Male,66,16+ hours,4,60-69%,1,1+ sessions,Within 0-100
4068,22,79,Low,Medium,No,10,57,Low,Yes,1,Medium,High,Public,Positive,2,No,High School,Near,Male,65,16+ hours,4,70-79%,2,1+ sessions,Within 0-100
4069,13,77,Medium,High,No,4,83,Medium,Yes,1,Medium,High,Public,Negative,2,No,Postgraduate,Moderate,Male,65,11-15 hours,3,70-79%,2,1+ sessions,Within 0-100
4070,26,72,Low,High,No,8,85,Medium,Yes,2,Low,Medium,Public,Negative,3,No,High School,Near,Male,67,16+ hours,4,70-79%,2,1+ sessions,Within 0-100
4071,23,67,Medium,Medium,No,4,50,Low,Yes,4,Low,Medium,Private,Positive,3,No,College,Moderate,Male,65,16+ hours,4,60-69%,1,1+ sessions,Within 0-100
4072,16,90,High,Medium,No,7,66,Medium,Yes,0,High,High,Public,Negative,3,No,High School,Moderate,Male,67,16+ hours,4,90-100%,4,No tutoring,Within 0-100
4073,11,100,Medium,Medium,Yes,9,54,Low,Yes,1,Low,Medium,Public,Negative,3,No,Postgraduate,Near,Male,66,11-15 hours,3,90-100%,4,1+ sessions,Within 0-100
4074,19,91,Low,High,Yes,9,84,High,Yes,2,High,High,Public,Positive,3,Yes,High School,Near,Male,71,16+ hours,4,90-100%,4,1+ sessions,Within 0-100
4075,17,72,Medium,Medium,No,8,61,Medium,Yes,1,Medium,Medium,Public,Neutral,4,No,Postgraduate,Moderate,Male,64,16+ hours,4,70-79%,2,1+ sessions,Within 0-100
4076,21,70,Low,Low,No,7,63,Medium,Yes,0,Medium,Medium,Public,Positive,2,No,High School,Far,Male,61,16+ hours,4,70-79%,2,No tutoring,Within 0-100
4077,18,69,High,High,Yes,8,54,Low,Yes,1,High,High,Private,Neutral,2,No,High School,Near,Male,65,16+ hours,4,60-69%,1,1+ sessions,Within 0-100
4078,8,65,Medium,Medium,No,10,74,Medium,Yes,1,Medium,High,Private,Positive,5,No,High School,Near,Male,61,6-10 hours,2,60-69%,1,1+ sessions,Within 0-100
4079,18,82,High,Low,No,7,52,Low,Yes,1,Low,Medium,Public,Negative,4,No,High School,Near,Female,64,16+ hours,4,80-89%,3,1+ sessions,Within 0-100
4080,18,84,High,High,Yes,8,92,Low,Yes,0,Low,High,Public,Negative,3,No,College,Near,Female,69,16+ hours,4,80-89%,3,No tutoring,Within 0-100
4081,24,88,Medium,Medium,Yes,6,51,High,Yes,4,Medium,Low,Public,Positive,4,No,High School,Near,Male,71,16+ hours,4,80-89%,3,1+ sessions,Within 0-100
4082,16,87,High,Medium,No,9,53,High,Yes,3,Medium,High,Private,Neutral,5,No,College,Near,Male,70,16+ hours,4,80-89%,3,1+ sessions,Within 0-100
4083,30,72,High,Medium,Yes,8,82,High,Yes,1,Low,Medium,Public,Positive,1,No,College,Moderate,Female,70,16+ hours,4,70-79%,2,1+ sessions,Within 0-100
4084,9,73,Medium,Medium,Yes,6,96,Low,Yes,0,Low,High,Public,Positive,2,No,High School,Near,Male,62,6-10 hours,2,70-79%,2,No tutoring,Within 0-100
4085,28,87,Medium,Medium,No,8,95,Medium,Yes,2,Medium,Low,Private,Positive,3,No,Postgraduate,Near,Female,73,16+ hours,4,80-89%,3,1+ sessions,Within 0-100
4086,19,74,Medium,High,No,8,54,High,Yes,0,Medium,Medium,Public,Positive,3,No,College,Near,Male,66,16+ hours,4,70-79%,2,No tutoring,Within 0-100
4087,25,69,Medium,Medium,Yes,8,64,Medium,Yes,1,High,Low,Public,Negative,3,No,Postgraduate,Moderate,Female,66,16+ hours,4,60-69%,1,1+ sessions,Within 0-100
4088,20,75,Low,Medium,No,7,76,Medium,Yes,3,High,High,Private,Negative,3,No,College,Near,Female,66,16+ hours,4,70-79%,2,1+ sessions,Within 0-100
4089,27,71,Medium,Medium,Yes,9,51,Medium,No,3,High,Medium,Public,Neutral,1,No,College,Far,Female,66,16+ hours,4,70-79%,2,1+ sessions,Within 0-100
4090,18,64,Medium,Medium,Yes,6,76,Medium,Yes,2,Medium,High,Public,Positive,4,No,High School,Near,Male,65,16+ hours,4,60-69%,1,1+ sessions,Within 0-100
4091,13,93,Low,Low,No,7,72,High,Yes,2,Medium,Medium,Private,Positive,2,No,Postgraduate,Near,Female,67,11-15 hours,3,90-100%,4,1+ sessions,Within 0-100
4092,29,94,High,Medium,No,7,79,Medium,Yes,6,Low,High,Private,Neutral,4,No,College,Near,Female,76,16+ hours,4,90-100%,4,1+ sessions,Within 0-100
4093,19,69,Medium,Medium,Yes,9,96,Medium,Yes,0,High,High,Private,Positive,3,No,High School,Moderate,Female,66,16+ hours,4,60-69%,1,No tutoring,Within 0-100
4094,21,63,Medium,Medium,Yes,6,64,Low,Yes,1,High,High,Public,Negative,3,No,High School,Near,Male,63,16+ hours,4,60-69%,1,1+ sessions,Within 0-100
4095,27,90,Medium,Medium,No,7,82,Medium,Yes,0,Medium,Medium,Public,Positive,3,No,College,Moderate,Female,71,16+ hours,4,90-100%,4,No tutoring,Within 0-100
4096,14,68,Medium,High,No,6,71,Low,Yes,1,Medium,Medium,Public,Positive,3,No,College,Moderate,Male,63,11-15 hours,3,60-69%,1,1+ sessions,Within 0-100
4097,24,76,High,Low,Yes,7,72,Low,Yes,1,High,Medium,Public,Positive,2,No,College,Moderate,Male,67,16+ hours,4,70-79%,2,1+ sessions,Within 0-100
4098,16,63,Medium,Medium,Yes,8,82,Medium,Yes,0,High,Medium,Public,Neutral,3,No,High School,Near,Male,63,16+ hours,4,60-69%,1,No tutoring,Within 0-100
4099,19,69,High,Medium,Yes,5,98,Medium,Yes,0,High,Medium,Public,Neutral,4,No,High School,Moderate,Male,66,16+ hours,4,60-69%,1,No tutoring,Within 0-100
4100,20,92,Medium,Medium,Yes,9,93,Low,Yes,3,High,Medium,Public,Positive,2,No,College,Near,Female,72,16+ hours,4,90-100%,4,1+ sessions,Within 0-100
4101,11,92,High,Medium,Yes,8,82,High,Yes,4,Medium,Medium,Private,Negative,2,No,Postgraduate,Near,Female,70,11-15 hours,3,90-100%,4,1+ sessions,Within 0-100
4102,15,68,High,Low,Yes,6,73,Medium,No,0,Medium,Medium,Public,Positive,3,No,College,Near,Male,62,11-15 hours,3,60-69%,1,No tutoring,Within 0-100
4103,28,73,High,Medium,Yes,6,71,Medium,Yes,0,Medium,High,Private,Positive,2,No,College,Moderate,Female,69,16+ hours,4,70-79%,2,No tutoring,Within 0-100
4104,25,65,Low,Medium,Yes,9,89,Medium,Yes,2,Medium,High,Public,Neutral,3,No,High School,Near,Female,66,16+ hours,4,60-69%,1,1+ sessions,Within 0-100
4105,20,63,Medium,Medium,Yes,8,61,Medium,Yes,2,High,Medium,Public,Neutral,3,No,High School,Near,Male,64,16+ hours,4,60-69%,1,1+ sessions,Within 0-100
4106,21,100,Low,Medium,Yes,6,79,Medium,Yes,2,Low,Medium,Public,Neutral,1,No,High School,Near,Female,70,16+ hours,4,90-100%,4,1+ sessions,Within 0-100
4107,18,86,Medium,Medium,No,6,75,High,Yes,0,Low,High,Public,Neutral,4,No,High School,Near,Male,67,16+ hours,4,80-89%,3,No tutoring,Within 0-100
4108,28,82,Medium,High,Yes,8,82,Low,Yes,1,Medium,Medium,Private,Negative,2,No,Postgraduate,Near,Male,71,16+ hours,4,80-89%,3,1+ sessions,Within 0-100
4109,19,91,Medium,Medium,No,8,59,High,Yes,1,High,Medium,Public,Neutral,2,No,Postgraduate,Near,Male,69,16+ hours,4,90-100%,4,1+ sessions,Within 0-100
4110,21,94,High,Low,No,8,85,Medium,Yes,1,Medium,Medium,Public,Negative,4,No,College,Near,Male,70,16+ hours,4,90-100%,4,1+ sessions,Within 0-100
4111,27,92,Medium,Medium,Yes,7,81,Medium,Yes,0,Low,Medium,Public,Negative,1,No,College,Near,Male,70,16+ hours,4,90-100%,4,No tutoring,Within 0-100
4112,15,61,High,Low,Yes,8,59,Medium,Yes,1,Medium,Medium,Public,Neutral,2,No,Postgraduate,Moderate,Female,61,11-15 hours,3,60-69%,1,1+ sessions,Within 0-100
4113,29,67,Low,High,No,7,72,Medium,No,0,Medium,High,Public,Neutral,3,No,High School,Near,Female,65,16+ hours,4,60-69%,1,No tutoring,Within 0-100
4114,11,86,Medium,High,Yes,6,84,Medium,Yes,0,High,High,Private,Neutral,3,No,High School,Near,Male,67,11-15 hours,3,80-89%,3,No tutoring,Within 0-100
4115,30,75,Medium,Low,Yes,9,95,Low,Yes,1,High,Medium,Public,Negative,5,No,Postgraduate,Near,Male,70,16+ hours,4,70-79%,2,1+ sessions,Within 0-100
4116,18,99,Medium,Medium,No,8,56,Medium,No,2,Low,High,Private,Negative,3,No,High School,Unknown,Male,67,16+ hours,4,90-100%,4,1+ sessions,Within 0-100
4117,19,87,Low,High,Yes,6,50,Medium,Yes,3,Low,Medium,Public,Neutral,2,No,Postgraduate,Near,Male,68,16+ hours,4,80-89%,3,1+ sessions,Within 0-100
4118,9,98,High,High,No,7,58,Medium,Yes,2,Medium,Medium,Public,Negative,4,No,College,Near,Male,69,6-10 hours,2,90-100%,4,1+ sessions,Within 0-100
4119,17,68,Medium,Medium,No,7,99,Medium,Yes,1,Medium,Low,Private,Neutral,1,No,Postgraduate,Near,Male,65,16+ hours,4,60-69%,1,1+ sessions,Within 0-100
4120,14,95,High,Medium,Yes,6,88,Medium,Yes,2,Low,Low,Public,Neutral,2,No,High School,Far,Male,68,11-15 hours,3,90-100%,4,1+ sessions,Within 0-100
4121,16,73,High,Medium,Yes,7,81,Medium,Yes,1,High,High,Public,Negative,4,No,Postgraduate,Near,Male,67,16+ hours,4,70-79%,2,1+ sessions,Within 0-100
4122,19,100,Medium,High,Yes,6,57,Medium,Yes,1,High,Medium,Private,Positive,2,Yes,High School,Near,Male,70,16+ hours,4,90-100%,4,1+ sessions,Within 0-100
4123,26,66,High,High,No,8,71,High,Yes,2,Medium,Medium,Public,Neutral,3,No,High School,Near,Female,68,16+ hours,4,60-69%,1,1+ sessions,Within 0-100
4124,21,81,High,Medium,Yes,7,86,Medium,Yes,1,Low,Medium,Public,Neutral,4,No,College,Near,Male,69,16+ hours,4,80-89%,3,1+ sessions,Within 0-100
4125,22,92,High,Low,Yes,5,95,Low,Yes,0,Low,Low,Public,Positive,3,No,Postgraduate,Near,Male,70,16+ hours,4,90-100%,4,No tutoring,Within 0-100
4126,13,77,High,High,Yes,7,69,Medium,Yes,2,Low,High,Private,Neutral,5,No,College,Moderate,Male,67,11-15 hours,3,70-79%,2,1+ sessions,Within 0-100
4127,15,79,High,High,Yes,6,100,Medium,Yes,4,Low,Medium,Public,Neutral,3,No,College,Near,Female,70,11-15 hours,3,70-79%,2,1+ sessions,Within 0-100
4128,31,99,Medium,Low,Yes,4,57,High,Yes,1,High,High,Public,Neutral,2,No,Postgraduate,Moderate,Female,74,16+ hours,4,90-100%,4,1+ sessions,Within 0-100
4129,16,77,Medium,Low,Yes,7,69,Low,Yes,1,Low,High,Public,Neutral,4,No,High School,Near,Female,63,16+ hours,4,70-79%,2,1+ sessions,Within 0-100
4130,30,84,High,Medium,Yes,9,94,Medium,Yes,1,Low,High,Private,Positive,2,Yes,High School,Near,Female,72,16+ hours,4,80-89%,3,1+ sessions,Within 0-100
4131,19,62,High,Medium,No,7,82,Low,Yes,0,Low,Low,Private,Neutral,5,Yes,Postgraduate,Near,Male,62,16+ hours,4,60-69%,1,No tutoring,Within 0-100
4132,20,94,Medium,Medium,No,8,91,Medium,Yes,1,Low,Medium,Public,Positive,2,No,Postgraduate,Near,Female,71,16+ hours,4,90-100%,4,1+ sessions,Within 0-100
4133,26,86,Medium,Low,No,7,95,Medium,Yes,0,Low,High,Public,Negative,5,No,High School,Moderate,Male,68,16+ hours,4,80-89%,3,No tutoring,Within 0-100
4134,28,76,Medium,High,Yes,6,75,High,Yes,3,High,Medium,Public,Positive,3,No,High School,Near,Male,72,16+ hours,4,70-79%,2,1+ sessions,Within 0-100
4135,19,61,Medium,High,Yes,6,62,High,Yes,1,High,Medium,Public,Neutral,2,No,Postgraduate,Moderate,Female,64,16+ hours,4,60-69%,1,1+ sessions,Within 0-100
4136,18,84,Low,Low,No,5,85,Medium,Yes,0,Medium,Medium,Public,Neutral,4,No,High School,Moderate,Male,64,16+ hours,4,80-89%,3,No tutoring,Within 0-100
4137,20,61,Low,High,Yes,8,78,Medium,Yes,0,Low,Medium,Private,Positive,5,No,High School,Near,Female,63,16+ hours,4,60-69%,1,No tutoring,Within 0-100
4138,22,60,High,Medium,Yes,8,89,Medium,Yes,2,Medium,High,Private,Neutral,4,No,College,Moderate,Male,66,16+ hours,4,60-69%,1,1+ sessions,Within 0-100
4139,25,85,Medium,Medium,Yes,7,76,Medium,Yes,2,High,Medium,Public,Positive,2,No,College,Near,Female,71,16+ hours,4,80-89%,3,1+ sessions,Within 0-100
4140,20,68,Medium,High,Yes,4,91,High,Yes,4,High,Medium,Private,Positive,4,No,College,Near,Male,70,16+ hours,4,60-69%,1,1+ sessions,Within 0-100
4141,24,68,High,Medium,Yes,8,95,Low,Yes,3,Medium,Medium,Public,Positive,0,No,High School,Moderate,Male,67,16+ hours,4,60-69%,1,1+ sessions,Within 0-100
4142,30,86,High,High,Yes,6,87,Medium,Yes,0,Low,Low,Private,Positive,4,No,College,Near,Female,73,16+ hours,4,80-89%,3,No tutoring,Within 0-100
4143,22,62,Low,Medium,Yes,7,87,Medium,Yes,2,High,Low,Public,Neutral,3,No,High School,Near,Female,64,16+ hours,4,60-69%,1,1+ sessions,Within 0-100
4144,22,73,Low,Medium,No,5,79,Medium,Yes,4,Medium,Low,Public,Negative,1,No,Postgraduate,Moderate,Female,65,16+ hours,4,70-79%,2,1+ sessions,Within 0-100
4145,11,66,Medium,Medium,Yes,7,74,Medium,Yes,3,Medium,High,Private,Neutral,3,No,High School,Far,Female,62,11-15 hours,3,60-69%,1,1+ sessions,Within 0-100
4146,4,83,High,Medium,No,7,99,Low,Yes,1,Low,Low,Private,Neutral,3,No,College,Near,Female,64,1-5 hours,1,80-89%,3,1+ sessions,Within 0-100
4147,22,86,Low,Medium,No,4,82,Low,Yes,1,Low,Low,Private,Positive,5,No,College,Moderate,Male,67,16+ hours,4,80-89%,3,1+ sessions,Within 0-100
4148,19,89,Medium,High,No,9,92,High,Yes,5,Medium,Medium,Private,Positive,3,No,Postgraduate,Near,Male,74,16+ hours,4,80-89%,3,1+ sessions,Within 0-100
4149,17,70,High,Medium,No,7,75,Medium,Yes,1,Low,Medium,Private,Neutral,4,Yes,College,Far,Male,63,16+ hours,4,70-79%,2,1+ sessions,Within 0-100
4150,21,64,High,Low,Yes,7,78,Low,Yes,1,Medium,Medium,Public,Positive,4,No,High School,Near,Male,64,16+ hours,4,60-69%,1,1+ sessions,Within 0-100
4151,20,63,Medium,Low,No,8,83,Low,Yes,4,Medium,Medium,Public,Neutral,3,No,Postgraduate,Moderate,Female,64,16+ hours,4,60-69%,1,1+ sessions,Within 0-100
4152,27,77,Low,High,No,7,86,High,Yes,1,High,High,Public,Negative,3,No,College,Near,Male,70,16+ hours,4,70-79%,2,1+ sessions,Within 0-100
4153,21,98,Medium,Medium,Yes,8,72,Medium,Yes,3,Low,Low,Public,Positive,3,No,High School,Moderate,Female,71,16+ hours,4,90-100%,4,1+ sessions,Within 0-100
4154,16,69,Medium,Medium,Yes,5,68,Medium,Yes,0,Medium,High,Public,Neutral,4,No,College,Moderate,Male,63,16+ hours,4,60-69%,1,No tutoring,Within 0-100
4155,26,70,Medium,High,Yes,7,62,Medium,Yes,0,Low,Unknown,Private,Negative,1,No,College,Near,Female,66,16+ hours,4,70-79%,2,No tutoring,Within 0-100
4156,19,64,Medium,High,Yes,4,71,Medium,Yes,1,High,Medium,Public,Neutral,3,No,High School,Near,Male,65,16+ hours,4,60-69%,1,1+ sessions,Within 0-100
4157,23,84,Medium,High,No,7,61,Medium,Yes,2,Medium,High,Public,Neutral,5,No,College,Moderate,Male,70,16+ hours,4,80-89%,3,1+ sessions,Within 0-100
4158,17,87,Low,Low,Yes,9,71,Medium,Yes,2,Low,Medium,Public,Neutral,3,No,College,Moderate,Female,65,16+ hours,4,80-89%,3,1+ sessions,Within 0-100
4159,16,86,High,Medium,Yes,5,94,High,Yes,0,Medium,Medium,Public,Negative,2,No,High School,Near,Male,68,16+ hours,4,80-89%,3,No tutoring,Within 0-100
4160,21,94,Medium,High,No,6,99,Medium,Yes,1,Medium,High,Private,Neutral,2,No,High School,Near,Male,72,16+ hours,4,90-100%,4,1+ sessions,Within 0-100
4161,20,79,Medium,High,Yes,4,79,Low,Yes,0,Medium,High,Private,Neutral,4,No,High School,Moderate,Male,67,16+ hours,4,70-79%,2,No tutoring,Within 0-100
4162,23,65,High,High,No,7,57,Low,No,1,High,Medium,Public,Neutral,4,No,High School,Near,Male,65,16+ hours,4,60-69%,1,1+ sessions,Within 0-100
4163,18,72,Medium,Medium,No,8,71,Low,Yes,2,High,Medium,Public,Positive,4,No,Postgraduate,Near,Male,66,16+ hours,4,70-79%,2,1+ sessions,Within 0-100
4164,9,86,High,High,No,8,80,Medium,Yes,1,Low,Medium,Public,Positive,5,No,College,Far,Female,67,6-10 hours,2,80-89%,3,1+ sessions,Within 0-100
4165,17,85,Medium,Low,No,6,69,Medium,Yes,1,Medium,Medium,Private,Neutral,3,Yes,Postgraduate,Near,Male,65,16+ hours,4,80-89%,3,1+ sessions,Within 0-100
4166,25,81,Medium,Medium,No,4,60,Medium,Yes,2,Medium,Medium,Private,Neutral,3,No,High School,Near,Male,68,16+ hours,4,80-89%,3,1+ sessions,Within 0-100
4167,18,87,Medium,Medium,No,5,61,High,Yes,2,Medium,Medium,Public,Positive,1,No,High School,Near,Male,68,16+ hours,4,80-89%,3,1+ sessions,Within 0-100
4168,19,85,Medium,High,Yes,9,74,Medium,Yes,1,High,Medium,Public,Neutral,3,No,College,Moderate,Female,69,16+ hours,4,80-89%,3,1+ sessions,Within 0-100
4169,26,95,Medium,Low,Yes,8,61,Medium,Yes,2,Medium,Medium,Private,Neutral,2,No,Postgraduate,Near,Female,71,16+ hours,4,90-100%,4,1+ sessions,Within 0-100
4170,16,83,Medium,Medium,Yes,7,62,Medium,Yes,0,Low,Medium,Private,Neutral,1,Yes,Postgraduate,Moderate,Male,64,16+ hours,4,80-89%,3,No tutoring,Within 0-100
4171,11,91,Low,High,No,7,94,Medium,Yes,1,Medium,Medium,Public,Neutral,3,Yes,Unknown,Moderate,Male,65,11-15 hours,3,90-100%,4,1+ sessions,Within 0-100
4172,19,70,Medium,Medium,No,5,89,Medium,Yes,1,Low,High,Private,Neutral,2,No,High School,Near,Male,64,16+ hours,4,70-79%,2,1+ sessions,Within 0-100
4173,17,87,Medium,Medium,Yes,9,53,Low,Yes,3,Low,Medium,Public,Positive,3,No,Postgraduate,Moderate,Female,67,16+ hours,4,80-89%,3,1+ sessions,Within 0-100
4174,14,96,Medium,High,No,6,66,Medium,Yes,3,Medium,Medium,Public,Positive,2,No,College,Near,Female,70,11-15 hours,3,90-100%,4,1+ sessions,Within 0-100
4175,19,75,Medium,High,No,8,77,Medium,Yes,1,Low,Low,Public,Positive,4,No,High School,Moderate,Female,66,16+ hours,4,70-79%,2,1+ sessions,Within 0-100
4176,23,91,High,Medium,No,5,53,Low,Yes,3,Medium,High,Private,Negative,3,No,High School,Near,Male,70,16+ hours,4,90-100%,4,1+ sessions,Within 0-100
4177,20,89,Medium,High,Yes,7,84,Low,Yes,1,High,High,Public,Neutral,4,No,High School,Moderate,Male,70,16+ hours,4,80-89%,3,1+ sessions,Within 0-100
4178,22,62,High,Medium,Yes,9,69,Low,Yes,1,High,Low,Private,Negative,3,No,College,Near,Male,64,16+ hours,4,60-69%,1,1+ sessions,Within 0-100
4179,31,83,Low,High,Yes,6,70,Medium,Yes,3,Low,Medium,Private,Negative,3,No,College,Near,Male,71,16+ hours,4,80-89%,3,1+ sessions,Within 0-100
4180,18,65,Medium,High,Yes,8,63,Medium,Yes,1,Medium,Medium,Public,Positive,3,No,High School,Far,Male,63,16+ hours,4,60-69%,1,1+ sessions,Within 0-100
4181,22,99,Medium,Medium,Yes,5,67,High,Yes,1,Medium,High,Private,Negative,3,No,College,Near,Male,72,16+ hours,4,90-100%,4,1+ sessions,Within 0-100
4182,17,92,High,High,No,6,93,Medium,Yes,4,Medium,Low,Private,Neutral,4,No,College,Moderate,Female,72,16+ hours,4,90-100%,4,1+ sessions,Within 0-100
4183,15,64,High,Low,Yes,7,89,Low,Yes,0,Low,Medium,Public,Negative,2,No,High School,Near,Male,61,11-15 hours,3,60-69%,1,No tutoring,Within 0-100
4184,16,65,High,Low,Yes,8,97,High,Yes,2,Low,Medium,Public,Negative,4,Yes,High School,Near,Female,63,16+ hours,4,60-69%,1,1+ sessions,Within 0-100
4185,17,84,Low,High,No,7,85,High,Yes,0,Medium,Medium,Private,Positive,2,No,College,Moderate,Male,67,16+ hours,4,80-89%,3,No tutoring,Within 0-100
4186,22,74,High,Low,Yes,8,79,Low,Yes,3,Medium,Medium,Public,Neutral,1,No,High School,Near,Female,67,16+ hours,4,70-79%,2,1+ sessions,Within 0-100
4187,34,61,Medium,Low,No,9,63,Low,Yes,2,Medium,Medium,Public,Neutral,5,No,High School,Moderate,Female,65,16+ hours,4,60-69%,1,1+ sessions,Within 0-100
4188,16,82,Low,Medium,No,6,83,Medium,Yes,0,Medium,Medium,Public,Negative,2,No,High School,Near,Female,64,16+ hours,4,80-89%,3,No tutoring,Within 0-100
4189,18,76,Medium,Low,No,5,95,High,Yes,2,High,High,Public,Positive,6,No,Postgraduate,Near,Female,69,16+ hours,4,70-79%,2,1+ sessions,Within 0-100
4190,20,64,Medium,High,No,6,53,High,No,4,High,Medium,Private,Neutral,4,No,College,Moderate,Female,65,16+ hours,4,60-69%,1,1+ sessions,Within 0-100
4191,22,92,High,High,No,9,72,Low,Yes,1,Low,High,Public,Neutral,4,Yes,Postgraduate,Near,Male,71,16+ hours,4,90-100%,4,1+ sessions,Within 0-100
4192,22,97,Medium,Medium,Yes,6,57,Medium,Yes,0,Medium,High,Private,Positive,2,No,High School,Near,Male,70,16+ hours,4,90-100%,4,No tutoring,Within 0-100
4193,28,90,Low,Medium,Yes,9,91,Medium,Yes,0,Medium,Medium,Public,Positive,2,No,College,Moderate,Female,98,16+ hours,4,90-100%,4,No tutoring,Within 0-100
4194,5,93,Medium,Medium,Yes,7,81,Medium,No,1,Low,High,Public,Neutral,2,No,College,Near,Female,65,1-5 hours,1,90-100%,4,1+ sessions,Within 0-100
4195,6,69,High,Medium,Yes,10,94,Medium,No,1,Medium,Medium,Private,Neutral,4,No,Postgraduate,Near,Female,63,6-10 hours,2,60-69%,1,1+ sessions,Within 0-100
4196,17,71,Medium,Medium,Yes,10,53,Low,Yes,0,Low,Low,Public,Positive,3,No,High School,Moderate,Male,61,16+ hours,4,70-79%,2,No tutoring,Within 0-100
4197,27,68,Medium,Low,Yes,9,95,Medium,Yes,1,Low,Medium,Public,Positive,3,No,College,Moderate,Male,67,16+ hours,4,60-69%,1,1+ sessions,Within 0-100
4198,11,91,Medium,Medium,No,5,53,Medium,Yes,0,Low,Medium,Private,Neutral,2,No,Postgraduate,Near,Female,64,11-15 hours,3,90-100%,4,No tutoring,Within 0-100
4199,2,98,High,Medium,No,4,64,Medium,Yes,1,Low,High,Private,Neutral,2,No,High School,Near,Female,65,1-5 hours,1,90-100%,4,1+ sessions,Within 0-100
4200,23,89,High,High,Yes,7,58,Medium,Yes,2,Medium,High,Private,Positive,3,No,Postgraduate,Moderate,Male,73,16+ hours,4,80-89%,3,1+ sessions,Within 0-100
4201,21,95,Medium,High,Yes,8,57,Low,No,1,Low,Medium,Public,Positive,3,No,High School,Near,Male,69,16+ hours,4,90-100%,4,1+ sessions,Within 0-100
4202,13,86,Medium,High,No,8,59,Medium,Yes,3,Medium,Medium,Public,Neutral,3,No,High School,Near,Male,67,11-15 hours,3,80-89%,3,1+ sessions,Within 0-100
4203,14,76,High,Medium,No,6,74,Low,Yes,0,High,Medium,Private,Positive,2,Yes,College,Far,Male,63,11-15 hours,3,70-79%,2,No tutoring,Within 0-100
4204,14,77,High,High,Yes,5,89,Low,Yes,0,Medium,Medium,Private,Positive,2,No,College,Near,Male,67,11-15 hours,3,70-79%,2,No tutoring,Within 0-100
4205,21,63,Low,High,Yes,8,95,Medium,Yes,2,High,Medium,Public,Neutral,5,No,High School,Near,Male,66,16+ hours,4,60-69%,1,1+ sessions,Within 0-100
4206,16,61,Medium,High,Yes,10,78,Medium,Yes,2,Low,High,Public,Positive,2,No,College,Moderate,Female,64,16+ hours,4,60-69%,1,1+ sessions,Within 0-100
4207,23,88,High,Low,Yes,6,58,Medium,Yes,2,Low,Medium,Public,Neutral,2,No,High School,Moderate,Male,68,16+ hours,4,80-89%,3,1+ sessions,Within 0-100
4208,3,78,Medium,Medium,No,8,54,High,Yes,2,High,Medium,Public,Positive,4,No,High School,Moderate,Male,61,1-5 hours,1,70-79%,2,1+ sessions,Within 0-100
4209,15,82,Medium,Medium,Yes,10,75,Medium,Yes,1,High,Medium,Public,Negative,1,No,College,Near,Female,66,11-15 hours,3,80-89%,3,1+ sessions,Within 0-100
4210,13,82,Medium,Medium,Yes,7,88,Medium,Yes,0,Low,Medium,Public,Neutral,2,No,High School,Near,Female,65,11-15 hours,3,80-89%,3,No tutoring,Within 0-100
4211,18,71,Medium,High,Yes,7,81,Medium,Yes,0,Medium,Medium,Public,Negative,4,No,College,Moderate,Female,65,16+ hours,4,70-79%,2,No tutoring,Within 0-100
4212,17,79,Medium,Medium,No,8,79,Medium,Yes,3,Medium,High,Private,Neutral,5,Yes,Postgraduate,Near,Male,67,16+ hours,4,70-79%,2,1+ sessions,Within 0-100
4213,25,79,High,Medium,Yes,7,52,Medium,Yes,1,Medium,Medium,Public,Negative,2,No,Postgraduate,Moderate,Female,68,16+ hours,4,70-79%,2,1+ sessions,Within 0-100
4214,9,76,Medium,Medium,Yes,9,71,Medium,Yes,1,Medium,High,Public,Neutral,3,No,College,Near,Male,63,6-10 hours,2,70-79%,2,1+ sessions,Within 0-100
4215,20,93,High,Medium,No,6,78,Low,Yes,1,Low,Medium,Public,Positive,3,No,College,Moderate,Female,70,16+ hours,4,90-100%,4,1+ sessions,Within 0-100
4216,23,78,High,High,No,7,80,Medium,Yes,0,Low,Medium,Private,Neutral,2,No,High School,Near,Female,68,16+ hours,4,70-79%,2,No tutoring,Within 0-100
4217,31,84,Medium,Medium,No,5,50,Medium,No,2,Low,High,Private,Positive,3,No,High School,Near,Male,69,16+ hours,4,80-89%,3,1+ sessions,Within 0-100
4218,17,96,High,Medium,Yes,7,60,Low,Yes,0,Low,Medium,Private,Neutral,2,Yes,College,Near,Male,67,16+ hours,4,90-100%,4,No tutoring,Within 0-100
4219,22,95,Medium,Medium,No,5,97,Medium,Yes,0,Low,Low,Public,Neutral,3,No,High School,Moderate,Male,69,16+ hours,4,90-100%,4,No tutoring,Within 0-100
4220,9,96,Medium,Low,Yes,8,75,Low,Yes,1,Low,High,Private,Positive,4,Yes,High School,Near,Female,65,6-10 hours,2,90-100%,4,1+ sessions,Within 0-100
4221,6,71,Medium,High,Yes,5,85,Medium,Yes,1,Low,Medium,Public,Positive,2,No,High School,Moderate,Male,61,6-10 hours,2,70-79%,2,1+ sessions,Within 0-100
4222,25,61,Medium,High,Yes,8,65,Low,Yes,3,Low,Low,Public,Neutral,3,No,College,Near,Female,65,16+ hours,4,60-69%,1,1+ sessions,Within 0-100
4223,20,70,Low,Medium,Yes,6,79,Low,Yes,4,Medium,Medium,Public,Positive,4,No,Postgraduate,Near,Male,67,16+ hours,4,70-79%,2,1+ sessions,Within 0-100
4224,27,71,Medium,High,Yes,10,68,Medium,Yes,1,Low,Medium,Public,Negative,2,No,High School,Moderate,Male,66,16+ hours,4,70-79%,2,1+ sessions,Within 0-100
4225,12,96,Medium,Medium,No,9,65,Medium,Yes,2,High,High,Private,Neutral,4,Yes,Postgraduate,Near,Female,69,11-15 hours,3,90-100%,4,1+ sessions,Within 0-100
4226,23,86,Medium,Medium,Yes,8,71,High,Yes,3,Medium,Medium,Public,Neutral,4,No,College,Near,Female,71,16+ hours,4,80-89%,3,1+ sessions,Within 0-100
4227,31,63,High,High,No,5,73,Medium,Yes,1,High,Low,Public,Positive,2,No,High School,Near,Female,68,16+ hours,4,60-69%,1,1+ sessions,Within 0-100
4228,23,65,High,Medium,No,6,67,High,No,3,Medium,Medium,Private,Negative,5,No,High School,Moderate,Male,65,16+ hours,4,60-69%,1,1+ sessions,Within 0-100
4229,22,66,Medium,Medium,No,6,63,High,Yes,1,Low,Medium,Private,Neutral,5,No,Postgraduate,Far,Male,64,16+ hours,4,60-69%,1,1+ sessions,Within 0-100
4230,20,85,Medium,Low,No,6,81,Low,Yes,1,High,High,Private,Positive,3,No,College,Near,Male,68,16+ hours,4,80-89%,3,1+ sessions,Within 0-100
4231,11,89,Low,High,No,9,69,Low,Yes,1,Low,Low,Public,Neutral,3,No,High School,Near,Male,64,11-15 hours,3,80-89%,3,1+ sessions,Within 0-100
4232,28,94,Medium,High,No,7,60,Low,Yes,1,Low,Medium,Public,Positive,3,No,High School,Near,Male,71,16+ hours,4,90-100%,4,1+ sessions,Within 0-100
4233,16,98,High,Medium,No,6,88,Medium,Yes,1,Low,Medium,Public,Neutral,3,No,Postgraduate,Moderate,Female,70,16+ hours,4,90-100%,4,1+ sessions,Within 0-100
4234,23,68,High,Medium,Yes,6,86,Medium,Yes,0,Medium,Medium,Public,Positive,2,No,Postgraduate,Near,Male,68,16+ hours,4,60-69%,1,No tutoring,Within 0-100
4235,11,72,Medium,Medium,Yes,6,94,Low,Yes,2,Medium,Medium,Public,Positive,3,No,High School,Moderate,Male,63,11-15 hours,3,70-79%,2,1+ sessions,Within 0-100
4236,13,70,Medium,High,Yes,8,78,Medium,Yes,0,Low,Medium,Private,Negative,3,Yes,High School,Near,Male,61,11-15 hours,3,70-79%,2,No tutoring,Within 0-100
4237,29,74,Medium,Low,No,5,64,Medium,Yes,2,Medium,Medium,Public,Neutral,1,No,College,Moderate,Male,66,16+ hours,4,70-79%,2,1+ sessions,Within 0-100
4238,18,97,Medium,High,Yes,7,93,Medium,Yes,5,High,Medium,Public,Positive,4,No,College,Near,Female,75,16+ hours,4,90-100%,4,1+ sessions,Within 0-100
4239,29,83,High,High,Yes,8,64,Medium,Yes,2,Medium,High,Public,Neutral,1,No,High School,Far,Male,71,16+ hours,4,80-89%,3,1+ sessions,Within 0-100
4240,20,90,Medium,Medium,Yes,4,83,High,Yes,1,Low,Low,Public,Positive,3,No,College,Near,Male,69,16+ hours,4,90-100%,4,1+ sessions,Within 0-100
4241,9,80,High,Low,No,5,60,Medium,Yes,2,Low,Medium,Private,Neutral,3,No,High School,Near,Male,62,6-10 hours,2,80-89%,3,1+ sessions,Within 0-100
4242,25,61,Medium,Medium,No,7,81,High,Yes,0,Medium,Medium,Public,Positive,4,No,High School,Moderate,Female,65,16+ hours,4,60-69%,1,No tutoring,Within 0-100
4243,16,63,Medium,Low,No,9,92,Medium,Yes,0,Low,Medium,Private,Positive,3,No,College,Moderate,Female,61,16+ hours,4,60-69%,1,No tutoring,Within 0-100
4244,24,82,Medium,Medium,No,9,77,Medium,Yes,3,Medium,Medium,Public,Positive,2,No,High School,Near,Female,69,16+ hours,4,80-89%,3,1+ sessions,Within 0-100
4245,20,89,Low,Low,Yes,6,74,Low,Yes,1,Medium,Low,Private,Positive,3,No,Postgraduate,Far,Male,66,16+ hours,4,80-89%,3,1+ sessions,Within 0-100
4246,11,69,High,Medium,Yes,9,100,Low,Yes,1,Low,Medium,Public,Neutral,5,No,High School,Near,Male,64,11-15 hours,3,60-69%,1,1+ sessions,Within 0-100
4247,21,89,High,Medium,Yes,7,51,Low,Yes,1,Medium,Medium,Public,Positive,4,No,High School,Near,Female,69,16+ hours,4,80-89%,3,1+ sessions,Within 0-100
4248,33,92,High,High,Yes,7,67,Low,Yes,6,High,Medium,Public,Positive,5,No,High School,Near,Female,78,16+ hours,4,90-100%,4,1+ sessions,Within 0-100
4249,23,76,Low,High,Yes,7,96,Low,Yes,2,Medium,Medium,Private,Neutral,4,No,High School,Near,Female,68,16+ hours,4,70-79%,2,1+ sessions,Within 0-100
4250,20,90,High,High,No,8,82,Medium,Yes,2,High,Unknown,Private,Negative,4,Yes,High School,Moderate,Female,70,16+ hours,4,90-100%,4,1+ sessions,Within 0-100
4251,26,76,Low,Medium,Yes,6,77,Medium,Yes,1,Medium,Medium,Private,Neutral,5,No,High School,Near,Male,68,16+ hours,4,70-79%,2,1+ sessions,Within 0-100
4252,21,87,Low,Low,Yes,6,82,Medium,Yes,0,Medium,High,Public,Neutral,5,No,Postgraduate,Near,Female,68,16+ hours,4,80-89%,3,No tutoring,Within 0-100
4253,21,91,Medium,Medium,No,5,66,Low,Yes,1,High,Medium,Public,Positive,3,No,College,Near,Female,69,16+ hours,4,90-100%,4,1+ sessions,Within 0-100
4254,13,100,Medium,Low,Yes,8,54,Medium,Yes,0,Medium,High,Public,Positive,3,No,College,Near,Female,68,11-15 hours,3,90-100%,4,No tutoring,Within 0-100
4255,21,74,High,Low,Yes,8,64,Medium,Yes,3,Low,Low,Public,Neutral,1,No,College,Far,Male,80,16+ hours,4,70-79%,2,1+ sessions,Within 0-100
4256,26,76,Medium,Medium,Yes,8,67,High,Yes,1,Low,Medium,Public,Negative,3,No,High School,Moderate,Male,67,16+ hours,4,70-79%,2,1+ sessions,Within 0-100
4257,15,67,Low,Medium,Yes,5,74,Medium,Yes,1,High,High,Public,Positive,2,No,Postgraduate,Near,Male,64,11-15 hours,3,60-69%,1,1+ sessions,Within 0-100
4258,29,68,Medium,Low,No,6,70,Low,Yes,0,Medium,Medium,Public,Negative,2,No,Postgraduate,Near,Male,64,16+ hours,4,60-69%,1,No tutoring,Within 0-100
4259,19,88,Medium,Medium,Yes,9,76,Low,Yes,1,Medium,High,Public,Positive,3,No,High School,Far,Male,68,16+ hours,4,80-89%,3,1+ sessions,Within 0-100
4260,15,97,Low,Medium,No,7,60,Low,Yes,4,Medium,Medium,Public,Negative,3,No,High School,Near,Female,67,11-15 hours,3,90-100%,4,1+ sessions,Within 0-100
4261,26,76,Medium,Medium,No,7,59,Low,Yes,0,Medium,Medium,Public,Neutral,1,Yes,Postgraduate,Near,Male,65,16+ hours,4,70-79%,2,No tutoring,Within 0-100
4262,18,67,High,High,Yes,7,68,Medium,Yes,0,Medium,Medium,Public,Positive,4,No,High School,Near,Male,66,16+ hours,4,60-69%,1,No tutoring,Within 0-100
4263,25,71,Medium,Low,Yes,8,74,Low,Yes,4,Medium,Medium,Public,Positive,4,Yes,Postgraduate,Near,Male,67,16+ hours,4,70-79%,2,1+ sessions,Within 0-100
4264,18,78,High,Medium,No,7,67,Low,No,0,High,Medium,Public,Negative,3,No,College,Moderate,Male,64,16+ hours,4,70-79%,2,No tutoring,Within 0-100
4265,20,72,Medium,Low,Yes,6,79,Medium,Yes,1,Low,Medium,Private,Positive,4,No,Postgraduate,Near,Female,66,16+ hours,4,70-79%,2,1+ sessions,Within 0-100
4266,23,69,Medium,Low,Yes,8,66,Low,No,1,Medium,Medium,Public,Positive,3,No,College,Far,Male,63,16+ hours,4,60-69%,1,1+ sessions,Within 0-100
4267,22,89,Medium,High,No,5,59,High,Yes,5,Medium,Medium,Private,Positive,4,Yes,High School,Near,Male,71,16+ hours,4,80-89%,3,1+ sessions,Within 0-100
4268,8,60,High,Medium,Yes,9,93,High,Yes,0,Low,High,Public,Neutral,3,No,Postgraduate,Near,Female,62,6-10 hours,2,60-69%,1,No tutoring,Within 0-100
4269,13,82,Medium,High,No,6,60,Medium,Yes,1,Low,Low,Public,Positive,4,No,College,Far,Female,64,11-15 hours,3,80-89%,3,1+ sessions,Within 0-100
4270,26,92,Low,Medium,Yes,8,98,Medium,Yes,2,Medium,Medium,Public,Neutral,3,No,Postgraduate,Moderate,Male,72,16+ hours,4,90-100%,4,1+ sessions,Within 0-100
4271,19,71,High,Medium,Yes,7,99,Low,Yes,0,Low,High,Public,Negative,4,No,High School,Moderate,Female,65,16+ hours,4,70-79%,2,No tutoring,Within 0-100
4272,17,84,Low,High,No,6,85,Medium,Yes,1,Medium,Low,Public,Positive,2,No,College,Near,Female,67,16+ hours,4,80-89%,3,1+ sessions,Within 0-100
4273,12,87,High,High,Yes,9,75,Medium,No,1,Low,Medium,Private,Neutral,3,Yes,College,Moderate,Female,65,11-15 hours,3,80-89%,3,1+ sessions,Within 0-100
4274,14,86,Low,Low,Yes,8,90,Low,Yes,0,Low,Medium,Private,Neutral,1,No,High School,Near,Male,63,11-15 hours,3,80-89%,3,No tutoring,Within 0-100
4275,8,78,High,High,No,7,94,Low,Yes,1,High,High,Public,Neutral,3,Yes,High School,Near,Female,65,6-10 hours,2,70-79%,2,1+ sessions,Within 0-100
4276,19,74,Medium,Medium,Yes,10,85,Medium,Yes,1,Low,Medium,Public,Positive,5,No,Postgraduate,Moderate,Male,67,16+ hours,4,70-79%,2,1+ sessions,Within 0-100
4277,16,93,Medium,Medium,Yes,8,55,Low,Yes,0,High,Medium,Public,Neutral,4,No,High School,Moderate,Male,67,16+ hours,4,90-100%,4,No tutoring,Within 0-100
4278,14,90,Low,Medium,Yes,6,50,Medium,Yes,0,Medium,High,Private,Positive,3,No,College,Moderate,Male,65,11-15 hours,3,90-100%,4,No tutoring,Within 0-100
4279,20,73,Medium,High,Yes,4,60,Medium,Yes,1,Low,Medium,Private,Positive,3,Yes,High School,Moderate,Male,64,16+ hours,4,70-79%,2,1+ sessions,Within 0-100
4280,22,64,High,Low,No,7,59,High,Yes,0,Medium,High,Private,Positive,5,Yes,High School,Near,Female,64,16+ hours,4,60-69%,1,No tutoring,Within 0-100
4281,33,63,High,High,Yes,9,59,Medium,Yes,1,Medium,Medium,Public,Positive,4,No,High School,Near,Male,69,16+ hours,4,60-69%,1,1+ sessions,Within 0-100
4282,11,64,Medium,Medium,No,8,75,Low,Yes,1,High,Medium,Private,Positive,3,No,High School,Moderate,Male,60,11-15 hours,3,60-69%,1,1+ sessions,Within 0-100
4283,27,83,Medium,Medium,Yes,9,76,Medium,Yes,1,Low,High,Public,Positive,4,No,High School,Near,Male,70,16+ hours,4,80-89%,3,1+ sessions,Within 0-100
4284,26,62,Low,High,No,6,86,Medium,Yes,2,Medium,Medium,Public,Positive,3,No,High School,Near,Male,66,16+ hours,4,60-69%,1,1+ sessions,Within 0-100
4285,15,73,Medium,Medium,Yes,7,60,High,Yes,3,Medium,Medium,Public,Neutral,4,No,College,Near,Female,66,11-15 hours,3,70-79%,2,1+ sessions,Within 0-100
4286,21,90,Medium,Low,No,7,55,Medium,Yes,2,Medium,Medium,Public,Neutral,2,No,College,Near,Female,68,16+ hours,4,90-100%,4,1+ sessions,Within 0-100
4287,17,72,Low,Medium,No,7,83,Low,Yes,3,Medium,High,Public,Negative,3,Yes,Unknown,Far,Female,62,16+ hours,4,70-79%,2,1+ sessions,Within 0-100
4288,21,91,Medium,High,Yes,8,74,Low,Yes,0,Medium,Medium,Public,Negative,2,No,Postgraduate,Near,Female,70,16+ hours,4,90-100%,4,No tutoring,Within 0-100
4289,29,90,Medium,Medium,Yes,9,83,Medium,Yes,0,Medium,High,Private,Positive,3,No,High School,Near,Female,72,16+ hours,4,90-100%,4,No tutoring,Within 0-100
4290,24,70,Low,Low,Yes,10,69,High,Yes,1,High,Medium,Public,Negative,2,No,High School,Moderate,Female,64,16+ hours,4,70-79%,2,1+ sessions,Within 0-100
4291,23,89,Low,Medium,No,9,88,High,Yes,1,High,Medium,Public,Neutral,5,No,Postgraduate,Unknown,Male,71,16+ hours,4,80-89%,3,1+ sessions,Within 0-100
4292,17,90,Medium,High,No,8,84,Medium,Yes,1,Low,Low,Public,Negative,4,No,High School,Far,Female,67,16+ hours,4,90-100%,4,1+ sessions,Within 0-100
4293,11,76,Low,Medium,No,6,83,High,Yes,3,Medium,Medium,Public,Positive,1,No,High School,Near,Female,64,11-15 hours,3,70-79%,2,1+ sessions,Within 0-100
4294,19,68,High,High,No,7,51,Medium,No,1,High,Medium,Public,Positive,1,No,High School,Moderate,Female,64,16+ hours,4,60-69%,1,1+ sessions,Within 0-100
4295,27,81,Medium,High,Yes,8,93,Medium,Yes,0,High,High,Public,Neutral,3,No,College,Near,Female,72,16+ hours,4,80-89%,3,No tutoring,Within 0-100
4296,11,97,Low,Low,Yes,7,69,Medium,Yes,3,Low,Medium,Public,Positive,2,No,High School,Near,Female,66,11-15 hours,3,90-100%,4,1+ sessions,Within 0-100
4297,14,86,High,Medium,No,6,57,Medium,Yes,3,High,High,Private,Neutral,2,No,College,Near,Female,68,11-15 hours,3,80-89%,3,1+ sessions,Within 0-100
4298,21,67,Medium,Medium,Yes,6,88,Medium,Yes,1,Low,Medium,Private,Positive,5,No,Postgraduate,Near,Female,95,16+ hours,4,60-69%,1,1+ sessions,Within 0-100
4299,14,87,Medium,Low,Yes,8,74,Medium,Yes,0,Medium,High,Public,Neutral,3,Yes,College,Moderate,Male,64,11-15 hours,3,80-89%,3,No tutoring,Within 0-100
4300,15,77,Medium,Medium,Yes,7,52,Medium,Yes,1,Medium,Medium,Public,Neutral,2,No,College,Near,Male,64,11-15 hours,3,70-79%,2,1+ sessions,Within 0-100
4301,17,84,Low,High,Yes,7,89,Medium,Yes,2,High,Medium,Public,Positive,2,No,High School,Moderate,Male,68,16+ hours,4,80-89%,3,1+ sessions,Within 0-100
4302,12,89,Medium,Low,Yes,7,72,Medium,Yes,1,High,High,Public,Neutral,5,No,College,Near,Male,67,11-15 hours,3,80-89%,3,1+ sessions,Within 0-100
4303,14,81,Medium,Medium,No,6,88,Medium,Yes,1,High,Medium,Public,Positive,3,No,Postgraduate,Moderate,Female,67,11-15 hours,3,80-89%,3,1+ sessions,Within 0-100
4304,24,93,High,Medium,Yes,7,88,Low,Yes,1,Medium,High,Public,Negative,3,No,High School,Moderate,Female,71,16+ hours,4,90-100%,4,1+ sessions,Within 0-100
4305,12,89,Medium,Low,Yes,6,55,Low,Yes,1,Low,High,Public,Negative,3,No,High School,Near,Female,63,11-15 hours,3,80-89%,3,1+ sessions,Within 0-100
4306,10,85,Medium,Medium,Yes,6,81,Medium,Yes,3,Low,Medium,Public,Neutral,3,No,High School,Near,Female,66,6-10 hours,2,80-89%,3,1+ sessions,Within 0-100
4307,16,66,High,High,No,5,68,High,No,2,Low,Medium,Public,Positive,5,No,Postgraduate,Moderate,Male,65,16+ hours,4,60-69%,1,1+ sessions,Within 0-100
4308,24,93,Medium,Low,Yes,7,77,Medium,Yes,0,Low,Medium,Private,Negative,3,No,High School,Near,Female,68,16+ hours,4,90-100%,4,No tutoring,Within 0-100
4309,19,97,Medium,Low,Yes,8,54,Medium,Yes,0,High,Medium,Public,Neutral,2,No,High School,Near,Male,68,16+ hours,4,90-100%,4,No tutoring,Within 0-100
4310,17,65,Medium,High,No,9,79,Medium,Yes,0,Medium,Medium,Public,Positive,2,Yes,High School,Moderate,Male,62,16+ hours,4,60-69%,1,No tutoring,Within 0-100
4311,20,80,Low,Medium,Yes,5,89,Medium,Yes,0,High,High,Public,Neutral,3,No,Postgraduate,Far,Male,67,16+ hours,4,80-89%,3,No tutoring,Within 0-100
4312,10,70,High,High,Yes,9,99,Medium,Yes,1,Medium,Medium,Public,Neutral,4,No,High School,Moderate,Female,65,6-10 hours,2,70-79%,2,1+ sessions,Within 0-100
4313,23,90,High,Medium,Yes,7,66,Low,Yes,2,High,High,Public,Neutral,3,No,High School,Near,Female,71,16+ hours,4,90-100%,4,1+ sessions,Within 0-100
4314,22,89,Medium,High,Yes,5,58,Medium,Yes,4,High,High,Public,Neutral,2,Yes,College,Near,Female,71,16+ hours,4,80-89%,3,1+ sessions,Within 0-100
4315,18,66,High,Medium,Yes,6,68,Low,No,1,Medium,High,Public,Positive,3,Yes,High School,Far,Male,61,16+ hours,4,60-69%,1,1+ sessions,Within 0-100
4316,26,95,Medium,Medium,No,4,51,Medium,Yes,1,Low,Medium,Public,Positive,2,No,High School,Near,Male,70,16+ hours,4,90-100%,4,1+ sessions,Within 0-100
4317,13,67,Medium,Low,Yes,5,70,Medium,Yes,0,Low,High,Private,Negative,2,No,High School,Near,Male,60,11-15 hours,3,60-69%,1,No tutoring,Within 0-100
4318,27,92,Low,Medium,No,10,96,Medium,Yes,0,Low,Medium,Public,Neutral,2,No,Postgraduate,Far,Male,70,16+ hours,4,90-100%,4,No tutoring,Within 0-100
4319,21,78,Medium,High,No,6,60,High,Yes,1,Low,High,Private,Neutral,2,No,College,Near,Female,67,16+ hours,4,70-79%,2,1+ sessions,Within 0-100
4320,18,73,Medium,Medium,Yes,8,74,Low,No,3,Medium,High,Private,Neutral,2,No,Postgraduate,Near,Male,66,16+ hours,4,70-79%,2,1+ sessions,Within 0-100
4321,20,66,Low,Low,Yes,7,79,Medium,Yes,2,Medium,Medium,Private,Positive,2,No,High School,Moderate,Female,63,16+ hours,4,60-69%,1,1+ sessions,Within 0-100
4322,19,67,Medium,Medium,No,7,59,Low,Yes,3,Low,High,Private,Positive,3,No,Postgraduate,Near,Female,65,16+ hours,4,60-69%,1,1+ sessions,Within 0-100
4323,27,86,High,Medium,Yes,8,67,High,Yes,5,High,High,Public,Positive,2,Yes,Postgraduate,Near,Female,75,16+ hours,4,80-89%,3,1+ sessions,Within 0-100
4324,14,82,High,Medium,No,4,96,Low,Yes,2,High,Medium,Private,Negative,4,Yes,High School,Near,Male,66,11-15 hours,3,80-89%,3,1+ sessions,Within 0-100
4325,15,65,Medium,Medium,No,9,65,Medium,Yes,1,Low,Medium,Public,Neutral,2,No,College,Near,Female,61,11-15 hours,3,60-69%,1,1+ sessions,Within 0-100
4326,26,65,Medium,Medium,Yes,7,82,Low,Yes,1,Low,Medium,Public,Positive,1,No,Postgraduate,Far,Male,65,16+ hours,4,60-69%,1,1+ sessions,Within 0-100
4327,16,63,Low,Medium,Yes,6,57,Medium,Yes,2,Low,Low,Public,Neutral,3,No,Postgraduate,Near,Male,61,16+ hours,4,60-69%,1,1+ sessions,Within 0-100
4328,25,90,High,High,Yes,8,83,Medium,Yes,2,Medium,Medium,Public,Negative,3,No,College,Near,Male,73,16+ hours,4,90-100%,4,1+ sessions,Within 0-100
4329,30,88,High,Medium,Yes,6,64,Medium,Yes,1,High,Medium,Public,Neutral,2,No,College,Near,Female,73,16+ hours,4,80-89%,3,1+ sessions,Within 0-100
4330,18,62,Medium,Medium,Yes,7,62,Medium,Yes,1,Medium,Medium,Public,Positive,5,No,College,Moderate,Male,63,16+ hours,4,60-69%,1,1+ sessions,Within 0-100
4331,24,82,Low,Medium,No,7,56,Medium,Yes,1,Medium,Medium,Public,Positive,3,No,Postgraduate,Moderate,Male,67,16+ hours,4,80-89%,3,1+ sessions,Within 0-100
4332,13,63,Medium,High,Yes,8,52,Medium,Yes,2,Low,Medium,Public,Positive,4,No,High School,Near,Male,62,11-15 hours,3,60-69%,1,1+ sessions,Within 0-100
4333,25,96,Low,Low,No,7,98,Medium,Yes,1,Medium,Medium,Private,Neutral,3,No,College,Near,Male,71,16+ hours,4,90-100%,4,1+ sessions,Within 0-100
4334,21,96,Medium,Medium,Yes,5,71,Medium,Yes,2,Low,High,Public,Negative,4,No,High School,Moderate,Male,70,16+ hours,4,90-100%,4,1+ sessions,Within 0-100
4335,23,88,Medium,Medium,No,8,89,Medium,Yes,0,Medium,High,Private,Positive,5,No,High School,Near,Female,70,16+ hours,4,80-89%,3,No tutoring,Within 0-100
4336,16,97,Medium,Medium,No,7,96,Low,No,4,Low,High,Private,Neutral,2,No,High School,Near,Female,69,16+ hours,4,90-100%,4,1+ sessions,Within 0-100
4337,10,92,Medium,Medium,No,4,60,High,Yes,3,Low,Low,Public,Positive,2,No,College,Near,Female,66,6-10 hours,2,90-100%,4,1+ sessions,Within 0-100
4338,23,93,Low,High,Yes,7,93,High,Yes,1,Medium,High,Public,Negative,3,No,High School,Near,Female,72,16+ hours,4,90-100%,4,1+ sessions,Within 0-100
4339,8,83,High,Low,Yes,6,85,Low,Yes,1,Low,High,Public,Neutral,3,No,High School,Far,Female,63,6-10 hours,2,80-89%,3,1+ sessions,Within 0-100
4340,18,72,Low,Medium,Yes,8,79,Medium,Yes,1,Medium,High,Public,Positive,4,No,High School,Moderate,Male,65,16+ hours,4,70-79%,2,1+ sessions,Within 0-100
4341,26,69,High,High,Yes,6,90,Medium,Yes,3,Medium,Medium,Public,Positive,3,No,College,Moderate,Female,71,16+ hours,4,60-69%,1,1+ sessions,Within 0-100
4342,21,73,Medium,Medium,No,5,56,Medium,Yes,5,High,Medium,Private,Neutral,3,No,High School,Moderate,Male,66,16+ hours,4,70-79%,2,1+ sessions,Within 0-100
4343,32,85,Medium,Low,Yes,9,63,Low,No,2,High,Medium,Public,Neutral,3,No,High School,Moderate,Male,69,16+ hours,4,80-89%,3,1+ sessions,Within 0-100
4344,26,67,Low,Medium,No,8,57,Medium,Yes,0,Medium,Medium,Public,Negative,4,No,College,Far,Female,62,16+ hours,4,60-69%,1,No tutoring,Within 0-100
4345,16,70,High,High,No,7,95,High,No,1,Medium,Medium,Public,Neutral,3,No,High School,Near,Female,66,16+ hours,4,70-79%,2,1+ sessions,Within 0-100
4346,20,79,Medium,Low,Yes,8,55,Low,Yes,3,Low,Medium,Private,Positive,4,No,High School,Near,Female,66,16+ hours,4,70-79%,2,1+ sessions,Within 0-100
4347,20,69,Medium,Low,Yes,8,99,High,Yes,1,Medium,High,Public,Negative,3,Yes,High School,Moderate,Female,64,16+ hours,4,60-69%,1,1+ sessions,Within 0-100
4348,11,84,Low,Medium,Yes,7,55,High,Yes,0,Medium,High,Public,Negative,3,No,Unknown,Near,Male,63,11-15 hours,3,80-89%,3,No tutoring,Within 0-100
4349,14,97,Medium,Medium,Yes,5,83,Medium,Yes,0,Low,Medium,Public,Positive,2,No,High School,Near,Female,68,11-15 hours,3,90-100%,4,No tutoring,Within 0-100
4350,17,90,Medium,Medium,No,7,83,Low,Yes,5,Medium,High,Public,Negative,3,Yes,High School,Near,Male,68,16+ hours,4,90-100%,4,1+ sessions,Within 0-100
4351,8,87,High,High,No,9,97,Low,Yes,2,Low,Medium,Public,Positive,3,No,High School,Near,Male,67,6-10 hours,2,80-89%,3,1+ sessions,Within 0-100
4352,20,83,High,Low,Yes,8,66,Medium,Yes,1,High,Medium,Private,Neutral,3,Yes,College,Near,Female,67,16+ hours,4,80-89%,3,1+ sessions,Within 0-100
4353,19,80,High,High,Yes,7,67,Medium,Yes,2,Low,High,Public,Neutral,2,Yes,Postgraduate,Near,Female,68,16+ hours,4,80-89%,3,1+ sessions,Within 0-100
4354,10,67,High,Medium,Yes,8,92,Medium,Yes,1,Medium,High,Public,Negative,4,No,Postgraduate,Near,Male,65,6-10 hours,2,60-69%,1,1+ sessions,Within 0-100
4355,22,96,Low,High,Yes,7,99,High,Yes,4,Low,Medium,Public,Positive,4,No,College,Moderate,Male,74,16+ hours,4,90-100%,4,1+ sessions,Within 0-100
4356,24,70,Medium,High,Yes,9,52,High,Yes,1,Low,Medium,Public,Positive,2,No,Postgraduate,Moderate,Male,85,16+ hours,4,70-79%,2,1+ sessions,Within 0-100
4357,21,64,Medium,Medium,No,9,82,Medium,Yes,2,Low,Medium,Public,Neutral,3,No,College,Moderate,Male,64,16+ hours,4,60-69%,1,1+ sessions,Within 0-100
4358,18,90,Low,Medium,Yes,5,62,High,Yes,3,Medium,Medium,Private,Neutral,2,No,High School,Moderate,Female,67,16+ hours,4,90-100%,4,1+ sessions,Within 0-100
4359,24,67,High,High,Yes,9,86,Medium,Yes,2,Medium,Medium,Public,Negative,2,No,College,Near,Female,68,16+ hours,4,60-69%,1,1+ sessions,Within 0-100
4360,24,75,Low,Medium,Yes,10,89,Low,Yes,0,Medium,High,Private,Positive,3,No,College,Near,Female,67,16+ hours,4,70-79%,2,No tutoring,Within 0-100
4361,22,61,High,Medium,No,8,88,Low,Yes,1,Medium,High,Public,Neutral,4,No,High School,Near,Female,65,16+ hours,4,60-69%,1,1+ sessions,Within 0-100
4362,15,65,High,High,Yes,8,72,Low,Yes,2,Low,Medium,Private,Neutral,2,Yes,Postgraduate,Far,Male,63,11-15 hours,3,60-69%,1,1+ sessions,Within 0-100
4363,22,67,Medium,Medium,Yes,6,58,Medium,Yes,1,Low,Medium,Public,Neutral,2,No,Postgraduate,Near,Male,64,16+ hours,4,60-69%,1,1+ sessions,Within 0-100
4364,27,62,Low,Low,Yes,6,79,Medium,Yes,0,Low,Medium,Private,Negative,3,No,College,Moderate,Male,62,16+ hours,4,60-69%,1,No tutoring,Within 0-100
4365,16,86,Low,High,Yes,7,89,Low,Yes,1,Medium,Low,Public,Positive,2,No,Postgraduate,Near,Female,68,16+ hours,4,80-89%,3,1+ sessions,Within 0-100
4366,33,93,Medium,Medium,Yes,6,96,High,Yes,0,Low,Medium,Private,Positive,4,No,Postgraduate,Far,Female,75,16+ hours,4,90-100%,4,No tutoring,Within 0-100
4367,17,75,Medium,Low,No,5,73,High,Yes,0,Low,Medium,Private,Neutral,4,No,High School,Near,Female,63,16+ hours,4,70-79%,2,No tutoring,Within 0-100
4368,20,95,Medium,Low,Yes,7,62,Low,Yes,2,Low,Medium,Public,Neutral,4,No,College,Moderate,Male,68,16+ hours,4,90-100%,4,1+ sessions,Within 0-100
4369,16,69,Medium,Medium,No,8,56,Low,Yes,2,Medium,Medium,Private,Neutral,3,No,Postgraduate,Near,Male,63,16+ hours,4,60-69%,1,1+ sessions,Within 0-100
4370,21,73,High,High,No,5,90,Medium,Yes,0,Medium,Medium,Public,Neutral,2,No,College,Near,Female,68,16+ hours,4,70-79%,2,No tutoring,Within 0-100
4371,10,66,Medium,High,No,7,77,Medium,Yes,0,Medium,High,Public,Positive,2,No,High School,Near,Male,62,6-10 hours,2,60-69%,1,No tutoring,Within 0-100
4372,17,85,Low,Medium,Yes,7,84,Medium,Yes,3,Medium,Medium,Public,Positive,2,No,College,Far,Female,67,16+ hours,4,80-89%,3,1+ sessions,Within 0-100
4373,13,77,High,High,No,7,58,Medium,Yes,2,Low,Medium,Public,Positive,3,No,High School,Near,Male,66,11-15 hours,3,70-79%,2,1+ sessions,Within 0-100
4374,21,85,Medium,Medium,No,8,50,Low,Yes,1,Medium,High,Private,Neutral,2,No,High School,Far,Male,65,16+ hours,4,80-89%,3,1+ sessions,Within 0-100
4375,26,90,Medium,Medium,Yes,8,98,Medium,Yes,0,Low,Low,Private,Negative,3,Yes,Postgraduate,Moderate,Female,69,16+ hours,4,90-100%,4,No tutoring,Within 0-100
4376,24,82,High,Medium,No,6,91,Medium,Yes,2,High,Medium,Public,Positive,1,No,High School,Unknown,Male,70,16+ hours,4,80-89%,3,1+ sessions,Within 0-100
4377,6,85,High,Medium,Yes,9,70,High,Yes,0,Low,Medium,Public,Positive,3,Yes,Postgraduate,Near,Female,64,6-10 hours,2,80-89%,3,No tutoring,Within 0-100
4378,32,97,High,Medium,Yes,8,73,Medium,Yes,0,High,Medium,Public,Negative,3,No,College,Near,Female,75,16+ hours,4,90-100%,4,No tutoring,Within 0-100
4379,22,72,Low,Low,Yes,9,96,High,Yes,1,Low,Medium,Private,Positive,3,No,College,Near,Male,66,16+ hours,4,70-79%,2,1+ sessions,Within 0-100
4380,15,74,Medium,Low,No,7,60,Low,Yes,2,Medium,Medium,Public,Positive,3,No,High School,Far,Female,62,11-15 hours,3,70-79%,2,1+ sessions,Within 0-100
4381,21,89,Low,Medium,No,7,90,Low,Yes,4,High,Medium,Public,Neutral,5,No,Postgraduate,Far,Male,70,16+ hours,4,80-89%,3,1+ sessions,Within 0-100
4382,21,84,High,High,No,7,51,Medium,Yes,0,Medium,Medium,Public,Positive,3,No,High School,Moderate,Male,68,16+ hours,4,80-89%,3,No tutoring,Within 0-100
4383,16,67,Medium,High,Yes,9,94,High,Yes,1,Medium,Medium,Private,Neutral,2,No,Postgraduate,Near,Female,66,16+ hours,4,60-69%,1,1+ sessions,Within 0-100
4384,21,75,Low,High,Yes,7,79,Medium,Yes,0,Low,Medium,Public,Neutral,2,No,High School,Near,Male,65,16+ hours,4,70-79%,2,No tutoring,Within 0-100
4385,16,79,High,Medium,Yes,7,74,High,Yes,3,Medium,Medium,Private,Positive,2,No,Postgraduate,Far,Male,68,16+ hours,4,70-79%,2,1+ sessions,Within 0-100
4386,18,77,High,Medium,No,10,85,Low,Yes,2,Medium,Medium,Public,Positive,3,No,Postgraduate,Near,Female,68,16+ hours,4,70-79%,2,1+ sessions,Within 0-100
4387,16,67,Medium,Medium,Yes,5,53,Low,Yes,2,Medium,Medium,Private,Positive,3,No,High School,Moderate,Male,62,16+ hours,4,60-69%,1,1+ sessions,Within 0-100
4388,11,97,Low,Medium,Yes,8,60,Low,Yes,2,Low,Medium,Public,Positive,3,No,College,Near,Female,66,11-15 hours,3,90-100%,4,1+ sessions,Within 0-100
4389,21,90,Medium,Low,No,7,70,Medium,Yes,2,Low,Medium,Public,Negative,2,No,Postgraduate,Near,Female,68,16+ hours,4,90-100%,4,1+ sessions,Within 0-100
4390,24,79,High,Medium,No,7,81,High,Yes,0,High,Medium,Public,Positive,2,No,High School,Moderate,Male,69,16+ hours,4,70-79%,2,No tutoring,Within 0-100
4391,23,87,Medium,Low,No,6,57,Medium,Yes,2,High,Medium,Public,Positive,3,Yes,High School,Near,Male,67,16+ hours,4,80-89%,3,1+ sessions,Within 0-100
4392,25,96,Low,High,Yes,6,69,Low,Yes,3,High,Medium,Public,Positive,2,No,Postgraduate,Near,Male,74,16+ hours,4,90-100%,4,1+ sessions,Within 0-100
4393,22,65,Low,Medium,No,6,63,Medium,No,2,Medium,Medium,Public,Neutral,3,No,High School,Far,Male,61,16+ hours,4,60-69%,1,1+ sessions,Within 0-100
4394,17,70,High,Medium,No,8,82,Low,Yes,2,High,High,Public,Negative,2,Yes,High School,Moderate,Female,64,16+ hours,4,70-79%,2,1+ sessions,Within 0-100
4395,25,82,Medium,Medium,No,8,96,Medium,Yes,1,Low,Medium,Private,Positive,2,No,High School,Moderate,Female,69,16+ hours,4,80-89%,3,1+ sessions,Within 0-100
4396,12,92,High,Medium,No,4,58,Low,Yes,2,Medium,Medium,Public,Positive,2,Yes,College,Moderate,Male,66,11-15 hours,3,90-100%,4,1+ sessions,Within 0-100
4397,15,61,Medium,Medium,No,5,59,High,Yes,0,Low,High,Public,Neutral,4,No,High School,Near,Female,61,11-15 hours,3,60-69%,1,No tutoring,Within 0-100
4398,14,99,Medium,Medium,Yes,8,80,High,Yes,3,Medium,Low,Private,Neutral,4,No,College,Near,Female,71,11-15 hours,3,90-100%,4,1+ sessions,Within 0-100
4399,26,78,High,High,Yes,8,73,Medium,No,2,Low,Medium,Private,Positive,4,No,College,Near,Female,71,16+ hours,4,70-79%,2,1+ sessions,Within 0-100
4400,26,74,Medium,Medium,No,5,86,Low,Yes,2,Low,High,Public,Positive,4,No,College,Near,Female,69,16+ hours,4,70-79%,2,1+ sessions,Within 0-100
4401,23,72,Medium,Medium,Yes,8,64,Low,Yes,1,Low,Medium,Public,Neutral,4,No,Postgraduate,Near,Female,66,16+ hours,4,70-79%,2,1+ sessions,Within 0-100
4402,26,67,Low,Medium,Yes,7,77,Low,Yes,2,Low,High,Private,Neutral,3,Yes,High School,Moderate,Male,64,16+ hours,4,60-69%,1,1+ sessions,Within 0-100
4403,15,92,Low,Medium,No,8,69,Medium,Yes,1,High,Medium,Private,Neutral,4,No,Postgraduate,Near,Male,68,11-15 hours,3,90-100%,4,1+ sessions,Within 0-100
4404,22,98,High,Medium,Yes,6,64,Low,Yes,0,Medium,High,Public,Positive,3,No,High School,Moderate,Female,71,16+ hours,4,90-100%,4,No tutoring,Within 0-100
4405,19,77,High,Medium,Yes,5,86,High,Yes,0,Medium,Low,Public,Negative,4,Yes,High School,Near,Male,66,16+ hours,4,70-79%,2,No tutoring,Within 0-100
4406,25,98,Medium,Medium,Yes,7,90,High,Yes,1,High,Low,Public,Neutral,4,No,Postgraduate,Near,Male,94,16+ hours,4,90-100%,4,1+ sessions,Within 0-100
4407,19,93,Low,High,Yes,7,66,Low,Yes,1,Medium,Medium,Private,Neutral,3,No,High School,Near,Female,68,16+ hours,4,90-100%,4,1+ sessions,Within 0-100
4408,18,79,Medium,Medium,No,7,81,Medium,No,1,Medium,High,Private,Positive,4,No,College,Moderate,Female,66,16+ hours,4,70-79%,2,1+ sessions,Within 0-100
4409,23,87,High,Low,No,6,59,Medium,Yes,4,Medium,High,Public,Neutral,2,No,High School,Near,Male,70,16+ hours,4,80-89%,3,1+ sessions,Within 0-100
4410,25,77,Medium,Medium,No,10,90,Medium,Yes,1,Low,Medium,Public,Neutral,3,No,High School,Near,Male,68,16+ hours,4,70-79%,2,1+ sessions,Within 0-100
4411,16,82,High,Low,No,4,64,Low,Yes,1,Medium,Unknown,Private,Neutral,2,No,Postgraduate,Moderate,Male,65,16+ hours,4,80-89%,3,1+ sessions,Within 0-100
4412,20,62,Medium,Medium,Yes,6,59,Low,Yes,3,Medium,Medium,Public,Positive,4,No,High School,Near,Male,64,16+ hours,4,60-69%,1,1+ sessions,Within 0-100
4413,14,88,High,Medium,Yes,6,97,Medium,Yes,0,Low,Medium,Public,Positive,3,No,College,Near,Male,69,11-15 hours,3,80-89%,3,No tutoring,Within 0-100
4414,5,62,High,High,No,7,71,Low,Yes,1,Low,Medium,Private,Positive,4,No,College,Far,Male,59,1-5 hours,1,60-69%,1,1+ sessions,Within 0-100
4415,21,93,Low,Medium,No,8,82,Medium,Yes,2,Medium,High,Private,Neutral,4,No,College,Near,Male,70,16+ hours,4,90-100%,4,1+ sessions,Within 0-100
4416,24,93,High,Low,Yes,8,90,High,Yes,0,High,Medium,Private,Negative,2,No,College,Near,Male,72,16+ hours,4,90-100%,4,No tutoring,Within 0-100
4417,22,69,Low,Medium,No,9,84,Medium,Yes,0,Medium,Medium,Public,Neutral,3,No,College,Moderate,Male,64,16+ hours,4,60-69%,1,No tutoring,Within 0-100
4418,8,73,Medium,High,No,8,78,High,Yes,0,Medium,High,Private,Negative,3,No,High School,Near,Male,63,6-10 hours,2,70-79%,2,No tutoring,Within 0-100
4419,18,79,Medium,Medium,Yes,4,69,Medium,Yes,2,High,Low,Private,Positive,3,No,College,Near,Male,67,16+ hours,4,70-79%,2,1+ sessions,Within 0-100
4420,7,84,Medium,Medium,Yes,5,96,Medium,No,1,Low,Low,Public,Positive,3,Yes,High School,Near,Male,62,6-10 hours,2,80-89%,3,1+ sessions,Within 0-100
4421,28,71,Medium,Medium,Yes,9,57,High,Yes,1,Low,High,Public,Neutral,4,No,Postgraduate,Near,Female,69,16+ hours,4,70-79%,2,1+ sessions,Within 0-100
4422,13,84,Medium,Medium,Yes,9,94,Medium,Yes,3,Medium,Medium,Public,Negative,2,Yes,High School,Near,Male,66,11-15 hours,3,80-89%,3,1+ sessions,Within 0-100
4423,28,72,Low,Low,No,8,85,High,Yes,4,Low,Medium,Private,Negative,2,No,High School,Near,Female,66,16+ hours,4,70-79%,2,1+ sessions,Within 0-100
4424,26,62,Low,Medium,No,6,79,Medium,Yes,1,Low,Medium,Public,Positive,3,Yes,College,Near,Female,63,16+ hours,4,60-69%,1,1+ sessions,Within 0-100
4425,15,60,Medium,Medium,No,7,66,High,Yes,2,High,Medium,Public,Neutral,4,No,High School,Near,Male,62,11-15 hours,3,60-69%,1,1+ sessions,Within 0-100
4426,13,64,Medium,High,No,6,57,Low,Yes,1,Low,Low,Public,Neutral,3,Yes,High School,Moderate,Female,58,11-15 hours,3,60-69%,1,1+ sessions,Within 0-100
4427,22,92,Medium,Low,No,5,72,Low,Yes,0,Medium,Medium,Private,Negative,4,No,College,Moderate,Male,67,16+ hours,4,90-100%,4,No tutoring,Within 0-100
4428,15,98,Medium,Medium,Yes,7,89,Low,No,2,Low,Low,Public,Neutral,3,No,College,Moderate,Male,68,11-15 hours,3,90-100%,4,1+ sessions,Within 0-100
4429,21,77,High,Medium,No,10,87,Low,Yes,1,Low,Medium,Public,Neutral,3,No,College,Near,Male,67,16+ hours,4,70-79%,2,1+ sessions,Within 0-100
4430,17,81,Medium,Medium,No,6,82,Medium,Yes,3,Low,Medium,Private,Neutral,4,No,College,Near,Male,67,16+ hours,4,80-89%,3,1+ sessions,Within 0-100
4431,9,66,Low,Medium,No,9,100,Low,Yes,3,Medium,Medium,Public,Neutral,3,No,College,Near,Male,62,6-10 hours,2,60-69%,1,1+ sessions,Within 0-100
4432,7,82,Medium,High,Yes,6,99,Medium,Yes,2,Medium,High,Public,Negative,2,No,Postgraduate,Moderate,Male,66,6-10 hours,2,80-89%,3,1+ sessions,Within 0-100
4433,21,66,Medium,Medium,Yes,5,70,Medium,Yes,1,Low,High,Private,Positive,5,No,High School,Near,Female,65,16+ hours,4,60-69%,1,1+ sessions,Within 0-100
4434,17,84,Medium,High,Yes,8,60,Medium,Yes,0,Low,Low,Private,Positive,5,No,College,Near,Female,67,16+ hours,4,80-89%,3,No tutoring,Within 0-100
4435,17,97,Medium,Low,No,7,73,High,No,1,Medium,High,Private,Neutral,4,No,College,Near,Male,69,16+ hours,4,90-100%,4,1+ sessions,Within 0-100
4436,24,68,Medium,High,Yes,9,92,Low,Yes,1,Low,High,Public,Positive,2,No,High School,Near,Male,67,16+ hours,4,60-69%,1,1+ sessions,Within 0-100
4437,27,91,Low,Medium,Yes,9,73,Low,Yes,0,Low,Medium,Private,Neutral,3,No,College,Near,Male,69,16+ hours,4,90-100%,4,No tutoring,Within 0-100
4438,18,61,Medium,Low,No,7,67,Low,Yes,2,High,Medium,Public,Positive,4,No,High School,Near,Male,62,16+ hours,4,60-69%,1,1+ sessions,Within 0-100
4439,18,75,Medium,Medium,Yes,9,87,Low,Yes,3,Low,Medium,Public,Negative,3,No,Postgraduate,Near,Female,67,16+ hours,4,70-79%,2,1+ sessions,Within 0-100
4440,23,64,Medium,Low,Yes,6,83,Medium,Yes,0,Medium,Medium,Public,Neutral,3,No,High School,Moderate,Male,63,16+ hours,4,60-69%,1,No tutoring,Within 0-100
4441,12,74,Medium,Medium,No,6,98,High,Yes,2,Low,Medium,Public,Neutral,3,No,College,Near,Male,65,11-15 hours,3,70-79%,2,1+ sessions,Within 0-100
4442,21,67,Medium,Medium,Yes,9,77,Medium,Yes,3,High,Low,Public,Neutral,3,No,College,Moderate,Female,66,16+ hours,4,60-69%,1,1+ sessions,Within 0-100
4443,23,75,Medium,High,Yes,5,98,Medium,Yes,3,Medium,High,Public,Positive,1,No,College,Near,Female,71,16+ hours,4,70-79%,2,1+ sessions,Within 0-100
4444,24,77,Low,High,Yes,7,65,High,Yes,1,Medium,High,Private,Positive,4,No,Postgraduate,Near,Male,70,16+ hours,4,70-79%,2,1+ sessions,Within 0-100
4445,8,72,High,High,Yes,9,93,High,Yes,4,Medium,Medium,Public,Positive,4,No,High School,Near,Male,68,6-10 hours,2,70-79%,2,1+ sessions,Within 0-100
4446,15,86,High,Medium,Yes,9,68,High,Yes,0,Medium,Low,Public,Neutral,3,No,High School,Near,Male,67,11-15 hours,3,80-89%,3,No tutoring,Within 0-100
4447,15,97,Medium,High,No,6,90,High,Yes,2,High,High,Private,Neutral,0,No,High School,Near,Male,71,11-15 hours,3,90-100%,4,1+ sessions,Within 0-100
4448,21,76,Low,Medium,Yes,9,96,Medium,Yes,1,Low,Low,Public,Negative,5,No,High School,Near,Male,65,16+ hours,4,70-79%,2,1+ sessions,Within 0-100
4449,23,68,Low,Medium,Yes,5,81,Low,Yes,1,Low,Low,Public,Neutral,2,No,Postgraduate,Near,Male,64,16+ hours,4,60-69%,1,1+ sessions,Within 0-100
4450,29,71,Medium,Medium,Yes,6,86,Medium,Yes,1,Low,Medium,Public,Positive,2,No,College,Near,Female,69,16+ hours,4,70-79%,2,1+ sessions,Within 0-100
4451,17,94,Medium,Low,Yes,7,98,Low,Yes,1,Medium,High,Public,Negative,2,No,High School,Near,Male,68,16+ hours,4,90-100%,4,1+ sessions,Within 0-100
4452,17,83,Medium,Low,Yes,8,69,Low,Yes,4,Low,High,Public,Neutral,3,No,College,Near,Male,67,16+ hours,4,80-89%,3,1+ sessions,Within 0-100
4453,27,78,Medium,Medium,Yes,5,76,High,Yes,1,Medium,Medium,Private,Positive,4,No,Postgraduate,Near,Male,71,16+ hours,4,70-79%,2,1+ sessions,Within 0-100
4454,22,66,Medium,Low,Yes,10,95,Medium,Yes,1,Medium,Medium,Private,Negative,3,No,High School,Near,Male,64,16+ hours,4,60-69%,1,1+ sessions,Within 0-100
4455,28,78,Medium,High,Yes,4,84,Medium,Yes,2,Low,Low,Public,Negative,3,No,College,Far,Female,69,16+ hours,4,70-79%,2,1+ sessions,Within 0-100
4456,22,71,Medium,High,Yes,7,94,Medium,Yes,1,Medium,Medium,Public,Neutral,4,No,High School,Near,Male,68,16+ hours,4,70-79%,2,1+ sessions,Within 0-100
4457,13,98,High,Low,Yes,7,81,Medium,Yes,1,Medium,Low,Private,Negative,3,No,Postgraduate,Near,Male,69,11-15 hours,3,90-100%,4,1+ sessions,Within 0-100
4458,12,95,Medium,Medium,No,4,87,Medium,Yes,0,Low,Medium,Public,Positive,3,No,High School,Moderate,Male,67,11-15 hours,3,90-100%,4,No tutoring,Within 0-100
4459,11,63,Medium,High,Yes,9,51,High,Yes,0,Low,Low,Public,Negative,3,Yes,College,Moderate,Male,58,11-15 hours,3,60-69%,1,No tutoring,Within 0-100
4460,24,81,Low,Medium,Yes,6,67,High,Yes,0,Medium,High,Public,Negative,2,No,High School,Far,Male,66,16+ hours,4,80-89%,3,No tutoring,Within 0-100
4461,27,69,Medium,High,Yes,7,89,Low,Yes,2,High,High,Private,Neutral,1,No,High School,Moderate,Male,69,16+ hours,4,60-69%,1,1+ sessions,Within 0-100
4462,31,76,Medium,High,Yes,7,70,Low,Yes,3,Low,Medium,Public,Neutral,3,No,College,Moderate,Male,70,16+ hours,4,70-79%,2,1+ sessions,Within 0-100
4463,25,95,Medium,Low,Yes,5,68,Medium,Yes,1,Medium,High,Public,Positive,3,No,High School,Far,Male,70,16+ hours,4,90-100%,4,1+ sessions,Within 0-100
4464,27,81,Medium,Low,Yes,5,98,Medium,Yes,0,High,Medium,Public,Positive,3,No,High School,Near,Male,70,16+ hours,4,80-89%,3,No tutoring,Within 0-100
4465,17,73,High,High,No,9,78,Medium,Yes,0,Low,High,Public,Negative,3,No,Postgraduate,Moderate,Female,66,16+ hours,4,70-79%,2,No tutoring,Within 0-100
4466,13,68,Low,High,No,7,60,Medium,Yes,1,Medium,Low,Private,Positive,3,No,College,Moderate,Female,61,11-15 hours,3,60-69%,1,1+ sessions,Within 0-100
4467,25,92,Medium,Medium,Yes,4,74,Medium,Yes,3,Low,High,Public,Positive,2,Yes,High School,Moderate,Female,71,16+ hours,4,90-100%,4,1+ sessions,Within 0-100
4468,23,85,High,Low,Yes,7,76,High,Yes,2,Low,Medium,Public,Neutral,3,No,College,Unknown,Female,69,16+ hours,4,80-89%,3,1+ sessions,Within 0-100
4469,21,79,Medium,Medium,Yes,7,99,Medium,Yes,2,Low,Medium,Public,Positive,2,No,Postgraduate,Near,Male,69,16+ hours,4,70-79%,2,1+ sessions,Within 0-100
4470,22,69,High,Medium,No,7,86,Low,Yes,0,Medium,Medium,Public,Neutral,1,No,High School,Near,Female,65,16+ hours,4,60-69%,1,No tutoring,Within 0-100
4471,22,73,High,High,Yes,4,76,High,Yes,3,Medium,Medium,Public,Negative,4,No,College,Far,Male,69,16+ hours,4,70-79%,2,1+ sessions,Within 0-100
4472,28,98,Medium,High,Yes,7,72,Medium,Yes,1,Low,High,Private,Positive,2,No,College,Near,Male,74,16+ hours,4,90-100%,4,1+ sessions,Within 0-100
4473,28,81,Medium,Medium,Yes,6,96,High,Yes,2,Low,Medium,Private,Positive,5,No,High School,Moderate,Male,71,16+ hours,4,80-89%,3,1+ sessions,Within 0-100
4474,23,76,High,Medium,No,7,82,High,Yes,0,Medium,High,Private,Neutral,1,No,College,Near,Male,68,16+ hours,4,70-79%,2,No tutoring,Within 0-100
4475,25,81,High,High,Yes,8,68,Low,Yes,0,Low,High,Public,Neutral,3,No,College,Moderate,Female,69,16+ hours,4,80-89%,3,No tutoring,Within 0-100
4476,23,91,Low,Medium,Yes,8,73,Medium,No,3,Medium,Medium,Public,Negative,5,No,High School,Far,Male,68,16+ hours,4,90-100%,4,1+ sessions,Within 0-100
4477,17,74,Medium,Low,No,9,64,Medium,Yes,2,Medium,Medium,Public,Neutral,3,No,High School,Near,Male,63,16+ hours,4,70-79%,2,1+ sessions,Within 0-100
4478,25,67,Medium,Medium,Yes,10,98,High,Yes,0,High,Medium,Public,Positive,2,No,High School,Near,Male,68,16+ hours,4,60-69%,1,No tutoring,Within 0-100
4479,12,83,High,Medium,Yes,5,85,Medium,Yes,2,Low,High,Private,Negative,2,No,College,Near,Male,67,11-15 hours,3,80-89%,3,1+ sessions,Within 0-100
4480,26,87,Medium,High,No,6,70,Low,Yes,3,Medium,Medium,Public,Neutral,3,No,College,Moderate,Male,71,16+ hours,4,80-89%,3,1+ sessions,Within 0-100
4481,13,89,High,High,No,8,59,Low,Yes,0,Low,High,Public,Neutral,2,No,Postgraduate,Moderate,Male,66,11-15 hours,3,80-89%,3,No tutoring,Within 0-100
4482,22,95,High,Medium,No,7,59,Medium,Yes,2,Low,Medium,Public,Negative,3,Yes,High School,Near,Male,69,16+ hours,4,90-100%,4,1+ sessions,Within 0-100
4483,15,75,High,Medium,Yes,4,74,Medium,Yes,3,Medium,High,Public,Positive,4,No,College,Near,Female,68,11-15 hours,3,70-79%,2,1+ sessions,Within 0-100
4484,23,63,Medium,Medium,No,7,73,Low,Yes,1,Low,Medium,Public,Neutral,3,No,College,Moderate,Male,63,16+ hours,4,60-69%,1,1+ sessions,Within 0-100
4485,20,98,Medium,Medium,No,9,71,Medium,Yes,0,Low,Medium,Public,Negative,4,No,College,Moderate,Male,69,16+ hours,4,90-100%,4,No tutoring,Within 0-100
4486,10,77,Low,High,Yes,5,93,Medium,Yes,3,Low,Medium,Public,Positive,3,No,College,Near,Female,66,6-10 hours,2,70-79%,2,1+ sessions,Within 0-100
4487,23,85,Medium,Medium,Yes,7,99,High,Yes,1,Low,High,Public,Neutral,5,No,College,Near,Female,71,16+ hours,4,80-89%,3,1+ sessions,Within 0-100
4488,17,87,Medium,High,No,4,68,Medium,Yes,2,Low,Low,Public,Positive,4,No,Postgraduate,Moderate,Male,68,16+ hours,4,80-89%,3,1+ sessions,Within 0-100
4489,25,82,Medium,Medium,Yes,8,65,Medium,Yes,0,High,Medium,Private,Neutral,4,No,High School,Near,Male,69,16+ hours,4,80-89%,3,No tutoring,Within 0-100
4490,20,68,Medium,Medium,Yes,7,89,Medium,Yes,0,Medium,High,Private,Positive,3,No,High School,Far,Female,65,16+ hours,4,60-69%,1,No tutoring,Within 0-100
4491,22,90,Medium,Low,Yes,6,72,Medium,Yes,0,Low,Medium,Public,Neutral,4,No,College,Near,Male,68,16+ hours,4,90-100%,4,No tutoring,Within 0-100
4492,14,92,High,Medium,Yes,6,61,High,Yes,0,Low,Medium,Private,Neutral,2,No,College,Moderate,Male,67,11-15 hours,3,90-100%,4,No tutoring,Within 0-100
4493,16,82,Medium,Medium,No,5,59,Medium,Yes,1,Medium,Medium,Public,Positive,3,No,High School,Near,Male,65,16+ hours,4,80-89%,3,1+ sessions,Within 0-100
4494,17,80,Low,Medium,Yes,9,64,Medium,Yes,1,Low,Medium,Private,Positive,4,No,Postgraduate,Far,Female,65,16+ hours,4,80-89%,3,1+ sessions,Within 0-100
4495,25,65,Medium,Low,Yes,6,50,Medium,Yes,2,Low,Medium,Public,Positive,2,No,College,Near,Female,64,16+ hours,4,60-69%,1,1+ sessions,Within 0-100
4496,30,63,High,High,No,8,97,Medium,Yes,1,Low,High,Public,Neutral,3,No,High School,Near,Female,69,16+ hours,4,60-69%,1,1+ sessions,Within 0-100
4497,15,74,High,Low,No,6,72,Low,Yes,2,Low,Medium,Public,Positive,3,No,High School,Near,Male,64,11-15 hours,3,70-79%,2,1+ sessions,Within 0-100
4498,26,72,Medium,Medium,No,10,54,Medium,No,2,High,High,Public,Neutral,2,No,College,Moderate,Male,66,16+ hours,4,70-79%,2,1+ sessions,Within 0-100
4499,7,98,Medium,Low,Yes,9,58,Medium,Yes,2,Medium,Medium,Private,Neutral,5,Yes,College,Near,Male,65,6-10 hours,2,90-100%,4,1+ sessions,Within 0-100
4500,13,91,High,Medium,Yes,10,66,Medium,Yes,2,Medium,Medium,Public,Positive,4,No,High School,Near,Female,69,11-15 hours,3,90-100%,4,1+ sessions,Within 0-100
4501,14,86,Low,Medium,Yes,10,78,Medium,Yes,3,Medium,High,Private,Negative,4,Yes,High School,Near,Female,66,11-15 hours,3,80-89%,3,1+ sessions,Within 0-100
4502,12,81,Medium,Medium,Yes,6,85,High,Yes,0,Low,Medium,Private,Positive,2,Yes,High School,Near,Male,64,11-15 hours,3,80-89%,3,No tutoring,Within 0-100
4503,10,67,Medium,Medium,Yes,6,65,Medium,Yes,1,Medium,High,Public,Negative,4,No,High School,Near,Female,61,6-10 hours,2,60-69%,1,1+ sessions,Within 0-100
4504,22,99,Medium,Medium,No,10,98,Low,Yes,1,Medium,Medium,Private,Neutral,1,No,College,Near,Male,72,16+ hours,4,90-100%,4,1+ sessions,Within 0-100
4505,19,75,Medium,Medium,Yes,7,88,Low,Yes,1,Medium,Medium,Private,Positive,3,No,Postgraduate,Moderate,Male,67,16+ hours,4,70-79%,2,1+ sessions,Within 0-100
4506,22,64,Low,Medium,Yes,8,91,Low,Yes,0,Low,Medium,Public,Neutral,4,No,College,Moderate,Female,63,16+ hours,4,60-69%,1,No tutoring,Within 0-100
4507,24,80,Medium,High,No,6,66,High,Yes,1,Medium,Medium,Public,Neutral,3,No,College,Moderate,Male,69,16+ hours,4,80-89%,3,1+ sessions,Within 0-100
4508,22,95,Low,High,Yes,6,69,High,Yes,3,Medium,Medium,Public,Neutral,2,Yes,Postgraduate,Far,Male,70,16+ hours,4,90-100%,4,1+ sessions,Within 0-100
4509,24,95,Medium,High,Yes,8,77,Low,Yes,1,Low,Medium,Public,Positive,3,Yes,High School,Near,Male,71,16+ hours,4,90-100%,4,1+ sessions,Within 0-100
4510,20,60,Medium,Low,Yes,4,73,Medium,Yes,0,Low,Low,Public,Neutral,1,No,Postgraduate,Moderate,Female,60,16+ hours,4,60-69%,1,No tutoring,Within 0-100
4511,13,95,Medium,High,Yes,8,63,Medium,Yes,3,Medium,Medium,Private,Neutral,2,No,Postgraduate,Near,Female,70,11-15 hours,3,90-100%,4,1+ sessions,Within 0-100
4512,26,71,Low,High,No,8,100,Low,Yes,1,Low,High,Private,Positive,4,No,College,Near,Female,69,16+ hours,4,70-79%,2,1+ sessions,Within 0-100
4513,16,62,Medium,High,No,6,92,Medium,No,0,Medium,Medium,Private,Positive,4,No,High School,Near,Female,63,16+ hours,4,60-69%,1,No tutoring,Within 0-100
4514,14,94,Medium,Medium,Yes,7,62,High,Yes,2,Medium,High,Private,Negative,1,No,Postgraduate,Near,Male,69,11-15 hours,3,90-100%,4,1+ sessions,Within 0-100
4515,19,95,Medium,Medium,Yes,7,95,High,Yes,0,Medium,High,Private,Negative,2,No,College,Near,Male,71,16+ hours,4,90-100%,4,No tutoring,Within 0-100
4516,15,84,Medium,High,Yes,7,79,Medium,Yes,1,Medium,High,Public,Neutral,4,No,High School,Near,Female,68,11-15 hours,3,80-89%,3,1+ sessions,Within 0-100
4517,17,83,Medium,High,No,8,51,Low,Yes,0,Low,Medium,Public,Negative,4,No,High School,Moderate,Male,64,16+ hours,4,80-89%,3,No tutoring,Within 0-100
4518,22,93,Low,Medium,No,6,67,Medium,Yes,0,Medium,Medium,Public,Neutral,3,No,College,Near,Female,68,16+ hours,4,90-100%,4,No tutoring,Within 0-100
4519,22,91,Low,Medium,Yes,10,51,High,Yes,2,High,Medium,Public,Neutral,3,No,High School,Near,Female,69,16+ hours,4,90-100%,4,1+ sessions,Within 0-100
4520,15,96,Medium,Low,No,7,54,Low,Yes,0,Low,Medium,Public,Neutral,3,No,College,Near,Female,65,11-15 hours,3,90-100%,4,No tutoring,Within 0-100
4521,17,82,Medium,Medium,Yes,7,59,Medium,Yes,3,Medium,Medium,Public,Positive,4,No,College,Near,Male,68,16+ hours,4,80-89%,3,1+ sessions,Within 0-100
4522,26,99,Medium,High,Yes,10,74,Medium,Yes,1,Medium,Medium,Private,Neutral,2,No,College,Near,Male,74,16+ hours,4,90-100%,4,1+ sessions,Within 0-100
4523,23,100,High,Low,Yes,4,69,Low,Yes,0,Low,High,Public,Positive,4,No,Postgraduate,Near,Female,72,16+ hours,4,90-100%,4,No tutoring,Within 0-100
4524,32,65,High,Medium,No,10,57,Medium,Yes,1,High,Medium,Private,Negative,2,No,High School,Near,Female,67,16+ hours,4,60-69%,1,1+ sessions,Within 0-100
4525,27,94,High,High,Yes,7,70,Low,Yes,1,Medium,High,Public,Neutral,2,No,High School,Moderate,Female,73,16+ hours,4,90-100%,4,1+ sessions,Within 0-100
4526,27,80,Medium,Medium,No,6,65,High,No,1,High,Medium,Private,Neutral,4,No,College,Moderate,Male,68,16+ hours,4,80-89%,3,1+ sessions,Within 0-100
4527,12,76,Medium,Low,Yes,5,71,Low,Yes,0,Medium,Medium,Public,Negative,4,No,High School,Near,Male,61,11-15 hours,3,70-79%,2,No tutoring,Within 0-100
4528,25,85,High,High,No,5,59,Medium,Yes,3,Low,Medium,Public,Neutral,4,No,High School,Near,Female,70,16+ hours,4,80-89%,3,1+ sessions,Within 0-100
4529,20,62,Medium,Low,Yes,6,80,High,No,1,Medium,High,Public,Neutral,3,No,College,Moderate,Female,62,16+ hours,4,60-69%,1,1+ sessions,Within 0-100
4530,17,80,Medium,Medium,Yes,7,52,High,Yes,2,Medium,Medium,Private,Neutral,3,No,Postgraduate,Near,Female,67,16+ hours,4,80-89%,3,1+ sessions,Within 0-100
4531,21,95,Low,High,Yes,8,69,Medium,No,0,Low,High,Public,Negative,3,No,Postgraduate,Near,Male,69,16+ hours,4,90-100%,4,No tutoring,Within 0-100
4532,26,69,High,High,No,7,95,Low,No,0,Medium,Medium,Public,Negative,3,No,Postgraduate,Near,Female,93,16+ hours,4,60-69%,1,No tutoring,Within 0-100
4533,23,77,Medium,High,No,6,71,Low,Yes,3,Medium,Low,Private,Positive,4,No,High School,Moderate,Male,68,16+ hours,4,70-79%,2,1+ sessions,Within 0-100
4534,15,98,Medium,Medium,Yes,9,72,Medium,Yes,1,Low,High,Public,Neutral,2,No,College,Near,Female,69,11-15 hours,3,90-100%,4,1+ sessions,Within 0-100
4535,24,77,Medium,Medium,Yes,10,53,High,Yes,2,High,Medium,Public,Neutral,4,No,College,Moderate,Male,68,16+ hours,4,70-79%,2,1+ sessions,Within 0-100
4536,16,74,Medium,High,No,9,80,Low,Yes,0,Medium,Medium,Public,Negative,5,No,High School,Near,Male,64,16+ hours,4,70-79%,2,No tutoring,Within 0-100
4537,21,78,High,Medium,Yes,6,97,Medium,Yes,0,Medium,Medium,Public,Positive,2,No,High School,Near,Female,69,16+ hours,4,70-79%,2,No tutoring,Within 0-100
4538,18,81,Medium,Medium,No,8,65,Low,Yes,2,Low,Medium,Public,Neutral,4,No,Postgraduate,Near,Male,66,16+ hours,4,80-89%,3,1+ sessions,Within 0-100
4539,19,85,Medium,Medium,No,8,70,Low,Yes,4,High,Medium,Public,Neutral,3,No,High School,Moderate,Male,68,16+ hours,4,80-89%,3,1+ sessions,Within 0-100
4540,25,92,Medium,Medium,Yes,9,79,Medium,Yes,3,Medium,High,Public,Negative,4,No,College,Moderate,Male,72,16+ hours,4,90-100%,4,1+ sessions,Within 0-100
4541,14,78,High,Medium,No,6,55,Low,Yes,2,Low,Medium,Private,Neutral,2,No,High School,Near,Female,63,11-15 hours,3,70-79%,2,1+ sessions,Within 0-100
4542,32,93,High,Medium,No,6,98,Medium,Yes,0,Medium,Medium,Public,Neutral,4,Yes,High School,Near,Male,73,16+ hours,4,90-100%,4,No tutoring,Within 0-100
4543,9,81,High,Medium,Yes,9,73,Medium,Yes,1,Medium,Medium,Public,Negative,1,No,Postgraduate,Near,Male,65,6-10 hours,2,80-89%,3,1+ sessions,Within 0-100
4544,16,74,High,High,Yes,8,56,Low,Yes,1,Low,Medium,Private,Positive,2,No,High School,Near,Female,65,16+ hours,4,70-79%,2,1+ sessions,Within 0-100
4545,22,86,Low,Medium,Yes,5,67,Medium,Yes,0,High,Medium,Public,Positive,2,No,College,Near,Male,68,16+ hours,4,80-89%,3,No tutoring,Within 0-100
4546,24,89,High,Medium,No,8,69,Low,No,3,High,Medium,Public,Neutral,2,No,College,Near,Male,70,16+ hours,4,80-89%,3,1+ sessions,Within 0-100
4547,19,82,Medium,Medium,No,10,67,Medium,Yes,0,Low,Low,Public,Positive,2,No,Postgraduate,Far,Male,65,16+ hours,4,80-89%,3,No tutoring,Within 0-100
4548,20,62,High,Medium,Yes,6,85,Medium,Yes,2,Medium,Medium,Public,Neutral,3,No,College,Near,Female,66,16+ hours,4,60-69%,1,1+ sessions,Within 0-100
4549,22,67,Medium,High,Yes,6,67,High,Yes,1,Low,Medium,Private,Neutral,1,No,College,Near,Male,66,16+ hours,4,60-69%,1,1+ sessions,Within 0-100
4550,19,71,Medium,High,Yes,7,66,Low,Yes,2,Low,Medium,Public,Neutral,3,No,Unknown,Near,Female,65,16+ hours,4,70-79%,2,1+ sessions,Within 0-100
4551,28,71,Medium,High,No,8,66,Medium,Yes,2,Low,Medium,Private,Positive,3,No,College,Near,Male,69,16+ hours,4,70-79%,2,1+ sessions,Within 0-100
4552,25,87,Low,High,Yes,7,89,Medium,Yes,1,Low,Medium,Public,Neutral,4,Yes,High School,Near,Female,69,16+ hours,4,80-89%,3,1+ sessions,Within 0-100
4553,25,61,Medium,High,No,9,65,Medium,Yes,2,Medium,Medium,Private,Neutral,4,Yes,High School,Moderate,Female,64,16+ hours,4,60-69%,1,1+ sessions,Within 0-100
4554,14,90,Medium,Medium,Yes,7,51,Medium,Yes,1,Medium,Medium,Public,Positive,4,Yes,High School,Near,Female,66,11-15 hours,3,90-100%,4,1+ sessions,Within 0-100
4555,20,71,Low,Medium,Yes,9,68,Medium,Yes,1,Low,Medium,Private,Positive,3,No,High School,Far,Male,63,16+ hours,4,70-79%,2,1+ sessions,Within 0-100
4556,18,72,High,Medium,Yes,6,64,Medium,Yes,4,Low,Medium,Public,Positive,3,No,Postgraduate,Near,Female,68,16+ hours,4,70-79%,2,1+ sessions,Within 0-100
4557,14,81,High,Medium,Yes,5,95,Low,Yes,2,Low,High,Public,Positive,3,No,High School,Near,Male,68,11-15 hours,3,80-89%,3,1+ sessions,Within 0-100
4558,22,69,High,Medium,No,6,74,High,Yes,1,Medium,Low,Public,Negative,3,Yes,College,Near,Female,65,16+ hours,4,60-69%,1,1+ sessions,Within 0-100
4559,17,95,High,Medium,No,5,62,High,Yes,1,Medium,Medium,Private,Positive,3,No,High School,Moderate,Male,69,16+ hours,4,90-100%,4,1+ sessions,Within 0-100
4560,24,63,Medium,Medium,No,8,99,Low,Yes,2,Low,High,Public,Neutral,1,No,Postgraduate,Near,Female,66,16+ hours,4,60-69%,1,1+ sessions,Within 0-100
4561,14,78,Medium,Medium,No,4,62,Medium,Yes,1,Low,Medium,Public,Neutral,4,No,College,Unknown,Male,63,11-15 hours,3,70-79%,2,1+ sessions,Within 0-100
4562,30,94,Low,Medium,Yes,6,88,Low,Yes,2,Low,Medium,Private,Neutral,3,Yes,College,Near,Female,72,16+ hours,4,90-100%,4,1+ sessions,Within 0-100
4563,15,85,High,Medium,No,7,82,High,Yes,2,Medium,Medium,Public,Negative,4,No,High School,Far,Male,67,11-15 hours,3,80-89%,3,1+ sessions,Within 0-100
4564,21,72,High,High,No,5,73,Medium,Yes,1,Medium,Medium,Public,Neutral,3,No,High School,Near,Male,67,16+ hours,4,70-79%,2,1+ sessions,Within 0-100
4565,25,77,High,Medium,Yes,7,70,Medium,Yes,0,Medium,Medium,Public,Neutral,5,No,High School,Near,Male,68,16+ hours,4,70-79%,2,No tutoring,Within 0-100
4566,17,88,High,High,Yes,7,94,Medium,No,2,Medium,High,Public,Positive,3,No,High School,Near,Male,71,16+ hours,4,80-89%,3,1+ sessions,Within 0-100
4567,25,99,Medium,High,No,9,74,Medium,Yes,1,Medium,High,Private,Negative,3,No,High School,Near,Male,73,16+ hours,4,90-100%,4,1+ sessions,Within 0-100
4568,13,96,Medium,Medium,No,5,69,Medium,Yes,2,Medium,Low,Public,Positive,3,No,High School,Near,Male,68,11-15 hours,3,90-100%,4,1+ sessions,Within 0-100
4569,29,74,High,Medium,No,8,68,Medium,Yes,0,Medium,High,Public,Positive,4,No,High School,Near,Female,69,16+ hours,4,70-79%,2,No tutoring,Within 0-100
4570,20,100,Medium,Medium,Yes,8,64,Medium,Yes,0,Low,Medium,Public,Neutral,2,No,High School,Moderate,Male,69,16+ hours,4,90-100%,4,No tutoring,Within 0-100
4571,16,60,Medium,High,No,7,70,Low,Yes,3,High,High,Private,Negative,4,No,High School,Near,Female,63,16+ hours,4,60-69%,1,1+ sessions,Within 0-100
4572,18,61,Medium,Medium,Yes,6,56,Medium,Yes,3,Low,Medium,Public,Neutral,3,No,High School,Moderate,Male,62,16+ hours,4,60-69%,1,1+ sessions,Within 0-100
4573,25,93,Medium,Medium,Yes,5,53,Medium,Yes,0,High,Medium,Private,Neutral,5,No,College,Moderate,Female,70,16+ hours,4,90-100%,4,No tutoring,Within 0-100
4574,16,68,High,Medium,No,10,77,Medium,Yes,1,High,Medium,Public,Positive,3,No,Postgraduate,Near,Male,66,16+ hours,4,60-69%,1,1+ sessions,Within 0-100
4575,16,62,Medium,Medium,No,7,73,Low,Yes,3,High,Medium,Public,Negative,3,No,High School,Near,Female,62,16+ hours,4,60-69%,1,1+ sessions,Within 0-100
4576,19,69,Medium,High,Yes,7,59,Low,Yes,2,Low,Low,Private,Neutral,2,No,Postgraduate,Moderate,Female,64,16+ hours,4,60-69%,1,1+ sessions,Within 0-100
4577,13,77,Medium,Medium,Yes,10,55,Low,Yes,2,Low,Medium,Private,Positive,3,No,College,Moderate,Male,63,11-15 hours,3,70-79%,2,1+ sessions,Within 0-100
4578,31,89,Medium,Medium,Yes,7,57,Medium,Yes,1,High,Low,Public,Positive,2,No,College,Moderate,Female,71,16+ hours,4,80-89%,3,1+ sessions,Within 0-100
4579,17,85,High,Medium,Yes,10,66,Medium,Yes,1,High,Medium,Public,Neutral,1,Yes,Postgraduate,Moderate,Male,67,16+ hours,4,80-89%,3,1+ sessions,Within 0-100
4580,25,70,Low,High,Yes,5,73,Medium,Yes,2,Medium,Medium,Private,Neutral,1,No,Postgraduate,Near,Male,67,16+ hours,4,70-79%,2,1+ sessions,Within 0-100
4581,21,80,Low,High,Yes,7,60,Medium,Yes,1,Medium,High,Public,Positive,2,No,College,Moderate,Male,67,16+ hours,4,80-89%,3,1+ sessions,Within 0-100
4582,14,97,Low,Medium,Yes,5,88,Medium,Yes,2,High,Medium,Public,Positive,3,No,Postgraduate,Near,Male,71,11-15 hours,3,90-100%,4,1+ sessions,Within 0-100
4583,20,93,High,Medium,No,7,60,High,Yes,0,Low,High,Public,Neutral,3,No,High School,Near,Male,69,16+ hours,4,90-100%,4,No tutoring,Within 0-100
4584,25,73,Medium,Medium,Yes,7,56,Medium,Yes,2,High,Medium,Public,Neutral,4,No,High School,Near,Female,93,16+ hours,4,70-79%,2,1+ sessions,Within 0-100
4585,19,99,High,Medium,Yes,6,100,Medium,Yes,1,Low,Medium,Private,Positive,1,No,High School,Moderate,Male,72,16+ hours,4,90-100%,4,1+ sessions,Within 0-100
4586,27,88,Medium,High,No,7,72,Medium,Yes,1,Low,High,Public,Positive,1,No,High School,Near,Female,71,16+ hours,4,80-89%,3,1+ sessions,Within 0-100
4587,26,62,Medium,Medium,No,6,59,Medium,Yes,1,Medium,Medium,Public,Neutral,3,No,High School,Moderate,Male,63,16+ hours,4,60-69%,1,1+ sessions,Within 0-100
4588,26,61,High,Low,Yes,7,95,Low,No,0,Medium,High,Public,Neutral,3,No,Postgraduate,Moderate,Male,65,16+ hours,4,60-69%,1,No tutoring,Within 0-100
4589,17,67,Low,Medium,Yes,6,62,Medium,Yes,0,Medium,Medium,Public,Neutral,3,No,College,Moderate,Female,61,16+ hours,4,60-69%,1,No tutoring,Within 0-100
4590,14,89,Medium,Low,No,9,96,Low,Yes,2,Low,High,Private,Neutral,3,No,College,Moderate,Female,66,11-15 hours,3,80-89%,3,1+ sessions,Within 0-100
4591,16,67,Medium,Medium,Yes,5,56,Low,Yes,1,Low,Medium,Public,Negative,2,No,College,Near,Female,61,16+ hours,4,60-69%,1,1+ sessions,Within 0-100
4592,21,80,Medium,Medium,No,7,92,Low,Yes,1,Medium,Medium,Public,Positive,3,No,High School,Moderate,Male,67,16+ hours,4,80-89%,3,1+ sessions,Within 0-100
4593,23,64,Medium,Low,Yes,5,59,Medium,Yes,3,Low,Medium,Public,Positive,5,No,High School,Moderate,Female,64,16+ hours,4,60-69%,1,1+ sessions,Within 0-100
4594,7,97,Low,High,No,6,97,Medium,Yes,3,Medium,High,Private,Positive,2,No,College,Moderate,Female,69,6-10 hours,2,90-100%,4,1+ sessions,Within 0-100
4595,20,74,Low,Medium,No,6,79,Medium,Yes,1,High,Unknown,Public,Neutral,2,Yes,College,Far,Male,64,16+ hours,4,70-79%,2,1+ sessions,Within 0-100
4596,21,96,Medium,Medium,Yes,7,59,Low,Yes,2,High,Medium,Public,Negative,2,No,College,Near,Male,70,16+ hours,4,90-100%,4,1+ sessions,Within 0-100
4597,18,98,High,Medium,Yes,7,92,Medium,Yes,2,Low,High,Private,Neutral,4,No,High School,Near,Male,73,16+ hours,4,90-100%,4,1+ sessions,Within 0-100
4598,28,60,Low,Medium,Yes,5,70,Low,Yes,0,Low,Medium,Private,Neutral,5,No,High School,Near,Male,63,16+ hours,4,60-69%,1,No tutoring,Within 0-100
4599,23,79,Medium,Medium,Yes,6,87,Medium,No,2,Low,High,Public,Neutral,4,No,College,Moderate,Male,68,16+ hours,4,70-79%,2,1+ sessions,Within 0-100
4600,28,61,Low,Low,Yes,6,82,Low,Yes,0,Medium,High,Public,Positive,3,No,College,Near,Female,64,16+ hours,4,60-69%,1,No tutoring,Within 0-100
4601,19,96,Medium,Low,Yes,5,86,Medium,No,3,Medium,Medium,Public,Positive,3,No,High School,Moderate,Male,69,16+ hours,4,90-100%,4,1+ sessions,Within 0-100
4602,26,81,Medium,Medium,Yes,9,67,Medium,Yes,3,Low,Medium,Public,Neutral,2,No,College,Near,Female,69,16+ hours,4,80-89%,3,1+ sessions,Within 0-100
4603,30,63,High,Low,No,5,97,High,Yes,2,Low,High,Public,Positive,2,Yes,College,Moderate,Female,67,16+ hours,4,60-69%,1,1+ sessions,Within 0-100
4604,28,64,High,Low,Yes,7,78,Medium,Yes,3,Medium,High,Private,Positive,4,No,Postgraduate,Moderate,Male,69,16+ hours,4,60-69%,1,1+ sessions,Within 0-100
4605,13,75,Medium,High,No,10,54,Medium,Yes,1,Low,Medium,Private,Negative,3,Yes,College,Near,Male,62,11-15 hours,3,70-79%,2,1+ sessions,Within 0-100
4606,18,98,Low,Medium,No,9,53,Medium,Yes,0,High,Medium,Public,Neutral,1,No,High School,Moderate,Male,66,16+ hours,4,90-100%,4,No tutoring,Within 0-100
4607,18,88,Low,Medium,No,8,87,Medium,Yes,2,Medium,High,Public,Neutral,2,No,Postgraduate,Moderate,Female,68,16+ hours,4,80-89%,3,1+ sessions,Within 0-100
4608,23,95,High,Low,No,7,92,High,Yes,1,Low,Medium,Public,Positive,1,No,High School,Near,Female,71,16+ hours,4,90-100%,4,1+ sessions,Within 0-100
4609,24,75,Medium,Low,No,8,85,Medium,Yes,1,Low,Medium,Public,Positive,2,Yes,Postgraduate,Near,Male,66,16+ hours,4,70-79%,2,1+ sessions,Within 0-100
4610,15,62,Low,High,No,8,64,High,Yes,2,Low,Medium,Public,Neutral,4,No,College,Near,Female,62,11-15 hours,3,60-69%,1,1+ sessions,Within 0-100
4611,20,99,Low,Low,Yes,9,61,Low,Yes,1,High,Medium,Private,Neutral,4,No,High School,Moderate,Male,68,16+ hours,4,90-100%,4,1+ sessions,Within 0-100
4612,8,61,Medium,Low,Yes,7,78,Medium,Yes,0,Medium,Medium,Private,Positive,3,No,High School,Near,Female,59,6-10 hours,2,60-69%,1,No tutoring,Within 0-100
4613,29,98,Medium,Medium,Yes,9,60,Low,Yes,0,Low,Medium,Private,Negative,4,No,High School,Near,Female,70,16+ hours,4,90-100%,4,No tutoring,Within 0-100
4614,17,75,High,Low,Yes,7,69,Medium,Yes,1,High,Medium,Public,Positive,4,No,High School,Near,Male,66,16+ hours,4,70-79%,2,1+ sessions,Within 0-100
4615,20,60,Medium,Medium,Yes,10,81,Medium,Yes,3,Low,Medium,Public,Positive,3,No,College,Near,Male,65,16+ hours,4,60-69%,1,1+ sessions,Within 0-100
4616,18,88,Medium,Medium,No,7,64,Low,Yes,0,Medium,Low,Public,Positive,4,No,College,Moderate,Male,66,16+ hours,4,80-89%,3,No tutoring,Within 0-100
4617,27,99,Medium,Medium,Yes,5,69,Medium,Yes,2,Medium,Low,Public,Positive,2,No,Postgraduate,Moderate,Male,73,16+ hours,4,90-100%,4,1+ sessions,Within 0-100
4618,3,99,Medium,Low,Yes,7,68,Medium,Yes,2,High,Medium,Private,Neutral,3,No,High School,Near,Female,65,1-5 hours,1,90-100%,4,1+ sessions,Within 0-100
4619,20,66,Medium,High,Yes,8,73,Medium,Yes,0,High,Low,Public,Positive,3,No,High School,Moderate,Male,65,16+ hours,4,60-69%,1,No tutoring,Within 0-100
4620,19,67,High,Medium,No,9,84,Low,Yes,0,Medium,Medium,Public,Positive,3,No,Unknown,Moderate,Female,64,16+ hours,4,60-69%,1,No tutoring,Within 0-100
4621,17,83,Medium,Medium,Yes,6,89,High,Yes,0,Low,Medium,Public,Positive,4,No,Postgraduate,Near,Male,69,16+ hours,4,80-89%,3,No tutoring,Within 0-100
4622,30,85,Medium,Medium,No,4,83,Low,Yes,2,High,High,Public,Positive,3,No,Postgraduate,Near,Female,74,16+ hours,4,80-89%,3,1+ sessions,Within 0-100
4623,15,90,High,High,Yes,8,51,High,Yes,2,High,Medium,Public,Negative,2,No,High School,Moderate,Female,68,11-15 hours,3,90-100%,4,1+ sessions,Within 0-100
4624,25,67,Low,Medium,No,8,95,Medium,Yes,0,Medium,Medium,Public,Neutral,4,No,Postgraduate,Moderate,Female,65,16+ hours,4,60-69%,1,No tutoring,Within 0-100
4625,22,98,Medium,High,Yes,5,79,Medium,No,2,High,Medium,Public,Neutral,5,No,High School,Moderate,Male,72,16+ hours,4,90-100%,4,1+ sessions,Within 0-100
4626,28,86,Medium,Medium,Yes,7,96,Medium,Yes,2,Medium,Low,Public,Neutral,4,No,High School,Near,Male,71,16+ hours,4,80-89%,3,1+ sessions,Within 0-100
4627,16,94,High,Medium,No,7,98,Medium,Yes,0,Low,Medium,Public,Neutral,4,No,High School,Moderate,Female,69,16+ hours,4,90-100%,4,No tutoring,Within 0-100
4628,16,82,Low,High,Yes,8,73,Low,Yes,3,Low,High,Public,Positive,1,No,College,Near,Male,67,16+ hours,4,80-89%,3,1+ sessions,Within 0-100
4629,27,77,Medium,High,Yes,6,96,Low,Yes,0,Medium,High,Public,Positive,3,No,Postgraduate,Moderate,Male,71,16+ hours,4,70-79%,2,No tutoring,Within 0-100
4630,23,99,Low,Low,Yes,6,68,High,Yes,1,Medium,Medium,Public,Neutral,3,Yes,College,Far,Male,68,16+ hours,4,90-100%,4,1+ sessions,Within 0-100
4631,11,83,Low,Medium,No,7,63,High,Yes,3,High,Medium,Public,Negative,2,No,Unknown,Far,Female,63,11-15 hours,3,80-89%,3,1+ sessions,Within 0-100
4632,17,95,High,Medium,No,5,54,Low,Yes,2,High,High,Public,Neutral,2,No,College,Moderate,Female,69,16+ hours,4,90-100%,4,1+ sessions,Within 0-100
4633,22,98,Medium,Low,No,10,73,Medium,Yes,1,Low,Low,Public,Negative,4,Yes,College,Near,Female,68,16+ hours,4,90-100%,4,1+ sessions,Within 0-100
4634,25,87,High,High,Yes,8,84,Low,Yes,2,High,Medium,Public,Positive,4,No,College,Moderate,Male,73,16+ hours,4,80-89%,3,1+ sessions,Within 0-100
4635,16,82,Medium,Medium,Yes,6,99,Medium,Yes,3,High,Medium,Public,Positive,2,No,High School,Near,Male,69,16+ hours,4,80-89%,3,1+ sessions,Within 0-100
4636,3,60,Medium,Medium,Yes,5,76,Medium,Yes,0,Medium,High,Private,Neutral,4,No,High School,Moderate,Female,58,1-5 hours,1,60-69%,1,No tutoring,Within 0-100
4637,23,62,High,Low,No,5,87,Medium,Yes,1,High,Low,Private,Positive,3,No,High School,Near,Male,65,16+ hours,4,60-69%,1,1+ sessions,Within 0-100
4638,13,68,Medium,Medium,Yes,8,95,Medium,Yes,2,Low,Low,Private,Positive,4,No,High School,Moderate,Male,63,11-15 hours,3,60-69%,1,1+ sessions,Within 0-100
4639,8,67,Low,Low,No,5,77,Low,Yes,1,Medium,High,Public,Positive,2,No,College,Unknown,Male,59,6-10 hours,2,60-69%,1,1+ sessions,Within 0-100
4640,3,70,Medium,Medium,Yes,7,58,Medium,Yes,0,Medium,Medium,Private,Neutral,2,No,High School,Moderate,Male,58,1-5 hours,1,70-79%,2,No tutoring,Within 0-100
4641,25,72,Medium,Medium,Yes,4,92,High,Yes,1,Low,Medium,Private,Negative,2,Yes,High School,Near,Male,66,16+ hours,4,70-79%,2,1+ sessions,Within 0-100
4642,21,74,Medium,High,Yes,8,79,Medium,Yes,0,Low,High,Private,Positive,4,No,High School,Near,Male,67,16+ hours,4,70-79%,2,No tutoring,Within 0-100
4643,19,77,High,Medium,Yes,8,88,Medium,No,3,Low,Medium,Public,Positive,3,No,College,Moderate,Male,67,16+ hours,4,70-79%,2,1+ sessions,Within 0-100
4644,28,64,High,Medium,No,7,83,Low,Yes,2,High,Medium,Private,Neutral,4,No,High School,Moderate,Male,67,16+ hours,4,60-69%,1,1+ sessions,Within 0-100
4645,24,62,High,Low,Yes,7,53,Medium,Yes,0,Medium,Medium,Public,Positive,6,No,Postgraduate,Near,Female,65,16+ hours,4,60-69%,1,No tutoring,Within 0-100
4646,30,87,High,Medium,Yes,8,58,High,Yes,1,Low,Medium,Public,Negative,1,No,College,Near,Male,71,16+ hours,4,80-89%,3,1+ sessions,Within 0-100
4647,12,81,Medium,Medium,Yes,7,64,High,Yes,2,High,Medium,Public,Neutral,3,No,High School,Near,Male,66,11-15 hours,3,80-89%,3,1+ sessions,Within 0-100
4648,20,78,Medium,High,Yes,8,64,Medium,Yes,2,High,Medium,Private,Positive,2,No,High School,Moderate,Female,68,16+ hours,4,70-79%,2,1+ sessions,Within 0-100
4649,10,85,Medium,High,Yes,5,92,Medium,Yes,0,Low,High,Private,Positive,4,Yes,High School,Far,Female,65,6-10 hours,2,80-89%,3,No tutoring,Within 0-100
4650,19,93,High,High,No,8,80,Medium,Yes,1,Medium,Medium,Private,Neutral,3,No,College,Moderate,Male,71,16+ hours,4,90-100%,4,1+ sessions,Within 0-100
4651,19,77,Medium,Low,Yes,7,54,Low,Yes,2,Low,Medium,Private,Positive,4,No,High School,Near,Female,64,16+ hours,4,70-79%,2,1+ sessions,Within 0-100
4652,24,86,Medium,High,Yes,9,69,High,Yes,1,Medium,High,Public,Neutral,3,No,Postgraduate,Near,Male,72,16+ hours,4,80-89%,3,1+ sessions,Within 0-100
4653,20,98,Low,Low,No,7,78,Low,Yes,4,High,High,Public,Neutral,2,No,High School,Far,Male,69,16+ hours,4,90-100%,4,1+ sessions,Within 0-100
4654,24,94,Medium,Medium,No,7,63,Medium,Yes,1,Low,High,Public,Neutral,3,No,High School,Near,Male,70,16+ hours,4,90-100%,4,1+ sessions,Within 0-100
4655,24,77,Medium,Medium,Yes,6,52,Medium,Yes,0,Medium,Medium,Private,Negative,4,No,High School,Near,Male,66,16+ hours,4,70-79%,2,No tutoring,Within 0-100
4656,33,86,Medium,Medium,No,9,69,Medium,No,0,Medium,Medium,Public,Neutral,3,No,College,Near,Female,70,16+ hours,4,80-89%,3,No tutoring,Within 0-100
4657,18,67,High,Low,No,4,73,Low,Yes,0,Medium,Medium,Private,Neutral,2,No,Postgraduate,Moderate,Male,62,16+ hours,4,60-69%,1,No tutoring,Within 0-100
4658,14,82,Low,Medium,Yes,8,95,Medium,Yes,1,Low,Medium,Private,Neutral,3,No,Postgraduate,Moderate,Male,66,11-15 hours,3,80-89%,3,1+ sessions,Within 0-100
4659,21,99,High,Low,No,7,95,Low,Yes,2,Low,Medium,Public,Negative,1,No,High School,Near,Female,70,16+ hours,4,90-100%,4,1+ sessions,Within 0-100
4660,15,81,Low,Low,Yes,7,75,Low,Yes,1,Medium,High,Public,Negative,1,No,Postgraduate,Moderate,Male,63,11-15 hours,3,80-89%,3,1+ sessions,Within 0-100
4661,29,97,High,Medium,Yes,7,74,Medium,Yes,1,Medium,Low,Public,Positive,4,Yes,High School,Near,Female,73,16+ hours,4,90-100%,4,1+ sessions,Within 0-100
4662,18,76,Medium,High,Yes,7,82,High,Yes,2,Medium,High,Public,Neutral,4,No,Postgraduate,Near,Female,70,16+ hours,4,70-79%,2,1+ sessions,Within 0-100
4663,17,100,High,High,No,8,63,Low,Yes,1,Low,Medium,Private,Positive,5,No,High School,Near,Male,71,16+ hours,4,90-100%,4,1+ sessions,Within 0-100
4664,17,83,Low,Medium,No,6,64,Medium,Yes,1,Medium,Medium,Private,Positive,4,No,High School,Near,Female,65,16+ hours,4,80-89%,3,1+ sessions,Within 0-100
4665,24,62,Medium,Low,Yes,7,50,Medium,Yes,1,High,High,Private,Negative,2,No,Postgraduate,Near,Male,64,16+ hours,4,60-69%,1,1+ sessions,Within 0-100
4666,19,83,High,Low,Yes,8,54,Medium,Yes,1,Low,Medium,Private,Positive,4,No,High School,Moderate,Male,66,16+ hours,4,80-89%,3,1+ sessions,Within 0-100
4667,16,71,Low,Low,Yes,6,59,High,Yes,1,Low,High,Public,Positive,3,No,Postgraduate,Near,Male,82,16+ hours,4,70-79%,2,1+ sessions,Within 0-100
4668,30,61,Low,High,Yes,8,82,Low,Yes,2,Low,High,Public,Neutral,3,No,Postgraduate,Near,Female,68,16+ hours,4,60-69%,1,1+ sessions,Within 0-100
4669,15,93,Medium,Medium,No,8,61,High,Yes,1,Medium,Medium,Public,Neutral,4,No,High School,Near,Female,67,11-15 hours,3,90-100%,4,1+ sessions,Within 0-100
4670,20,71,Low,High,Yes,6,56,High,Yes,5,Medium,Medium,Private,Positive,5,No,College,Near,Male,68,16+ hours,4,70-79%,2,1+ sessions,Within 0-100
4671,24,92,Low,High,Yes,5,81,Medium,Yes,2,Low,Medium,Private,Negative,3,Yes,High School,Near,Male,69,16+ hours,4,90-100%,4,1+ sessions,Within 0-100
4672,10,72,Medium,Medium,Yes,6,83,Medium,Yes,0,Medium,Medium,Public,Positive,4,No,High School,Near,Male,63,6-10 hours,2,70-79%,2,No tutoring,Within 0-100
4673,23,68,Medium,High,No,7,53,High,Yes,3,High,Medium,Public,Neutral,3,No,High School,Moderate,Female,66,16+ hours,4,60-69%,1,1+ sessions,Within 0-100
4674,14,99,Medium,Medium,No,7,89,High,No,0,Medium,Medium,Private,Positive,2,No,Postgraduate,Far,Female,68,11-15 hours,3,90-100%,4,No tutoring,Within 0-100
4675,25,74,High,Medium,Yes,9,80,Medium,Yes,4,Medium,Medium,Public,Positive,3,No,College,Moderate,Female,71,16+ hours,4,70-79%,2,1+ sessions,Within 0-100
4676,14,84,Medium,High,Yes,6,70,High,Yes,2,High,Medium,Public,Positive,3,No,College,Near,Female,69,11-15 hours,3,80-89%,3,1+ sessions,Within 0-100
4677,24,84,Low,Medium,Yes,6,99,Medium,Yes,1,Medium,High,Public,Positive,2,No,Postgraduate,Far,Female,70,16+ hours,4,80-89%,3,1+ sessions,Within 0-100
4678,27,82,Medium,Medium,No,8,51,High,Yes,3,High,Medium,Public,Neutral,2,No,College,Near,Male,70,16+ hours,4,80-89%,3,1+ sessions,Within 0-100
4679,25,97,Medium,Medium,Yes,6,77,Low,Yes,1,Low,High,Private,Positive,4,No,Postgraduate,Near,Male,73,16+ hours,4,90-100%,4,1+ sessions,Within 0-100
4680,22,87,Medium,High,Yes,6,58,Medium,Yes,0,Low,Medium,Private,Neutral,4,No,High School,Near,Female,68,16+ hours,4,80-89%,3,No tutoring,Within 0-100
4681,19,76,Medium,Low,Yes,6,66,Medium,Yes,1,High,Medium,Public,Positive,3,No,High School,Near,Male,65,16+ hours,4,70-79%,2,1+ sessions,Within 0-100
4682,17,94,High,High,Yes,4,57,Medium,Yes,4,Medium,High,Public,Neutral,4,No,High School,Moderate,Male,72,16+ hours,4,90-100%,4,1+ sessions,Within 0-100
4683,29,67,High,Low,Yes,8,83,Medium,Yes,2,Low,Medium,Private,Positive,4,Yes,High School,Near,Female,67,16+ hours,4,60-69%,1,1+ sessions,Within 0-100
4684,16,82,Low,Medium,Yes,8,70,High,Yes,4,Low,High,Public,Neutral,4,No,College,Near,Female,68,16+ hours,4,80-89%,3,1+ sessions,Within 0-100
4685,14,98,Medium,Medium,Yes,8,99,Low,Yes,0,High,Medium,Public,Neutral,3,No,High School,Near,Male,69,11-15 hours,3,90-100%,4,No tutoring,Within 0-100
4686,24,85,Medium,Medium,Yes,10,83,Low,Yes,1,Medium,High,Public,Positive,4,No,College,Moderate,Female,70,16+ hours,4,80-89%,3,1+ sessions,Within 0-100
4687,15,93,High,Medium,Yes,9,96,Medium,Yes,1,Medium,Medium,Public,Negative,2,No,High School,Moderate,Female,69,11-15 hours,3,90-100%,4,1+ sessions,Within 0-100
4688,14,86,High,High,Yes,6,62,Medium,Yes,1,Medium,Medium,Private,Positive,2,No,High School,Near,Male,68,11-15 hours,3,80-89%,3,1+ sessions,Within 0-100
4689,11,94,Medium,Medium,No,9,66,Medium,No,2,Low,High,Private,Positive,2,No,High School,Moderate,Male,65,11-15 hours,3,90-100%,4,1+ sessions,Within 0-100
4690,17,98,Medium,High,Yes,7,68,Medium,Yes,1,Low,Medium,Public,Positive,4,No,College,Moderate,Male,70,16+ hours,4,90-100%,4,1+ sessions,Within 0-100
4691,20,71,Medium,Low,Yes,6,92,High,Yes,1,Low,Medium,Private,Negative,4,No,College,Near,Male,65,16+ hours,4,70-79%,2,1+ sessions,Within 0-100
4692,21,67,Medium,Low,No,6,61,Medium,Yes,0,Low,Medium,Private,Positive,3,No,High School,Moderate,Female,61,16+ hours,4,60-69%,1,No tutoring,Within 0-100
4693,26,79,Medium,Low,No,7,97,Medium,Yes,1,High,Medium,Private,Positive,2,No,High School,Near,Male,69,16+ hours,4,70-79%,2,1+ sessions,Within 0-100
4694,23,88,Medium,Low,Yes,7,52,Medium,Yes,0,Medium,Low,Public,Neutral,4,No,High School,Near,Male,67,16+ hours,4,80-89%,3,No tutoring,Within 0-100
4695,19,69,Medium,Medium,Yes,9,94,Medium,Yes,1,Low,High,Public,Positive,3,No,High School,Moderate,Male,65,16+ hours,4,60-69%,1,1+ sessions,Within 0-100
4696,19,60,Medium,Medium,No,8,73,High,Yes,3,Medium,Low,Private,Neutral,3,No,High School,Near,Male,63,16+ hours,4,60-69%,1,1+ sessions,Within 0-100
4697,23,74,Medium,High,Yes,6,76,Medium,Yes,0,Medium,High,Private,Negative,4,No,High School,Near,Male,67,16+ hours,4,70-79%,2,No tutoring,Within 0-100
4698,28,99,High,Low,No,5,100,Medium,Yes,6,Medium,Medium,Private,Neutral,5,No,High School,Moderate,Female,76,16+ hours,4,90-100%,4,1+ sessions,Within 0-100
4699,21,88,Medium,Medium,No,8,94,Medium,Yes,0,Medium,High,Public,Neutral,3,No,College,Near,Male,70,16+ hours,4,80-89%,3,No tutoring,Within 0-100
4700,17,76,Medium,High,Yes,8,95,Low,Yes,1,Low,Medium,Private,Neutral,4,No,Postgraduate,Near,Female,67,16+ hours,4,70-79%,2,1+ sessions,Within 0-100
4701,14,68,High,High,Yes,9,79,Low,Yes,2,Low,Medium,Private,Positive,4,No,College,Near,Female,66,11-15 hours,3,60-69%,1,1+ sessions,Within 0-100
4702,11,74,Medium,High,Yes,7,98,Low,Yes,1,Low,Medium,Public,Positive,2,No,High School,Near,Male,65,11-15 hours,3,70-79%,2,1+ sessions,Within 0-100
4703,24,67,Low,High,No,8,84,High,Yes,0,Low,Medium,Public,Neutral,1,No,College,Near,Female,65,16+ hours,4,60-69%,1,No tutoring,Within 0-100
4704,23,64,Low,Medium,No,8,91,Medium,Yes,2,Low,Medium,Public,Negative,3,No,High School,Far,Female,63,16+ hours,4,60-69%,1,1+ sessions,Within 0-100
4705,23,96,Medium,High,Yes,5,86,Medium,Yes,3,Medium,High,Public,Neutral,3,Yes,Unknown,Near,Male,74,16+ hours,4,90-100%,4,1+ sessions,Within 0-100
4706,19,100,Low,High,Yes,7,89,High,Yes,2,High,Low,Private,Neutral,3,No,College,Moderate,Male,72,16+ hours,4,90-100%,4,1+ sessions,Within 0-100
4707,28,67,High,High,No,8,82,Low,Yes,1,High,Low,Public,Neutral,4,No,High School,Near,Female,68,16+ hours,4,60-69%,1,1+ sessions,Within 0-100
4708,17,62,Medium,Low,No,8,86,High,Yes,2,Medium,Medium,Public,Neutral,4,No,High School,Moderate,Female,62,16+ hours,4,60-69%,1,1+ sessions,Within 0-100
4709,26,73,Low,High,No,7,72,Medium,Yes,1,Low,Low,Private,Neutral,3,No,College,Far,Male,65,16+ hours,4,70-79%,2,1+ sessions,Within 0-100
4710,20,78,High,Medium,Yes,10,85,Medium,Yes,1,High,High,Private,Negative,3,No,High School,Near,Male,69,16+ hours,4,70-79%,2,1+ sessions,Within 0-100
4711,16,68,Medium,Low,Yes,10,64,Medium,Yes,2,High,Low,Public,Negative,2,No,High School,Moderate,Male,61,16+ hours,4,60-69%,1,1+ sessions,Within 0-100
4712,24,72,Medium,Medium,Yes,7,82,High,Yes,2,Medium,Medium,Private,Positive,4,No,High School,Far,Male,67,16+ hours,4,70-79%,2,1+ sessions,Within 0-100
4713,22,68,Medium,High,No,7,76,Medium,Yes,1,Medium,Medium,Public,Positive,4,No,High School,Near,Male,66,16+ hours,4,60-69%,1,1+ sessions,Within 0-100
4714,22,91,Low,Medium,Yes,8,95,Medium,Yes,1,Low,High,Private,Neutral,2,No,High School,Near,Male,70,16+ hours,4,90-100%,4,1+ sessions,Within 0-100
4715,20,89,Medium,High,No,7,84,Low,Yes,5,High,Medium,Public,Neutral,3,No,Postgraduate,Moderate,Male,72,16+ hours,4,80-89%,3,1+ sessions,Within 0-100
4716,20,85,High,Low,Yes,9,80,Medium,Yes,3,Low,Medium,Private,Neutral,3,No,Postgraduate,Moderate,Male,69,16+ hours,4,80-89%,3,1+ sessions,Within 0-100
4717,34,75,Low,Medium,Yes,5,66,Medium,Yes,0,Low,Medium,Private,Positive,3,No,High School,Near,Male,68,16+ hours,4,70-79%,2,No tutoring,Within 0-100
4718,27,96,Medium,Medium,No,7,93,Medium,Yes,2,Medium,Medium,Public,Neutral,2,No,College,Near,Male,74,16+ hours,4,90-100%,4,1+ sessions,Within 0-100
4719,24,99,High,Medium,No,8,53,High,Yes,1,Low,Medium,Private,Neutral,3,Yes,High School,Near,Male,70,16+ hours,4,90-100%,4,1+ sessions,Within 0-100
4720,21,67,Medium,Medium,Yes,9,95,High,Yes,1,Medium,Medium,Private,Positive,4,No,High School,Near,Male,67,16+ hours,4,60-69%,1,1+ sessions,Within 0-100
4721,26,69,Medium,Medium,Yes,5,83,Medium,Yes,4,Medium,High,Private,Neutral,2,No,High School,Moderate,Female,68,16+ hours,4,60-69%,1,1+ sessions,Within 0-100
4722,23,81,High,Low,No,6,59,Medium,Yes,2,High,High,Private,Neutral,1,No,Postgraduate,Near,Female,69,16+ hours,4,80-89%,3,1+ sessions,Within 0-100
4723,20,64,High,Low,No,4,95,Medium,Yes,4,Medium,Medium,Public,Neutral,4,No,High School,Near,Male,66,16+ hours,4,60-69%,1,1+ sessions,Within 0-100
4724,18,77,Medium,Low,No,6,66,High,Yes,3,Medium,High,Public,Positive,3,No,College,Moderate,Male,66,16+ hours,4,70-79%,2,1+ sessions,Within 0-100
4725,20,83,High,High,Yes,5,58,Medium,Yes,1,Medium,Medium,Public,Neutral,3,No,High School,Near,Male,68,16+ hours,4,80-89%,3,1+ sessions,Within 0-100
4726,1,81,Medium,Medium,Yes,8,66,Medium,Yes,1,Low,Medium,Public,Negative,2,No,College,Near,Male,60,1-5 hours,1,80-89%,3,1+ sessions,Within 0-100
4727,21,73,High,Medium,No,7,98,High,Yes,0,High,High,Public,Positive,4,Yes,Postgraduate,Near,Male,69,16+ hours,4,70-79%,2,No tutoring,Within 0-100
4728,17,82,High,Medium,No,7,88,Medium,Yes,1,Medium,Medium,Public,Negative,1,Yes,High School,Near,Male,66,16+ hours,4,80-89%,3,1+ sessions,Within 0-100
4729,30,98,Medium,High,Yes,7,96,Medium,Yes,1,Medium,Medium,Private,Neutral,3,No,Postgraduate,Near,Female,77,16+ hours,4,90-100%,4,1+ sessions,Within 0-100
4730,20,68,Medium,Low,No,9,65,Low,Yes,1,High,Medium,Public,Negative,5,No,College,Near,Male,63,16+ hours,4,60-69%,1,1+ sessions,Within 0-100
4731,13,86,Medium,Low,Yes,5,54,Medium,Yes,3,High,High,Public,Neutral,3,Yes,College,Near,Male,66,11-15 hours,3,80-89%,3,1+ sessions,Within 0-100
4732,20,62,High,Medium,Yes,4,78,Medium,No,1,High,Medium,Private,Positive,4,No,High School,Moderate,Female,64,16+ hours,4,60-69%,1,1+ sessions,Within 0-100
4733,14,63,High,High,No,8,74,Medium,Yes,1,Low,Medium,Private,Neutral,4,No,Postgraduate,Moderate,Female,63,11-15 hours,3,60-69%,1,1+ sessions,Within 0-100
4734,23,82,Low,Medium,Yes,6,86,Medium,Yes,0,High,Medium,Public,Neutral,4,No,High School,Near,Male,68,16+ hours,4,80-89%,3,No tutoring,Within 0-100
4735,22,64,High,Medium,No,5,77,Medium,Yes,1,High,Medium,Private,Negative,2,No,College,Near,Male,65,16+ hours,4,60-69%,1,1+ sessions,Within 0-100
4736,26,61,High,Medium,Yes,8,70,Low,Yes,1,Medium,Medium,Private,Neutral,4,Yes,Postgraduate,Moderate,Male,65,16+ hours,4,60-69%,1,1+ sessions,Within 0-100
4737,15,67,High,High,Yes,4,50,Low,Yes,0,Medium,Unknown,Public,Positive,1,No,College,Near,Male,64,11-15 hours,3,60-69%,1,No tutoring,Within 0-100
4738,20,83,High,Medium,Yes,6,73,Medium,Yes,0,High,Medium,Public,Positive,3,No,College,Far,Male,68,16+ hours,4,80-89%,3,No tutoring,Within 0-100
4739,12,88,Low,Medium,Yes,4,56,Medium,Yes,0,Low,High,Private,Neutral,2,No,High School,Far,Male,62,11-15 hours,3,80-89%,3,No tutoring,Within 0-100
4740,24,68,Medium,Medium,Yes,7,96,Medium,Yes,1,Low,High,Public,Positive,3,No,High School,Near,Male,67,16+ hours,4,60-69%,1,1+ sessions,Within 0-100
4741,23,87,High,High,Yes,9,96,High,Yes,1,Medium,Medium,Private,Positive,1,No,College,Near,Female,73,16+ hours,4,80-89%,3,1+ sessions,Within 0-100
4742,23,67,High,High,Yes,6,90,Medium,Yes,2,High,Medium,Private,Positive,3,No,High School,Near,Female,69,16+ hours,4,60-69%,1,1+ sessions,Within 0-100
4743,20,85,Medium,Medium,No,6,58,Low,Yes,0,Low,Medium,Private,Negative,2,No,Postgraduate,Near,Male,65,16+ hours,4,80-89%,3,No tutoring,Within 0-100
4744,22,76,Medium,Medium,Yes,10,57,Medium,Yes,1,Medium,High,Private,Neutral,3,No,High School,Far,Male,66,16+ hours,4,70-79%,2,1+ sessions,Within 0-100
4745,30,86,High,Medium,No,8,78,Medium,Yes,4,Medium,Low,Public,Positive,2,No,College,Far,Male,73,16+ hours,4,80-89%,3,1+ sessions,Within 0-100
4746,18,100,High,Medium,Yes,10,86,Medium,Yes,1,Medium,Medium,Public,Neutral,3,No,High School,Near,Male,72,16+ hours,4,90-100%,4,1+ sessions,Within 0-100
4747,21,98,Medium,Medium,Yes,7,95,Low,Yes,3,High,Low,Public,Neutral,1,No,High School,Near,Male,72,16+ hours,4,90-100%,4,1+ sessions,Within 0-100
4748,13,60,Low,High,Yes,7,95,Medium,Yes,1,Low,Medium,Private,Positive,1,No,High School,Near,Female,61,11-15 hours,3,60-69%,1,1+ sessions,Within 0-100
4749,15,95,High,Medium,Yes,9,58,Low,Yes,2,Low,High,Private,Neutral,3,No,High School,Near,Female,69,11-15 hours,3,90-100%,4,1+ sessions,Within 0-100
4750,21,63,High,Medium,No,7,100,Medium,Yes,1,High,Medium,Private,Neutral,2,No,Postgraduate,Moderate,Female,66,16+ hours,4,60-69%,1,1+ sessions,Within 0-100
4751,27,98,High,High,No,7,58,Medium,Yes,1,High,Medium,Public,Positive,3,No,Postgraduate,Far,Female,74,16+ hours,4,90-100%,4,1+ sessions,Within 0-100
4752,18,71,High,Low,Yes,4,92,Medium,Yes,1,Low,Medium,Public,Negative,4,Yes,College,Near,Female,64,16+ hours,4,70-79%,2,1+ sessions,Within 0-100
4753,19,75,Medium,High,Yes,10,79,Medium,Yes,1,Medium,Medium,Public,Neutral,2,No,High School,Near,Female,66,16+ hours,4,70-79%,2,1+ sessions,Within 0-100
4754,18,64,High,Medium,Yes,8,84,Medium,No,2,Medium,Medium,Public,Neutral,3,No,College,Near,Female,64,16+ hours,4,60-69%,1,1+ sessions,Within 0-100
4755,17,64,High,High,No,7,80,Low,Yes,3,Medium,Medium,Private,Positive,4,No,High School,Near,Male,66,16+ hours,4,60-69%,1,1+ sessions,Within 0-100
4756,22,89,Medium,High,No,8,93,Medium,Yes,2,High,Low,Private,Neutral,5,No,High School,Near,Male,72,16+ hours,4,80-89%,3,1+ sessions,Within 0-100
4757,11,98,High,High,Yes,5,82,High,Yes,1,Medium,Medium,Private,Neutral,2,No,Postgraduate,Near,Male,71,11-15 hours,3,90-100%,4,1+ sessions,Within 0-100
4758,28,84,High,Medium,Yes,6,92,Medium,Yes,1,Medium,Medium,Public,Negative,3,Yes,High School,Near,Female,70,16+ hours,4,80-89%,3,1+ sessions,Within 0-100
4759,16,89,High,Medium,Yes,8,58,Low,Yes,2,Low,Medium,Public,Neutral,3,No,College,Moderate,Male,67,16+ hours,4,80-89%,3,1+ sessions,Within 0-100
4760,24,90,Medium,High,No,7,93,Low,Yes,1,Low,High,Public,Neutral,2,Yes,Postgraduate,Near,Male,71,16+ hours,4,90-100%,4,1+ sessions,Within 0-100
4761,12,71,Medium,Low,No,8,100,Medium,Yes,2,High,Medium,Public,Neutral,3,Yes,College,Near,Male,63,11-15 hours,3,70-79%,2,1+ sessions,Within 0-100
4762,24,62,Medium,High,No,7,83,Low,Yes,1,Medium,Low,Public,Neutral,2,No,College,Moderate,Female,64,16+ hours,4,60-69%,1,1+ sessions,Within 0-100
4763,24,60,Medium,Medium,Yes,8,99,Medium,Yes,2,Low,Low,Public,Neutral,1,No,High School,Moderate,Male,64,16+ hours,4,60-69%,1,1+ sessions,Within 0-100
4764,22,74,Medium,Low,No,5,61,Medium,Yes,1,Low,Medium,Public,Positive,3,No,Postgraduate,Near,Female,65,16+ hours,4,70-79%,2,1+ sessions,Within 0-100
4765,14,70,Medium,Medium,Yes,9,91,High,Yes,2,Medium,Medium,Public,Neutral,4,No,High School,Near,Female,65,11-15 hours,3,70-79%,2,1+ sessions,Within 0-100
4766,21,62,Medium,Low,No,6,58,Medium,Yes,2,Low,High,Private,Neutral,3,No,College,Moderate,Female,62,16+ hours,4,60-69%,1,1+ sessions,Within 0-100
4767,13,67,High,High,Yes,7,76,Medium,Yes,2,Low,Medium,Private,Neutral,5,No,High School,Near,Male,65,11-15 hours,3,60-69%,1,1+ sessions,Within 0-100
4768,18,65,Medium,High,No,6,83,Low,Yes,1,Medium,High,Private,Neutral,2,No,High School,Near,Male,64,16+ hours,4,60-69%,1,1+ sessions,Within 0-100
4769,26,97,Medium,Medium,Yes,7,83,Low,Yes,2,Low,Medium,Public,Positive,3,No,Postgraduate,Near,Male,74,16+ hours,4,90-100%,4,1+ sessions,Within 0-100
4770,25,66,Medium,High,Yes,7,84,Low,Yes,2,High,Medium,Public,Positive,1,No,High School,Near,Male,67,16+ hours,4,60-69%,1,1+ sessions,Within 0-100
4771,20,82,Low,Medium,No,8,66,Low,Yes,0,High,Medium,Public,Positive,2,No,Postgraduate,Near,Male,66,16+ hours,4,80-89%,3,No tutoring,Within 0-100
4772,14,84,High,High,No,8,99,Medium,No,3,Medium,High,Public,Neutral,4,No,Postgraduate,Near,Female,70,11-15 hours,3,80-89%,3,1+ sessions,Within 0-100
4773,24,82,Medium,High,No,8,50,Medium,Yes,0,Medium,Medium,Public,Positive,2,No,Postgraduate,Moderate,Male,68,16+ hours,4,80-89%,3,No tutoring,Within 0-100
4774,20,64,Medium,Medium,No,6,81,Medium,Yes,0,High,High,Public,Positive,1,No,Unknown,Moderate,Female,64,16+ hours,4,60-69%,1,No tutoring,Within 0-100
4775,6,73,Medium,Medium,No,8,93,Low,Yes,0,Low,Medium,Private,Neutral,1,Yes,High School,Far,Female,58,6-10 hours,2,70-79%,2,No tutoring,Within 0-100
4776,25,62,Medium,Medium,Yes,7,95,Low,Yes,1,High,Medium,Public,Neutral,4,Yes,College,Near,Male,65,16+ hours,4,60-69%,1,1+ sessions,Within 0-100
4777,20,76,Medium,High,Yes,7,86,Medium,Yes,2,Medium,Medium,Public,Negative,5,No,High School,Near,Female,68,16+ hours,4,70-79%,2,1+ sessions,Within 0-100
4778,27,68,Low,Medium,No,8,79,Medium,Yes,2,Low,High,Private,Negative,1,Yes,Postgraduate,Moderate,Female,64,16+ hours,4,60-69%,1,1+ sessions,Within 0-100
4779,13,82,Medium,High,No,5,73,Low,Yes,4,Low,Medium,Public,Negative,4,No,High School,Near,Male,66,11-15 hours,3,80-89%,3,1+ sessions,Within 0-100
4780,1,88,Medium,High,Yes,4,72,High,Yes,3,Medium,Medium,Private,Negative,2,No,College,Near,Male,92,1-5 hours,1,80-89%,3,1+ sessions,Within 0-100
4781,22,81,High,Medium,Yes,9,71,Medium,Yes,2,High,Low,Public,Negative,4,No,High School,Near,Male,69,16+ hours,4,80-89%,3,1+ sessions,Within 0-100
4782,22,77,Medium,High,No,7,85,Low,Yes,2,Low,Medium,Public,Neutral,2,No,College,Near,Male,68,16+ hours,4,70-79%,2,1+ sessions,Within 0-100
4783,10,75,Medium,Medium,No,8,87,Low,Yes,2,Medium,Medium,Public,Positive,4,Yes,High School,Near,Female,63,6-10 hours,2,70-79%,2,1+ sessions,Within 0-100
4784,14,94,Low,Medium,Yes,6,76,Medium,No,0,Low,Low,Public,Neutral,3,No,High School,Near,Male,64,11-15 hours,3,90-100%,4,No tutoring,Within 0-100
4785,37,69,Medium,High,Yes,9,87,Medium,No,1,Low,Medium,Public,Negative,2,No,College,Far,Female,68,16+ hours,4,60-69%,1,1+ sessions,Within 0-100
4786,18,89,Medium,Low,No,8,76,High,Yes,0,Low,Medium,Public,Positive,2,No,High School,Near,Male,67,16+ hours,4,80-89%,3,No tutoring,Within 0-100
4787,24,90,Low,Medium,Yes,7,55,Medium,Yes,1,High,Medium,Public,Negative,2,No,Postgraduate,Far,Male,68,16+ hours,4,90-100%,4,1+ sessions,Within 0-100
4788,16,77,Medium,Medium,Yes,7,93,Medium,Yes,1,Low,Medium,Public,Positive,2,No,Unknown,Moderate,Male,66,16+ hours,4,70-79%,2,1+ sessions,Within 0-100
4789,7,72,Medium,Medium,Yes,4,94,Medium,Yes,4,Medium,Medium,Private,Positive,4,No,Postgraduate,Near,Male,66,6-10 hours,2,70-79%,2,1+ sessions,Within 0-100
4790,19,79,Medium,High,Yes,8,63,Medium,Yes,4,Low,High,Public,Neutral,2,No,High School,Moderate,Male,68,16+ hours,4,70-79%,2,1+ sessions,Within 0-100
4791,18,64,Medium,High,Yes,9,89,Low,Yes,1,Medium,High,Private,Neutral,3,No,High School,Moderate,Male,64,16+ hours,4,60-69%,1,1+ sessions,Within 0-100
4792,18,62,High,Medium,Yes,7,76,Medium,Yes,2,Medium,Medium,Private,Negative,3,Yes,College,Near,Female,63,16+ hours,4,60-69%,1,1+ sessions,Within 0-100
4793,19,64,Medium,Medium,Yes,7,56,Medium,Yes,0,Low,Medium,Private,Neutral,4,No,High School,Near,Female,62,16+ hours,4,60-69%,1,No tutoring,Within 0-100
4794,22,67,Medium,High,No,7,70,High,Yes,2,Low,Medium,Private,Positive,2,No,High School,Near,Male,66,16+ hours,4,60-69%,1,1+ sessions,Within 0-100
4795,19,80,High,Medium,Yes,9,54,Medium,Yes,0,Low,Medium,Public,Negative,2,No,Postgraduate,Moderate,Male,65,16+ hours,4,80-89%,3,No tutoring,Within 0-100
4796,12,94,Medium,Low,Yes,9,89,Medium,Yes,1,Low,Low,Private,Negative,3,No,High School,Near,Male,66,11-15 hours,3,90-100%,4,1+ sessions,Within 0-100
4797,23,69,Medium,High,Yes,6,60,Medium,Yes,2,Low,High,Private,Negative,4,No,High School,Near,Male,66,16+ hours,4,60-69%,1,1+ sessions,Within 0-100
4798,8,97,Medium,High,Yes,8,58,High,Yes,2,High,Medium,Public,Neutral,2,No,College,Near,Female,69,6-10 hours,2,90-100%,4,1+ sessions,Within 0-100
4799,8,98,Low,Medium,Yes,7,60,Medium,Yes,1,High,High,Private,Negative,3,No,Postgraduate,Near,Female,67,6-10 hours,2,90-100%,4,1+ sessions,Within 0-100
4800,24,98,Medium,High,No,8,61,Medium,Yes,6,Medium,High,Private,Positive,3,No,High School,Near,Female,75,16+ hours,4,90-100%,4,1+ sessions,Within 0-100
4801,23,94,High,Medium,Yes,6,84,High,Yes,0,Low,High,Public,Neutral,3,No,Postgraduate,Near,Male,73,16+ hours,4,90-100%,4,No tutoring,Within 0-100
4802,20,75,Medium,Medium,Yes,9,82,High,Yes,0,Low,Low,Public,Positive,5,No,College,Moderate,Female,66,16+ hours,4,70-79%,2,No tutoring,Within 0-100
4803,12,63,Medium,Medium,No,8,56,Low,Yes,4,Medium,Medium,Public,Positive,4,No,College,Moderate,Male,61,11-15 hours,3,60-69%,1,1+ sessions,Within 0-100
4804,16,83,Medium,Medium,Yes,9,86,Medium,Yes,5,Low,High,Private,Negative,4,No,High School,Moderate,Female,68,16+ hours,4,80-89%,3,1+ sessions,Within 0-100
4805,18,82,Medium,Medium,Yes,5,67,High,No,1,Medium,High,Public,Neutral,4,No,College,Near,Male,67,16+ hours,4,80-89%,3,1+ sessions,Within 0-100
4806,10,94,Medium,High,No,5,73,Medium,Yes,1,Medium,Medium,Public,Negative,3,No,High School,Moderate,Male,66,6-10 hours,2,90-100%,4,1+ sessions,Within 0-100
4807,16,100,Medium,High,No,10,56,Medium,Yes,1,High,Medium,Public,Neutral,2,No,High School,Near,Female,69,16+ hours,4,90-100%,4,1+ sessions,Within 0-100
4808,24,80,Medium,Medium,No,9,85,Low,Yes,3,Low,Medium,Public,Positive,4,No,High School,Near,Male,69,16+ hours,4,80-89%,3,1+ sessions,Within 0-100
4809,29,74,Medium,High,Yes,6,69,Medium,Yes,1,Low,High,Private,Negative,1,No,College,Far,Female,67,16+ hours,4,70-79%,2,1+ sessions,Within 0-100
4810,17,67,High,Medium,No,8,82,Medium,Yes,0,Medium,Medium,Public,Positive,4,No,High School,Near,Female,65,16+ hours,4,60-69%,1,No tutoring,Within 0-100
4811,25,60,Medium,Low,No,6,71,Low,Yes,2,High,Medium,Public,Positive,2,No,High School,Near,Male,63,16+ hours,4,60-69%,1,1+ sessions,Within 0-100
4812,9,80,Medium,Low,Yes,4,52,Low,Yes,1,High,Medium,Public,Positive,2,No,Postgraduate,Near,Female,63,6-10 hours,2,80-89%,3,1+ sessions,Within 0-100
4813,24,82,Medium,Medium,No,4,85,Low,No,1,Low,Medium,Public,Negative,2,No,High School,Near,Male,66,16+ hours,4,80-89%,3,1+ sessions,Within 0-100
4814,15,93,Medium,Medium,Yes,7,78,Low,Yes,0,Medium,Medium,Public,Negative,4,No,High School,Moderate,Male,66,11-15 hours,3,90-100%,4,No tutoring,Within 0-100
4815,22,80,Medium,High,Yes,9,72,Low,Yes,2,Medium,Medium,Public,Neutral,4,No,College,Near,Female,69,16+ hours,4,80-89%,3,1+ sessions,Within 0-100
4816,19,97,High,Medium,Yes,9,60,High,Yes,3,Medium,Medium,Public,Negative,4,No,Postgraduate,Moderate,Female,72,16+ hours,4,90-100%,4,1+ sessions,Within 0-100
4817,28,85,Medium,Medium,Yes,9,81,Low,Yes,2,Low,Medium,Public,Neutral,3,No,High School,Near,Male,70,16+ hours,4,80-89%,3,1+ sessions,Within 0-100
4818,15,94,Medium,High,Yes,8,64,Medium,Yes,2,Low,Medium,Public,Negative,1,No,College,Near,Male,68,11-15 hours,3,90-100%,4,1+ sessions,Within 0-100
4819,24,66,High,Medium,Yes,7,71,Low,Yes,1,Low,High,Public,Neutral,3,No,High School,Near,Male,66,16+ hours,4,60-69%,1,1+ sessions,Within 0-100
4820,18,94,Low,Medium,Yes,9,53,Medium,Yes,3,Low,Medium,Public,Negative,3,No,College,Moderate,Female,67,16+ hours,4,90-100%,4,1+ sessions,Within 0-100
4821,19,87,High,Medium,No,4,89,Medium,Yes,0,Low,Low,Public,Positive,5,Yes,Postgraduate,Moderate,Female,68,16+ hours,4,80-89%,3,No tutoring,Within 0-100
4822,19,67,Medium,Low,Yes,8,55,Medium,No,0,Medium,High,Private,Positive,4,No,High School,Near,Male,62,16+ hours,4,60-69%,1,No tutoring,Within 0-100
4823,15,68,Medium,High,No,5,95,High,Yes,1,Medium,Medium,Private,Positive,2,Yes,College,Near,Female,64,11-15 hours,3,60-69%,1,1+ sessions,Within 0-100
4824,20,97,High,Low,Yes,6,93,Low,Yes,1,High,High,Public,Positive,1,No,College,Far,Male,71,16+ hours,4,90-100%,4,1+ sessions,Within 0-100
4825,20,61,High,Medium,No,8,99,Medium,Yes,0,Medium,High,Public,Neutral,4,No,College,Near,Male,65,16+ hours,4,60-69%,1,No tutoring,Within 0-100
4826,21,79,Medium,Medium,Yes,8,95,High,Yes,0,Medium,Medium,Public,Neutral,2,No,Postgraduate,Near,Female,69,16+ hours,4,70-79%,2,No tutoring,Within 0-100
4827,21,73,Medium,Medium,No,6,99,Medium,No,1,Low,Medium,Public,Neutral,5,No,High School,Near,Male,65,16+ hours,4,70-79%,2,1+ sessions,Within 0-100
4828,25,87,Medium,Medium,No,8,94,High,Yes,0,Medium,High,Public,Positive,4,No,High School,Near,Male,71,16+ hours,4,80-89%,3,No tutoring,Within 0-100
4829,26,94,Low,Medium,No,8,56,Low,Yes,1,High,Medium,Public,Negative,2,No,College,Near,Female,69,16+ hours,4,90-100%,4,1+ sessions,Within 0-100
4830,14,74,High,Medium,Yes,7,72,High,No,2,Medium,Medium,Private,Negative,3,No,College,Near,Male,65,11-15 hours,3,70-79%,2,1+ sessions,Within 0-100
4831,25,77,Low,Medium,Yes,7,54,Medium,Yes,2,Medium,Medium,Public,Neutral,1,No,College,Moderate,Male,66,16+ hours,4,70-79%,2,1+ sessions,Within 0-100
4832,13,99,Medium,Medium,Yes,10,77,Low,Yes,0,Medium,High,Private,Negative,3,No,College,Moderate,Female,68,11-15 hours,3,90-100%,4,No tutoring,Within 0-100
4833,24,91,High,High,Yes,7,76,Medium,Yes,0,Medium,Medium,Private,Positive,2,No,High School,Moderate,Female,72,16+ hours,4,90-100%,4,No tutoring,Within 0-100
4834,24,96,High,High,Yes,7,96,Medium,Yes,1,Medium,Medium,Public,Negative,3,No,High School,Near,Female,74,16+ hours,4,90-100%,4,1+ sessions,Within 0-100
4835,9,78,Medium,Medium,No,7,98,Low,Yes,3,Low,Medium,Public,Positive,2,No,High School,Near,Male,64,6-10 hours,2,70-79%,2,1+ sessions,Within 0-100
4836,21,69,High,Low,Yes,7,63,Medium,Yes,0,Medium,Medium,Public,Positive,3,No,High School,Moderate,Male,64,16+ hours,4,60-69%,1,No tutoring,Within 0-100
4837,17,76,Medium,Medium,Yes,8,79,Low,No,1,Low,Medium,Public,Neutral,4,Yes,Postgraduate,Far,Female,63,16+ hours,4,70-79%,2,1+ sessions,Within 0-100
4838,15,89,High,Low,No,9,73,High,Yes,2,Low,Low,Private,Neutral,2,No,High School,Near,Male,66,11-15 hours,3,80-89%,3,1+ sessions,Within 0-100
4839,28,64,Medium,Medium,Yes,7,77,Medium,Yes,1,High,Medium,Public,Positive,2,No,High School,Near,Male,67,16+ hours,4,60-69%,1,1+ sessions,Within 0-100
4840,16,71,High,Low,Yes,6,77,Low,Yes,4,Medium,Medium,Public,Neutral,5,Yes,College,Moderate,Male,64,16+ hours,4,70-79%,2,1+ sessions,Within 0-100
4841,15,62,Low,High,No,10,96,Low,Yes,0,Medium,High,Private,Positive,4,No,High School,Far,Male,62,11-15 hours,3,60-69%,1,No tutoring,Within 0-100
4842,20,77,Medium,Low,Yes,7,95,High,Yes,0,Medium,Unknown,Public,Positive,1,No,High School,Far,Male,66,16+ hours,4,70-79%,2,No tutoring,Within 0-100
4843,24,93,Medium,High,No,4,56,Low,Yes,4,Low,High,Public,Negative,2,No,Postgraduate,Moderate,Female,71,16+ hours,4,90-100%,4,1+ sessions,Within 0-100
4844,19,61,High,Low,Yes,10,67,Low,No,1,Medium,Medium,Public,Positive,6,No,Postgraduate,Near,Female,63,16+ hours,4,60-69%,1,1+ sessions,Within 0-100
4845,27,87,High,Medium,Yes,9,88,Medium,Yes,1,Low,High,Public,Positive,4,Yes,College,Near,Male,72,16+ hours,4,80-89%,3,1+ sessions,Within 0-100
4846,23,97,Medium,High,No,9,84,Low,Yes,1,High,Medium,Public,Positive,3,Yes,High School,Far,Female,71,16+ hours,4,90-100%,4,1+ sessions,Within 0-100
4847,7,69,Low,Medium,No,9,82,Low,Yes,1,Medium,High,Private,Positive,3,No,Postgraduate,Near,Female,61,6-10 hours,2,60-69%,1,1+ sessions,Within 0-100
4848,17,88,Medium,High,Yes,10,100,Medium,Yes,1,Low,High,Public,Positive,2,No,Postgraduate,Near,Female,71,16+ hours,4,80-89%,3,1+ sessions,Within 0-100
4849,17,99,Medium,Medium,No,5,67,Low,Yes,2,Medium,Medium,Private,Neutral,4,No,Postgraduate,Far,Male,69,16+ hours,4,90-100%,4,1+ sessions,Within 0-100
4850,23,98,Medium,High,Yes,6,76,Low,Yes,3,Low,High,Public,Positive,3,No,Unknown,Near,Male,74,16+ hours,4,90-100%,4,1+ sessions,Within 0-100
4851,4,69,Medium,High,Yes,6,99,Medium,Yes,0,Medium,High,Public,Neutral,2,No,High School,Moderate,Male,61,1-5 hours,1,60-69%,1,No tutoring,Within 0-100
4852,35,64,Medium,Low,No,6,85,High,Yes,2,Medium,High,Private,Neutral,2,No,High School,Moderate,Male,68,16+ hours,4,60-69%,1,1+ sessions,Within 0-100
4853,23,66,Medium,High,Yes,7,82,High,Yes,1,Medium,Medium,Public,Positive,2,No,High School,Near,Male,67,16+ hours,4,60-69%,1,1+ sessions,Within 0-100
4854,21,88,High,Low,No,6,58,Medium,Yes,3,High,Medium,Private,Neutral,4,No,College,Near,Male,70,16+ hours,4,80-89%,3,1+ sessions,Within 0-100
4855,27,89,Medium,Medium,No,5,62,Medium,Yes,0,Low,Medium,Public,Neutral,3,No,High School,Near,Male,69,16+ hours,4,80-89%,3,No tutoring,Within 0-100
4856,34,87,Medium,Low,No,6,69,High,Yes,3,Low,Medium,Private,Neutral,2,No,College,Moderate,Male,72,16+ hours,4,80-89%,3,1+ sessions,Within 0-100
4857,25,73,Medium,Low,Yes,7,73,Medium,Yes,1,Medium,Medium,Public,Positive,2,No,High School,Near,Male,66,16+ hours,4,70-79%,2,1+ sessions,Within 0-100
4858,26,67,Medium,Medium,No,9,75,Medium,Yes,2,Medium,Medium,Public,Positive,3,No,High School,Near,Male,67,16+ hours,4,60-69%,1,1+ sessions,Within 0-100
4859,21,83,Medium,Medium,No,6,95,High,Yes,4,High,High,Public,Neutral,2,No,High School,Far,Female,70,16+ hours,4,80-89%,3,1+ sessions,Within 0-100
4860,19,79,Medium,High,Yes,8,55,Medium,Yes,3,Medium,Medium,Private,Neutral,4,Yes,Postgraduate,Near,Male,68,16+ hours,4,70-79%,2,1+ sessions,Within 0-100
4861,17,89,Low,Medium,Yes,5,62,High,Yes,2,Medium,Medium,Private,Positive,2,No,College,Near,Female,68,16+ hours,4,80-89%,3,1+ sessions,Within 0-100
4862,15,78,Medium,High,No,4,57,High,Yes,2,Medium,High,Public,Negative,2,No,High School,Near,Female,65,11-15 hours,3,70-79%,2,1+ sessions,Within 0-100
4863,16,74,Medium,Low,Yes,7,87,Medium,Yes,0,Low,Low,Public,Positive,3,No,College,Near,Female,63,16+ hours,4,70-79%,2,No tutoring,Within 0-100
4864,12,72,Low,Low,Yes,6,99,High,Yes,0,Low,Medium,Public,Positive,4,No,College,Far,Female,62,11-15 hours,3,70-79%,2,No tutoring,Within 0-100
4865,20,68,Medium,High,Yes,6,95,Medium,Yes,0,Low,Medium,Public,Positive,4,No,High School,Near,Female,66,16+ hours,4,60-69%,1,No tutoring,Within 0-100
4866,10,71,Medium,High,Yes,6,86,Medium,Yes,1,Medium,Low,Public,Negative,2,Yes,Postgraduate,Near,Male,62,6-10 hours,2,70-79%,2,1+ sessions,Within 0-100
4867,21,64,Low,High,Yes,6,51,Low,Yes,0,High,Low,Public,Negative,3,No,College,Moderate,Female,61,16+ hours,4,60-69%,1,No tutoring,Within 0-100
4868,20,74,Low,Medium,Yes,6,67,High,Yes,0,Medium,Medium,Private,Negative,4,Yes,College,Moderate,Female,63,16+ hours,4,70-79%,2,No tutoring,Within 0-100
4869,21,61,Medium,Medium,Yes,6,93,Low,Yes,3,Medium,High,Private,Neutral,3,No,Unknown,Near,Female,65,16+ hours,4,60-69%,1,1+ sessions,Within 0-100
4870,17,67,High,Low,No,5,83,High,Yes,3,Low,Medium,Public,Positive,3,No,High School,Moderate,Male,64,16+ hours,4,60-69%,1,1+ sessions,Within 0-100
4871,38,90,High,Medium,Yes,4,60,Low,Yes,2,Low,Medium,Public,Neutral,4,No,College,Moderate,Male,74,16+ hours,4,90-100%,4,1+ sessions,Within 0-100
4872,28,73,Low,Medium,Yes,4,73,Medium,Yes,2,High,High,Public,Positive,2,No,Postgraduate,Near,Female,70,16+ hours,4,70-79%,2,1+ sessions,Within 0-100
4873,13,87,Low,Medium,No,10,54,Low,Yes,2,Low,Medium,Public,Positive,2,No,Unknown,Moderate,Female,63,11-15 hours,3,80-89%,3,1+ sessions,Within 0-100
4874,21,89,Low,Medium,No,7,76,Medium,Yes,3,High,Medium,Public,Positive,2,No,High School,Far,Female,68,16+ hours,4,80-89%,3,1+ sessions,Within 0-100
4875,16,83,Medium,High,Yes,9,95,Medium,Yes,2,Low,High,Public,Neutral,2,No,College,Near,Male,69,16+ hours,4,80-89%,3,1+ sessions,Within 0-100
4876,14,98,Medium,High,Yes,7,52,High,Yes,1,Medium,High,Private,Negative,4,No,Unknown,Moderate,Male,70,11-15 hours,3,90-100%,4,1+ sessions,Within 0-100
4877,12,61,Medium,Medium,Yes,7,81,Medium,Yes,2,High,Medium,Public,Neutral,3,No,College,Far,Male,62,11-15 hours,3,60-69%,1,1+ sessions,Within 0-100
4878,23,90,High,Medium,Yes,7,62,Medium,Yes,3,Medium,Low,Private,Positive,2,No,Postgraduate,Moderate,Male,71,16+ hours,4,90-100%,4,1+ sessions,Within 0-100
4879,16,98,Medium,Low,No,8,100,Low,Yes,2,Low,Medium,Public,Neutral,1,No,Unknown,Near,Male,69,16+ hours,4,90-100%,4,1+ sessions,Within 0-100
4880,26,94,High,Low,Yes,5,53,Low,Yes,0,Low,High,Public,Neutral,2,No,High School,Near,Male,69,16+ hours,4,90-100%,4,No tutoring,Within 0-100
4881,26,67,Low,High,Yes,6,81,High,Yes,4,Low,High,Public,Neutral,3,Yes,College,Near,Male,68,16+ hours,4,60-69%,1,1+ sessions,Within 0-100
4882,28,73,Low,Medium,Yes,7,63,Low,Yes,0,Low,Medium,Public,Positive,2,No,High School,Near,Male,65,16+ hours,4,70-79%,2,No tutoring,Within 0-100
4883,15,67,Medium,High,Yes,4,94,High,Yes,1,Medium,Medium,Private,Positive,5,No,High School,Far,Male,65,11-15 hours,3,60-69%,1,1+ sessions,Within 0-100
4884,23,84,Low,Low,Yes,9,56,Low,No,1,Medium,High,Public,Positive,4,No,High School,Near,Female,65,16+ hours,4,80-89%,3,1+ sessions,Within 0-100
4885,24,88,High,High,No,9,71,Medium,Yes,2,High,High,Public,Negative,3,No,High School,Near,Female,72,16+ hours,4,80-89%,3,1+ sessions,Within 0-100
4886,17,73,Medium,Low,No,4,59,High,Yes,2,Low,High,Private,Negative,4,No,High School,Moderate,Female,63,16+ hours,4,70-79%,2,1+ sessions,Within 0-100
4887,15,82,Medium,High,Yes,6,90,High,No,2,High,Medium,Public,Positive,2,No,High School,Near,Male,68,11-15 hours,3,80-89%,3,1+ sessions,Within 0-100
4888,30,88,Medium,Medium,Yes,7,68,Low,Yes,1,Medium,High,Public,Positive,3,No,College,Near,Female,72,16+ hours,4,80-89%,3,1+ sessions,Within 0-100
4889,21,77,Medium,Low,Yes,8,59,Medium,Yes,3,Low,Medium,Private,Positive,2,No,High School,Near,Male,66,16+ hours,4,70-79%,2,1+ sessions,Within 0-100
4890,24,94,Low,Medium,No,9,86,High,Yes,2,Low,Medium,Public,Neutral,3,No,College,Near,Female,71,16+ hours,4,90-100%,4,1+ sessions,Within 0-100
4891,15,91,Medium,Low,Yes,6,91,Low,Yes,0,Medium,Medium,Public,Positive,3,No,College,Moderate,Female,67,11-15 hours,3,90-100%,4,No tutoring,Within 0-100
4892,13,63,Medium,Medium,No,10,73,Low,Yes,2,Low,High,Public,Negative,3,No,Postgraduate,Moderate,Male,61,11-15 hours,3,60-69%,1,1+ sessions,Within 0-100
4893,17,85,High,High,Yes,7,69,Medium,Yes,4,Low,High,Private,Neutral,2,No,High School,Near,Female,70,16+ hours,4,80-89%,3,1+ sessions,Within 0-100
4894,19,69,Medium,Medium,Yes,7,82,Low,No,2,Low,Unknown,Public,Neutral,3,No,College,Near,Male,64,16+ hours,4,60-69%,1,1+ sessions,Within 0-100
4895,14,82,Medium,Medium,Yes,8,83,Medium,Yes,0,Medium,Medium,Public,Negative,2,No,High School,Moderate,Male,64,11-15 hours,3,80-89%,3,No tutoring,Within 0-100
4896,20,98,Low,High,Yes,7,83,Medium,No,0,Low,Medium,Public,Neutral,3,No,High School,Far,Female,68,16+ hours,4,90-100%,4,No tutoring,Within 0-100
4897,10,95,High,Medium,No,7,64,High,Yes,4,Low,Medium,Private,Positive,3,No,Postgraduate,Near,Male,70,6-10 hours,2,90-100%,4,1+ sessions,Within 0-100
4898,13,76,Low,Medium,Yes,10,97,High,Yes,4,Low,Low,Public,Neutral,3,No,College,Moderate,Male,65,11-15 hours,3,70-79%,2,1+ sessions,Within 0-100
4899,24,72,High,High,No,7,61,Medium,Yes,3,Low,Medium,Private,Neutral,2,No,High School,Near,Female,67,16+ hours,4,70-79%,2,1+ sessions,Within 0-100
4900,24,69,Medium,Low,Yes,6,69,Medium,Yes,0,Low,High,Private,Neutral,4,No,College,Near,Male,65,16+ hours,4,60-69%,1,No tutoring,Within 0-100
4901,18,81,Low,Medium,Yes,6,64,Medium,Yes,1,Medium,Medium,Public,Positive,4,No,High School,Moderate,Female,65,16+ hours,4,80-89%,3,1+ sessions,Within 0-100
4902,14,65,Medium,High,Yes,9,97,Low,Yes,3,Low,High,Public,Positive,4,No,High School,Near,Female,65,11-15 hours,3,60-69%,1,1+ sessions,Within 0-100
4903,14,82,High,Low,Yes,8,91,High,Yes,1,Low,Medium,Public,Negative,2,No,High School,Near,Male,66,11-15 hours,3,80-89%,3,1+ sessions,Within 0-100
4904,18,60,Medium,High,No,5,91,Low,Yes,2,Low,Medium,Public,Negative,4,Yes,High School,Near,Male,62,16+ hours,4,60-69%,1,1+ sessions,Within 0-100
4905,24,73,Medium,Medium,Yes,5,50,Low,Yes,1,Low,Medium,Public,Negative,2,No,High School,Near,Male,63,16+ hours,4,70-79%,2,1+ sessions,Within 0-100
4906,26,69,Low,Low,Yes,7,84,Medium,Yes,0,Medium,Medium,Private,Neutral,3,Yes,High School,Moderate,Male,63,16+ hours,4,60-69%,1,No tutoring,Within 0-100
4907,17,99,Medium,Medium,Yes,8,62,Medium,Yes,3,Medium,Medium,Private,Neutral,3,No,High School,Near,Male,70,16+ hours,4,90-100%,4,1+ sessions,Within 0-100
4908,13,89,Low,High,Yes,6,98,Medium,Yes,0,Medium,Medium,Private,Negative,4,No,High School,Near,Male,67,11-15 hours,3,80-89%,3,No tutoring,Within 0-100
4909,22,74,High,High,No,4,77,Low,Yes,0,High,Medium,Private,Negative,3,Yes,High School,Near,Male,66,16+ hours,4,70-79%,2,No tutoring,Within 0-100
4910,15,64,High,Medium,No,5,78,Medium,Yes,2,Low,Medium,Public,Positive,2,No,High School,Moderate,Male,63,11-15 hours,3,60-69%,1,1+ sessions,Within 0-100
4911,17,81,High,Low,Yes,9,68,High,Yes,1,Low,Low,Private,Positive,3,No,College,Near,Female,66,16+ hours,4,80-89%,3,1+ sessions,Within 0-100
4912,28,69,Low,Medium,No,8,77,Medium,Yes,3,Medium,Medium,Public,Neutral,4,No,College,Moderate,Female,67,16+ hours,4,60-69%,1,1+ sessions,Within 0-100
4913,25,81,Medium,Medium,No,9,87,Low,Yes,1,Low,High,Private,Negative,1,No,Postgraduate,Moderate,Female,68,16+ hours,4,80-89%,3,1+ sessions,Within 0-100
4914,21,93,Low,High,Yes,9,78,Low,Yes,1,Medium,Low,Public,Neutral,2,Yes,High School,Far,Male,67,16+ hours,4,90-100%,4,1+ sessions,Within 0-100
4915,12,85,Medium,High,Yes,6,82,Medium,Yes,1,High,Medium,Public,Neutral,2,No,High School,Far,Male,66,11-15 hours,3,80-89%,3,1+ sessions,Within 0-100
4916,21,85,High,High,Yes,6,74,Medium,Yes,2,Medium,Medium,Public,Neutral,4,No,High School,Near,Female,71,16+ hours,4,80-89%,3,1+ sessions,Within 0-100
4917,26,82,Medium,Medium,Yes,7,86,Medium,Yes,0,Low,High,Public,Neutral,2,Yes,Postgraduate,Near,Male,69,16+ hours,4,80-89%,3,No tutoring,Within 0-100
4918,18,97,High,Low,Yes,8,95,High,Yes,1,Medium,Medium,Public,Positive,2,No,Postgraduate,Moderate,Male,72,16+ hours,4,90-100%,4,1+ sessions,Within 0-100
4919,28,97,High,Low,Yes,9,53,Low,Yes,0,Low,Medium,Private,Negative,3,No,College,Moderate,Female,70,16+ hours,4,90-100%,4,No tutoring,Within 0-100
4920,28,81,Medium,Medium,Yes,10,55,Medium,Yes,2,Medium,Low,Private,Neutral,3,No,High School,Near,Male,68,16+ hours,4,80-89%,3,1+ sessions,Within 0-100
4921,30,72,Medium,Medium,No,8,84,Medium,Yes,1,Low,High,Private,Positive,1,No,High School,Near,Male,68,16+ hours,4,70-79%,2,1+ sessions,Within 0-100
4922,22,78,Low,High,Yes,8,69,High,Yes,2,Low,Medium,Public,Negative,2,No,High School,Near,Female,67,16+ hours,4,70-79%,2,1+ sessions,Within 0-100
4923,24,67,Medium,Medium,No,10,64,Low,Yes,1,Low,Medium,Public,Positive,2,Yes,College,Far,Female,62,16+ hours,4,60-69%,1,1+ sessions,Within 0-100
4924,28,85,Medium,Low,No,7,59,Low,Yes,1,Low,Medium,Public,Neutral,3,No,Postgraduate,Far,Male,67,16+ hours,4,80-89%,3,1+ sessions,Within 0-100
4925,23,80,High,Medium,No,9,79,Medium,Yes,1,Medium,High,Public,Negative,2,No,Postgraduate,Near,Male,69,16+ hours,4,80-89%,3,1+ sessions,Within 0-100
4926,17,64,Medium,High,Yes,8,67,Medium,Yes,3,Low,Medium,Public,Negative,3,No,College,Near,Male,64,16+ hours,4,60-69%,1,1+ sessions,Within 0-100
4927,17,68,Medium,High,Yes,8,75,Medium,Yes,2,Low,High,Private,Positive,3,No,College,Near,Female,66,16+ hours,4,60-69%,1,1+ sessions,Within 0-100
4928,21,79,High,Low,Yes,7,98,High,Yes,2,Low,Medium,Public,Positive,1,No,High School,Near,Male,69,16+ hours,4,70-79%,2,1+ sessions,Within 0-100
4929,12,96,High,High,No,5,88,High,Yes,0,Medium,Medium,Private,Positive,2,No,College,Moderate,Female,70,11-15 hours,3,90-100%,4,No tutoring,Within 0-100
4930,19,83,High,Medium,No,8,90,Low,Yes,3,Low,Medium,Public,Positive,3,No,College,Moderate,Female,69,16+ hours,4,80-89%,3,1+ sessions,Within 0-100
4931,27,87,Medium,Medium,Yes,8,56,Medium,Yes,3,Medium,High,Public,Neutral,3,No,Postgraduate,Near,Male,72,16+ hours,4,80-89%,3,1+ sessions,Within 0-100
4932,7,74,Medium,Medium,Yes,6,66,Low,Yes,1,Low,High,Private,Positive,2,No,High School,Near,Female,61,6-10 hours,2,70-79%,2,1+ sessions,Within 0-100
4933,29,83,Medium,Medium,No,7,55,High,Yes,2,Low,Low,Private,Negative,4,No,High School,Near,Female,68,16+ hours,4,80-89%,3,1+ sessions,Within 0-100
4934,27,78,Medium,Medium,No,6,98,Low,Yes,1,Medium,Medium,Public,Positive,3,No,High School,Far,Male,68,16+ hours,4,70-79%,2,1+ sessions,Within 0-100
4935,17,86,Low,Medium,No,6,84,High,Yes,0,Medium,Medium,Private,Neutral,3,No,High School,Near,Female,66,16+ hours,4,80-89%,3,No tutoring,Within 0-100
4936,23,62,Medium,Medium,No,6,51,Medium,Yes,5,High,Medium,Public,Negative,2,No,College,Near,Male,65,16+ hours,4,60-69%,1,1+ sessions,Within 0-100
4937,20,80,High,Low,Yes,5,74,Medium,Yes,2,Low,Low,Public,Negative,4,No,College,Moderate,Female,66,16+ hours,4,80-89%,3,1+ sessions,Within 0-100
4938,27,72,Medium,Medium,No,6,63,Medium,Yes,1,High,Medium,Private,Negative,5,No,College,Moderate,Female,67,16+ hours,4,70-79%,2,1+ sessions,Within 0-100
4939,26,73,Medium,High,No,8,77,Medium,Yes,0,Medium,High,Private,Positive,2,No,College,Far,Male,68,16+ hours,4,70-79%,2,No tutoring,Within 0-100
4940,12,98,Low,Medium,No,9,59,Low,Yes,1,High,Medium,Public,Neutral,2,No,Postgraduate,Near,Female,67,11-15 hours,3,90-100%,4,1+ sessions,Within 0-100
4941,24,67,Low,Medium,Yes,10,53,Medium,Yes,0,Medium,Medium,Public,Positive,3,Yes,College,Near,Female,63,16+ hours,4,60-69%,1,No tutoring,Within 0-100
4942,19,72,Medium,Low,No,6,66,Medium,Yes,0,Medium,High,Private,Neutral,2,No,Postgraduate,Near,Male,64,16+ hours,4,70-79%,2,No tutoring,Within 0-100
4943,20,80,Medium,Low,No,9,65,High,Yes,1,Medium,Medium,Private,Positive,3,No,College,Far,Male,66,16+ hours,4,80-89%,3,1+ sessions,Within 0-100
4944,16,95,High,Medium,Yes,8,86,Medium,Yes,0,Low,Low,Public,Positive,4,No,High School,Moderate,Male,69,16+ hours,4,90-100%,4,No tutoring,Within 0-100
4945,30,77,Medium,Low,Yes,7,74,Medium,Yes,3,High,Medium,Private,Neutral,3,No,Postgraduate,Moderate,Male,70,16+ hours,4,70-79%,2,1+ sessions,Within 0-100
4946,26,90,Medium,Medium,No,8,65,High,Yes,3,Medium,High,Private,Positive,2,No,High School,Near,Female,72,16+ hours,4,90-100%,4,1+ sessions,Within 0-100
4947,16,94,Medium,High,No,9,79,High,Yes,2,High,Unknown,Public,Positive,5,No,High School,Moderate,Female,71,16+ hours,4,90-100%,4,1+ sessions,Within 0-100
4948,12,72,Medium,Medium,Yes,6,54,Low,Yes,3,Low,Medium,Public,Positive,2,No,Postgraduate,Near,Male,63,11-15 hours,3,70-79%,2,1+ sessions,Within 0-100
4949,18,76,High,High,No,6,83,Medium,Yes,1,High,Medium,Public,Neutral,4,No,High School,Near,Male,68,16+ hours,4,70-79%,2,1+ sessions,Within 0-100
4950,23,74,Medium,High,Yes,6,57,Low,No,1,High,High,Private,Neutral,3,No,College,Near,Male,67,16+ hours,4,70-79%,2,1+ sessions,Within 0-100
4951,21,93,Medium,Low,No,6,64,Medium,Yes,2,Low,Medium,Public,Positive,4,No,Postgraduate,Moderate,Male,69,16+ hours,4,90-100%,4,1+ sessions,Within 0-100
4952,28,62,Medium,Medium,No,9,64,High,Yes,1,Low,Medium,Private,Negative,2,No,Postgraduate,Near,Male,65,16+ hours,4,60-69%,1,1+ sessions,Within 0-100
4953,25,72,High,Low,Yes,6,73,High,Yes,4,Medium,High,Public,Neutral,4,No,College,Moderate,Male,69,16+ hours,4,70-79%,2,1+ sessions,Within 0-100
4954,26,87,Medium,Medium,No,6,98,High,Yes,0,Medium,High,Public,Negative,4,No,College,Moderate,Male,71,16+ hours,4,80-89%,3,No tutoring,Within 0-100
4955,22,83,Medium,Low,Yes,7,66,Medium,Yes,2,Medium,Medium,Private,Neutral,3,No,High School,Near,Female,67,16+ hours,4,80-89%,3,1+ sessions,Within 0-100
4956,12,77,Low,Medium,No,7,64,Low,Yes,2,High,High,Public,Positive,4,No,College,Moderate,Female,64,11-15 hours,3,70-79%,2,1+ sessions,Within 0-100
4957,19,82,High,Medium,Yes,6,58,Low,Yes,2,Medium,High,Private,Positive,3,No,College,Near,Female,68,16+ hours,4,80-89%,3,1+ sessions,Within 0-100
4958,26,68,High,Low,Yes,10,70,Medium,Yes,1,Low,Medium,Public,Positive,3,No,College,Near,Male,67,16+ hours,4,60-69%,1,1+ sessions,Within 0-100
4959,20,77,Low,Low,No,6,59,Low,Yes,1,High,Medium,Public,Negative,2,No,High School,Moderate,Female,62,16+ hours,4,70-79%,2,1+ sessions,Within 0-100
4960,23,80,High,Medium,No,7,57,Low,Yes,2,Medium,High,Public,Negative,2,No,Postgraduate,Moderate,Female,68,16+ hours,4,80-89%,3,1+ sessions,Within 0-100
4961,18,96,Medium,Medium,Yes,4,93,Medium,Yes,0,Medium,High,Public,Positive,4,No,College,Near,Female,72,16+ hours,4,90-100%,4,No tutoring,Within 0-100
4962,14,70,Medium,High,Yes,7,53,Low,Yes,0,Medium,Medium,Public,Negative,3,No,High School,Moderate,Male,61,11-15 hours,3,70-79%,2,No tutoring,Within 0-100
4963,19,95,Low,Low,Yes,5,86,Medium,Yes,0,High,Medium,Public,Negative,4,No,High School,Moderate,Male,67,16+ hours,4,90-100%,4,No tutoring,Within 0-100
4964,22,86,High,Medium,No,6,60,High,Yes,0,High,High,Public,Neutral,3,No,Postgraduate,Near,Male,70,16+ hours,4,80-89%,3,No tutoring,Within 0-100
4965,16,61,Low,Medium,Yes,4,51,Low,Yes,1,Low,Medium,Public,Neutral,3,No,High School,Near,Male,59,16+ hours,4,60-69%,1,1+ sessions,Within 0-100
4966,19,89,High,Medium,Yes,6,90,High,Yes,0,Low,High,Private,Negative,4,No,College,Moderate,Female,70,16+ hours,4,80-89%,3,No tutoring,Within 0-100
4967,14,61,Low,Medium,No,7,85,High,Yes,1,Low,Medium,Public,Neutral,1,No,High School,Near,Female,60,11-15 hours,3,60-69%,1,1+ sessions,Within 0-100
4968,27,100,High,Medium,No,7,67,Medium,Yes,1,High,High,Public,Neutral,3,No,College,Moderate,Male,74,16+ hours,4,90-100%,4,1+ sessions,Within 0-100
4969,18,95,Low,High,Yes,6,54,High,Yes,0,Medium,High,Private,Negative,3,No,College,Moderate,Male,68,16+ hours,4,90-100%,4,No tutoring,Within 0-100
4970,29,72,Medium,Medium,No,7,68,Low,Yes,0,Low,Medium,Public,Positive,3,No,College,Near,Female,67,16+ hours,4,70-79%,2,No tutoring,Within 0-100
4971,29,70,Medium,Low,No,6,59,High,Yes,2,Medium,Medium,Private,Neutral,4,No,Postgraduate,Far,Male,67,16+ hours,4,70-79%,2,1+ sessions,Within 0-100
4972,20,75,Low,Medium,Yes,7,97,High,Yes,0,Medium,Medium,Public,Neutral,2,No,College,Unknown,Female,66,16+ hours,4,70-79%,2,No tutoring,Within 0-100
4973,14,74,Medium,Medium,No,7,76,High,Yes,1,Low,High,Public,Neutral,2,No,High School,Far,Female,63,11-15 hours,3,70-79%,2,1+ sessions,Within 0-100
4974,7,75,Medium,Medium,No,7,98,Low,No,1,Low,High,Public,Positive,3,No,College,Near,Male,62,6-10 hours,2,70-79%,2,1+ sessions,Within 0-100
4975,11,73,High,Low,Yes,7,68,High,Yes,3,Low,High,Private,Neutral,3,No,College,Moderate,Female,64,11-15 hours,3,70-79%,2,1+ sessions,Within 0-100
4976,12,85,Medium,Medium,Yes,6,78,High,Yes,3,Medium,Medium,Public,Neutral,4,No,College,Near,Male,68,11-15 hours,3,80-89%,3,1+ sessions,Within 0-100
4977,28,67,Medium,Medium,No,8,60,High,Yes,0,Medium,Medium,Public,Positive,3,No,High School,Moderate,Female,65,16+ hours,4,60-69%,1,No tutoring,Within 0-100
4978,21,94,Medium,Low,Yes,8,90,Low,Yes,1,Medium,Medium,Public,Positive,4,No,Postgraduate,Near,Female,71,16+ hours,4,90-100%,4,1+ sessions,Within 0-100
4979,22,92,Medium,Medium,Yes,7,52,Low,No,1,Medium,Medium,Private,Negative,3,No,Postgraduate,Near,Female,68,16+ hours,4,90-100%,4,1+ sessions,Within 0-100
4980,7,79,Low,High,Yes,9,85,Medium,Yes,0,Medium,Medium,Public,Negative,2,No,High School,Near,Male,62,6-10 hours,2,70-79%,2,No tutoring,Within 0-100
4981,13,94,High,High,Yes,7,70,Medium,Yes,1,Medium,Medium,Private,Negative,3,No,High School,Moderate,Male,68,11-15 hours,3,90-100%,4,1+ sessions,Within 0-100
4982,25,70,Medium,Medium,Yes,7,79,Low,Yes,3,High,Medium,Public,Neutral,3,No,High School,Near,Male,68,16+ hours,4,70-79%,2,1+ sessions,Within 0-100
4983,22,61,High,Medium,Yes,7,80,High,Yes,3,Medium,High,Public,Neutral,3,No,Postgraduate,Moderate,Male,67,16+ hours,4,60-69%,1,1+ sessions,Within 0-100
4984,19,85,Medium,Medium,Yes,7,86,Medium,Yes,0,Low,Medium,Public,Positive,2,No,College,Moderate,Female,67,16+ hours,4,80-89%,3,No tutoring,Within 0-100
4985,23,78,High,High,Yes,6,60,Medium,Yes,2,High,High,Public,Positive,4,No,High School,Far,Male,70,16+ hours,4,70-79%,2,1+ sessions,Within 0-100
4986,30,83,Low,Medium,Yes,4,77,Medium,Yes,0,Low,Medium,Public,Neutral,4,No,High School,Near,Female,69,16+ hours,4,80-89%,3,No tutoring,Within 0-100
4987,19,96,Low,Medium,No,7,71,Medium,Yes,2,Low,High,Private,Positive,3,No,Postgraduate,Moderate,Male,70,16+ hours,4,90-100%,4,1+ sessions,Within 0-100
4988,20,99,Medium,Low,No,8,64,Low,Yes,1,High,Medium,Public,Positive,2,No,High School,Near,Male,69,16+ hours,4,90-100%,4,1+ sessions,Within 0-100
4989,21,85,High,Medium,Yes,5,75,Low,Yes,1,High,High,Public,Positive,2,No,High School,Moderate,Female,70,16+ hours,4,80-89%,3,1+ sessions,Within 0-100
4990,34,91,Medium,Low,No,9,98,Medium,Yes,0,Medium,Medium,Public,Neutral,4,No,Unknown,Moderate,Male,72,16+ hours,4,90-100%,4,No tutoring,Within 0-100
4991,7,63,Low,Medium,No,5,97,Medium,Yes,1,Low,Medium,Public,Neutral,2,No,High School,Near,Female,59,6-10 hours,2,60-69%,1,1+ sessions,Within 0-100
4992,24,66,Medium,Medium,No,6,64,Medium,No,0,Medium,High,Public,Neutral,4,No,High School,Near,Male,64,16+ hours,4,60-69%,1,No tutoring,Within 0-100
4993,19,89,High,High,Yes,10,94,Medium,Yes,0,High,Medium,Private,Neutral,1,No,College,Near,Female,72,16+ hours,4,80-89%,3,No tutoring,Within 0-100
4994,23,77,Low,High,Yes,8,94,Medium,Yes,0,High,Medium,Private,Positive,3,No,Postgraduate,Near,Male,70,16+ hours,4,70-79%,2,No tutoring,Within 0-100
4995,16,78,Low,High,No,7,62,Medium,Yes,0,High,High,Public,Negative,1,No,High School,Far,Female,63,16+ hours,4,70-79%,2,No tutoring,Within 0-100
4996,20,72,High,Medium,Yes,7,80,Medium,Yes,1,Low,High,Private,Negative,3,No,College,Near,Male,66,16+ hours,4,70-79%,2,1+ sessions,Within 0-100
4997,24,84,High,High,No,9,93,Medium,Yes,3,High,Medium,Public,Neutral,4,No,High School,Far,Male,72,16+ hours,4,80-89%,3,1+ sessions,Within 0-100
4998,39,67,High,High,Yes,5,76,Medium,No,2,Medium,Medium,Private,Negative,4,No,Unknown,Near,Female,71,16+ hours,4,60-69%,1,1+ sessions,Within 0-100
4999,25,85,High,High,No,9,68,Medium,Yes,1,High,Medium,Public,Negative,3,No,Postgraduate,Far,Female,71,16+ hours,4,80-89%,3,1+ sessions,Within 0-100
5000,15,67,Low,Medium,Yes,6,83,Low,Yes,3,Medium,Low,Public,Positive,3,No,High School,Moderate,Male,62,11-15 hours,3,60-69%,1,1+ sessions,Within 0-100
5001,17,63,Medium,Medium,Yes,8,59,Medium,Yes,1,Low,High,Public,Positive,1,No,Postgraduate,Moderate,Male,62,16+ hours,4,60-69%,1,1+ sessions,Within 0-100
5002,17,73,Medium,Low,No,6,58,Medium,Yes,4,Medium,Medium,Public,Positive,1,No,College,Near,Male,64,16+ hours,4,70-79%,2,1+ sessions,Within 0-100
5003,9,69,High,High,Yes,10,92,Medium,Yes,2,Low,Medium,Private,Neutral,3,No,Postgraduate,Near,Male,65,6-10 hours,2,60-69%,1,1+ sessions,Within 0-100
5004,18,96,High,Low,Yes,7,52,Low,Yes,1,Low,Medium,Private,Neutral,4,No,College,Near,Female,68,16+ hours,4,90-100%,4,1+ sessions,Within 0-100
5005,24,62,High,Medium,Yes,5,90,Low,Yes,0,High,Medium,Private,Positive,3,No,College,Near,Male,67,16+ hours,4,60-69%,1,No tutoring,Within 0-100
5006,12,67,Medium,Medium,Yes,8,65,Low,Yes,1,High,Medium,Public,Neutral,3,No,High School,Moderate,Male,61,11-15 hours,3,60-69%,1,1+ sessions,Within 0-100
5007,26,82,Low,Low,Yes,9,74,High,Yes,2,Medium,Medium,Public,Negative,5,No,High School,Moderate,Female,68,16+ hours,4,80-89%,3,1+ sessions,Within 0-100
5008,23,79,Medium,High,No,9,77,Medium,Yes,1,Low,High,Public,Neutral,3,No,High School,Near,Male,68,16+ hours,4,70-79%,2,1+ sessions,Within 0-100
5009,16,62,Medium,Medium,No,7,88,Medium,Yes,1,Low,High,Public,Neutral,1,No,High School,Near,Female,62,16+ hours,4,60-69%,1,1+ sessions,Within 0-100
5010,19,60,Medium,Low,No,8,94,High,Yes,1,Low,Low,Private,Neutral,3,No,High School,Near,Female,62,16+ hours,4,60-69%,1,1+ sessions,Within 0-100
5011,30,100,High,High,Yes,6,90,Low,Yes,0,Medium,Low,Public,Positive,2,Yes,High School,Near,Male,74,16+ hours,4,90-100%,4,No tutoring,Within 0-100
5012,24,86,Medium,Medium,Yes,8,79,Medium,No,0,Low,Medium,Public,Neutral,4,No,High School,Near,Female,68,16+ hours,4,80-89%,3,No tutoring,Within 0-100
5013,20,75,Low,High,No,8,67,Medium,Yes,1,High,Low,Public,Positive,4,No,College,Moderate,Male,66,16+ hours,4,70-79%,2,1+ sessions,Within 0-100
5014,19,79,Medium,Medium,No,4,76,High,Yes,1,Medium,Medium,Private,Neutral,3,No,Unknown,Near,Male,67,16+ hours,4,70-79%,2,1+ sessions,Within 0-100
5015,20,71,High,Medium,No,5,52,High,Yes,1,Medium,High,Public,Neutral,3,No,High School,Moderate,Male,65,16+ hours,4,70-79%,2,1+ sessions,Within 0-100
5016,17,74,Medium,Medium,Yes,7,62,Medium,Yes,2,High,Medium,Public,Positive,4,No,High School,Near,Male,66,16+ hours,4,70-79%,2,1+ sessions,Within 0-100
5017,7,86,High,Medium,No,7,68,Medium,Yes,5,Low,Medium,Public,Positive,4,No,Postgraduate,Moderate,Male,67,6-10 hours,2,80-89%,3,1+ sessions,Within 0-100
5018,32,95,Medium,Medium,Yes,7,66,High,Yes,5,High,Medium,Private,Negative,3,No,College,Near,Male,76,16+ hours,4,90-100%,4,1+ sessions,Within 0-100
5019,21,67,Low,High,Yes,7,55,High,Yes,2,High,High,Private,Positive,3,No,High School,Moderate,Female,66,16+ hours,4,60-69%,1,1+ sessions,Within 0-100
5020,22,94,Low,Low,No,9,53,High,Yes,1,Medium,High,Public,Neutral,3,No,College,Near,Female,68,16+ hours,4,90-100%,4,1+ sessions,Within 0-100
5021,20,65,High,Medium,Yes,8,71,Low,Yes,2,Low,Medium,Private,Neutral,3,Yes,College,Near,Female,63,16+ hours,4,60-69%,1,1+ sessions,Within 0-100
5022,16,69,Medium,High,Yes,4,54,Medium,Yes,4,Low,Low,Public,Positive,4,No,College,Near,Female,65,16+ hours,4,60-69%,1,1+ sessions,Within 0-100
5023,19,61,High,Medium,No,10,64,Medium,Yes,3,Low,Medium,Public,Positive,3,No,High School,Moderate,Male,63,16+ hours,4,60-69%,1,1+ sessions,Within 0-100
5024,10,66,Medium,Medium,No,4,74,Low,Yes,2,Low,Medium,Public,Negative,2,No,High School,Moderate,Male,59,6-10 hours,2,60-69%,1,1+ sessions,Within 0-100
5025,34,97,Medium,Medium,No,8,60,Medium,Yes,2,Medium,Medium,Private,Neutral,4,No,High School,Near,Male,74,16+ hours,4,90-100%,4,1+ sessions,Within 0-100
5026,13,78,Medium,Low,Yes,5,54,Low,Yes,2,Low,High,Public,Positive,3,Yes,College,Near,Male,62,11-15 hours,3,70-79%,2,1+ sessions,Within 0-100
5027,14,63,Low,Low,Yes,9,72,Medium,Yes,3,Low,Low,Public,Positive,4,Yes,High School,Near,Female,59,11-15 hours,3,60-69%,1,1+ sessions,Within 0-100
5028,17,98,Medium,High,Yes,7,72,High,Yes,0,Low,Medium,Public,Positive,3,No,High School,Near,Male,71,16+ hours,4,90-100%,4,No tutoring,Within 0-100
5029,28,95,Medium,Medium,No,8,96,Medium,Yes,1,Medium,Medium,Public,Neutral,3,No,Postgraduate,Moderate,Male,73,16+ hours,4,90-100%,4,1+ sessions,Within 0-100
5030,20,90,High,Medium,Yes,4,56,Medium,Yes,0,Low,High,Private,Positive,1,No,High School,Moderate,Male,68,16+ hours,4,90-100%,4,No tutoring,Within 0-100
5031,13,97,Medium,Medium,Yes,8,81,Medium,Yes,3,Low,Medium,Public,Neutral,1,No,High School,Far,Male,68,11-15 hours,3,90-100%,4,1+ sessions,Within 0-100
5032,28,69,Medium,Medium,Yes,8,66,Medium,Yes,0,Low,Medium,Public,Positive,6,No,College,Far,Male,66,16+ hours,4,60-69%,1,No tutoring,Within 0-100
5033,24,93,Low,High,Yes,8,56,Medium,Yes,1,Low,Medium,Public,Neutral,3,No,College,Moderate,Male,69,16+ hours,4,90-100%,4,1+ sessions,Within 0-100
5034,23,88,Medium,Medium,No,8,70,Medium,Yes,2,Medium,High,Public,Neutral,4,No,High School,Near,Female,70,16+ hours,4,80-89%,3,1+ sessions,Within 0-100
5035,24,95,Medium,High,Yes,7,71,High,Yes,1,Medium,High,Public,Positive,3,No,High School,Near,Male,74,16+ hours,4,90-100%,4,1+ sessions,Within 0-100
5036,34,92,High,Medium,No,7,68,Low,Yes,0,Medium,High,Public,Positive,5,No,College,Near,Female,75,16+ hours,4,90-100%,4,No tutoring,Within 0-100
5037,33,74,Medium,Medium,Yes,6,88,Medium,Yes,2,Medium,Medium,Private,Neutral,3,No,College,Near,Male,71,16+ hours,4,70-79%,2,1+ sessions,Within 0-100
5038,16,91,High,High,Yes,6,92,Low,Yes,2,Low,High,Private,Positive,3,No,High School,Moderate,Male,71,16+ hours,4,90-100%,4,1+ sessions,Within 0-100
5039,30,70,Medium,Medium,No,9,57,Medium,Yes,1,Low,Medium,Public,Negative,4,No,College,Far,Female,65,16+ hours,4,70-79%,2,1+ sessions,Within 0-100
5040,22,73,Low,Medium,No,6,58,High,Yes,1,Medium,Medium,Private,Positive,3,No,Postgraduate,Moderate,Male,65,16+ hours,4,70-79%,2,1+ sessions,Within 0-100
5041,23,64,Medium,High,No,4,71,Low,Yes,2,Medium,Medium,Public,Negative,1,No,Postgraduate,Near,Male,65,16+ hours,4,60-69%,1,1+ sessions,Within 0-100
5042,10,97,Medium,Medium,No,6,66,Medium,Yes,2,Low,Medium,Public,Neutral,2,No,Postgraduate,Near,Female,67,6-10 hours,2,90-100%,4,1+ sessions,Within 0-100
5043,19,72,Medium,Medium,Yes,8,91,High,Yes,1,Low,Medium,Private,Positive,4,No,Unknown,Moderate,Male,67,16+ hours,4,70-79%,2,1+ sessions,Within 0-100
5044,15,81,Medium,Medium,Yes,7,100,Medium,Yes,1,Low,Medium,Public,Neutral,3,No,Postgraduate,Moderate,Male,67,11-15 hours,3,80-89%,3,1+ sessions,Within 0-100
5045,25,76,High,High,Yes,8,59,Medium,Yes,4,Medium,Medium,Private,Neutral,4,No,College,Near,Female,71,16+ hours,4,70-79%,2,1+ sessions,Within 0-100
5046,26,98,High,Low,No,4,88,Low,Yes,1,Medium,High,Public,Neutral,1,No,College,Moderate,Female,72,16+ hours,4,90-100%,4,1+ sessions,Within 0-100
5047,8,73,Medium,High,Yes,4,80,Low,Yes,0,Low,High,Public,Neutral,4,No,College,Moderate,Male,62,6-10 hours,2,70-79%,2,No tutoring,Within 0-100
5048,20,91,High,Low,Yes,7,82,Medium,Yes,0,Medium,Medium,Public,Neutral,4,No,College,Near,Male,70,16+ hours,4,90-100%,4,No tutoring,Within 0-100
5049,27,94,Medium,High,No,9,63,High,Yes,0,Low,Medium,Public,Neutral,4,No,College,Near,Female,72,16+ hours,4,90-100%,4,No tutoring,Within 0-100
5050,19,77,Low,Medium,Yes,4,55,Medium,Yes,0,Medium,Low,Public,Positive,4,No,College,Moderate,Male,64,16+ hours,4,70-79%,2,No tutoring,Within 0-100
5051,24,75,High,Low,Yes,8,77,High,Yes,1,Low,Medium,Private,Negative,1,No,College,Moderate,Male,66,16+ hours,4,70-79%,2,1+ sessions,Within 0-100
5052,22,90,Low,Medium,Yes,9,81,Medium,Yes,0,Medium,Medium,Public,Neutral,4,No,High School,Near,Male,69,16+ hours,4,90-100%,4,No tutoring,Within 0-100
5053,22,97,High,Medium,No,7,98,High,Yes,0,Medium,Medium,Public,Negative,0,No,College,Moderate,Female,71,16+ hours,4,90-100%,4,No tutoring,Within 0-100
5054,18,90,Medium,Low,No,8,84,High,Yes,2,Low,High,Private,Positive,3,No,High School,Moderate,Male,68,16+ hours,4,90-100%,4,1+ sessions,Within 0-100
5055,13,69,Medium,Medium,Yes,7,72,Low,Yes,2,High,Medium,Public,Positive,2,No,High School,Moderate,Female,63,11-15 hours,3,60-69%,1,1+ sessions,Within 0-100
5056,13,96,Medium,High,Yes,7,100,Medium,No,4,Medium,High,Public,Negative,3,No,High School,Near,Male,71,11-15 hours,3,90-100%,4,1+ sessions,Within 0-100
5057,24,76,High,Low,Yes,8,69,Low,Yes,3,Low,Medium,Private,Negative,1,No,High School,Unknown,Male,65,16+ hours,4,70-79%,2,1+ sessions,Within 0-100
5058,20,83,Low,High,Yes,10,58,Medium,Yes,0,Low,High,Public,Neutral,1,No,High School,Near,Female,66,16+ hours,4,80-89%,3,No tutoring,Within 0-100
5059,19,93,Low,Low,Yes,6,81,Medium,Yes,2,High,Medium,Private,Positive,3,Yes,College,Moderate,Female,68,16+ hours,4,90-100%,4,1+ sessions,Within 0-100
5060,17,68,Medium,Medium,Yes,7,63,Medium,No,0,Low,Medium,Public,Neutral,3,No,High School,Moderate,Male,61,16+ hours,4,60-69%,1,No tutoring,Within 0-100
5061,18,91,Low,High,No,6,96,Medium,Yes,2,Low,Medium,Private,Positive,3,No,Postgraduate,Near,Male,71,16+ hours,4,90-100%,4,1+ sessions,Within 0-100
5062,26,84,Medium,High,Yes,7,71,Medium,Yes,0,Medium,Medium,Public,Neutral,2,No,High School,Near,Female,70,16+ hours,4,80-89%,3,No tutoring,Within 0-100
5063,18,96,High,Low,No,7,57,Low,Yes,1,Low,Medium,Public,Negative,3,No,High School,Moderate,Female,66,16+ hours,4,90-100%,4,1+ sessions,Within 0-100
5064,12,67,High,Medium,Yes,9,57,Low,Yes,0,Low,Medium,Private,Positive,2,No,College,Moderate,Male,61,11-15 hours,3,60-69%,1,No tutoring,Within 0-100
5065,24,77,High,Low,Yes,9,82,Low,Yes,1,Medium,Medium,Private,Neutral,2,No,High School,Near,Male,67,16+ hours,4,70-79%,2,1+ sessions,Within 0-100
5066,19,93,High,Medium,Yes,8,68,Medium,Yes,1,High,High,Public,Positive,3,No,Postgraduate,Near,Female,72,16+ hours,4,90-100%,4,1+ sessions,Within 0-100
5067,20,61,High,High,No,9,68,Medium,Yes,1,High,Low,Private,Positive,3,No,High School,Near,Female,65,16+ hours,4,60-69%,1,1+ sessions,Within 0-100
5068,30,64,High,Medium,No,6,81,Low,Yes,3,Medium,Medium,Public,Negative,2,No,College,Near,Female,68,16+ hours,4,60-69%,1,1+ sessions,Within 0-100
5069,20,100,Low,Medium,Yes,6,61,High,No,3,Medium,Medium,Public,Positive,4,No,College,Far,Male,70,16+ hours,4,90-100%,4,1+ sessions,Within 0-100
5070,22,71,Medium,Low,Yes,8,57,Medium,Yes,1,Low,High,Public,Negative,4,No,High School,Moderate,Male,63,16+ hours,4,70-79%,2,1+ sessions,Within 0-100
5071,13,99,High,Low,No,7,83,Medium,Yes,1,Medium,Medium,Public,Neutral,4,No,Postgraduate,Far,Female,69,11-15 hours,3,90-100%,4,1+ sessions,Within 0-100
5072,19,67,Medium,Low,No,10,50,Medium,Yes,0,High,Medium,Public,Positive,3,No,High School,Near,Male,62,16+ hours,4,60-69%,1,No tutoring,Within 0-100
5073,24,74,High,High,No,4,95,High,Yes,1,High,Medium,Public,Neutral,4,No,Postgraduate,Moderate,Female,71,16+ hours,4,70-79%,2,1+ sessions,Within 0-100
5074,11,90,Low,Low,Yes,8,59,Low,Yes,1,Low,High,Public,Positive,4,No,High School,Near,Male,64,11-15 hours,3,90-100%,4,1+ sessions,Within 0-100
5075,21,86,High,Medium,No,8,72,Medium,Yes,0,High,High,Public,Positive,3,No,High School,Moderate,Male,69,16+ hours,4,80-89%,3,No tutoring,Within 0-100
5076,21,83,Medium,High,Yes,6,61,High,Yes,2,Low,High,Public,Positive,3,No,Postgraduate,Near,Male,71,16+ hours,4,80-89%,3,1+ sessions,Within 0-100
5077,20,81,Low,Medium,Yes,6,61,Low,No,0,Low,Medium,Public,Positive,4,Yes,High School,Near,Female,63,16+ hours,4,80-89%,3,No tutoring,Within 0-100
5078,26,94,Low,High,Yes,6,92,Low,Yes,1,Low,High,Public,Neutral,3,No,High School,Near,Female,72,16+ hours,4,90-100%,4,1+ sessions,Within 0-100
5079,22,69,Medium,Medium,Yes,5,79,Medium,Yes,1,Low,Low,Public,Positive,3,No,College,Near,Male,66,16+ hours,4,60-69%,1,1+ sessions,Within 0-100
5080,29,78,High,Medium,Yes,9,66,Medium,Yes,2,Low,Medium,Public,Neutral,4,No,High School,Moderate,Male,69,16+ hours,4,70-79%,2,1+ sessions,Within 0-100
5081,14,66,Medium,Medium,Yes,10,63,Low,Yes,0,Low,Medium,Public,Positive,3,No,High School,Moderate,Male,60,11-15 hours,3,60-69%,1,No tutoring,Within 0-100
5082,21,84,High,High,Yes,6,61,Low,Yes,1,Medium,High,Private,Negative,4,No,High School,Moderate,Female,68,16+ hours,4,80-89%,3,1+ sessions,Within 0-100
5083,21,70,Medium,High,No,6,78,Medium,Yes,3,Medium,Low,Public,Neutral,2,No,College,Far,Male,65,16+ hours,4,70-79%,2,1+ sessions,Within 0-100
5084,14,73,High,Medium,No,5,87,High,Yes,2,Medium,Medium,Public,Positive,4,No,College,Near,Female,67,11-15 hours,3,70-79%,2,1+ sessions,Within 0-100
5085,26,79,Medium,Low,Yes,5,63,Medium,Yes,0,Low,Medium,Public,Positive,2,No,High School,Near,Male,66,16+ hours,4,70-79%,2,No tutoring,Within 0-100
5086,34,61,Medium,Medium,Yes,6,67,High,Yes,1,High,Medium,Private,Neutral,2,No,Postgraduate,Moderate,Male,68,16+ hours,4,60-69%,1,1+ sessions,Within 0-100
5087,20,64,Low,Medium,Yes,9,86,Medium,Yes,0,Low,High,Private,Negative,4,No,High School,Near,Female,63,16+ hours,4,60-69%,1,No tutoring,Within 0-100
5088,23,87,High,High,Yes,10,87,Medium,Yes,1,Medium,Medium,Private,Positive,3,No,College,Near,Male,73,16+ hours,4,80-89%,3,1+ sessions,Within 0-100
5089,21,77,Medium,Medium,Yes,6,60,Medium,Yes,1,Medium,Medium,Private,Neutral,3,No,College,Moderate,Male,66,16+ hours,4,70-79%,2,1+ sessions,Within 0-100
5090,16,95,Low,Medium,Yes,6,69,Low,Yes,2,Low,High,Public,Neutral,3,Yes,College,Near,Male,67,16+ hours,4,90-100%,4,1+ sessions,Within 0-100
5091,9,88,Low,Medium,Yes,5,93,Low,Yes,2,Medium,Medium,Public,Neutral,4,No,Postgraduate,Near,Male,66,6-10 hours,2,80-89%,3,1+ sessions,Within 0-100
5092,16,60,Medium,Low,No,8,87,Low,Yes,0,Low,Low,Public,Positive,5,No,High School,Near,Male,60,16+ hours,4,60-69%,1,No tutoring,Within 0-100
5093,12,85,High,High,No,8,58,Low,Yes,1,Low,High,Public,Positive,3,No,Postgraduate,Near,Male,67,11-15 hours,3,80-89%,3,1+ sessions,Within 0-100
5094,30,64,Medium,Medium,No,7,69,Medium,Yes,3,High,Low,Public,Negative,4,No,High School,Near,Female,67,16+ hours,4,60-69%,1,1+ sessions,Within 0-100
5095,19,91,Medium,Medium,Yes,6,99,High,Yes,0,Medium,Medium,Public,Neutral,2,No,High School,Near,Female,70,16+ hours,4,90-100%,4,No tutoring,Within 0-100
5096,18,100,High,Low,No,9,76,Low,Yes,1,Low,Medium,Public,Positive,2,No,High School,Near,Female,69,16+ hours,4,90-100%,4,1+ sessions,Within 0-100
5097,25,81,Medium,Low,Yes,8,86,Medium,Yes,1,Low,Medium,Public,Negative,3,No,Postgraduate,Near,Male,68,16+ hours,4,80-89%,3,1+ sessions,Within 0-100
5098,13,87,High,Low,Yes,8,55,High,Yes,1,High,High,Private,Positive,3,No,High School,Near,Female,67,11-15 hours,3,80-89%,3,1+ sessions,Within 0-100
5099,15,69,Medium,High,No,8,92,Low,Yes,0,Low,Medium,Public,Neutral,1,No,College,Moderate,Male,63,11-15 hours,3,60-69%,1,No tutoring,Within 0-100
5100,20,78,High,Medium,No,7,80,High,Yes,2,High,Medium,Public,Positive,3,No,College,Near,Male,70,16+ hours,4,70-79%,2,1+ sessions,Within 0-100
5101,26,94,Low,Medium,No,6,59,High,Yes,4,Low,Medium,Public,Neutral,3,No,High School,Near,Female,71,16+ hours,4,90-100%,4,1+ sessions,Within 0-100
5102,23,67,High,High,Yes,8,69,Low,Yes,1,High,Medium,Public,Neutral,2,No,High School,Near,Female,67,16+ hours,4,60-69%,1,1+ sessions,Within 0-100
5103,21,71,Medium,Medium,No,8,54,High,Yes,1,Medium,Medium,Private,Neutral,3,No,High School,Near,Male,64,16+ hours,4,70-79%,2,1+ sessions,Within 0-100
5104,20,78,Low,Medium,No,8,89,High,No,0,Medium,Medium,Private,Neutral,4,No,College,Near,Female,66,16+ hours,4,70-79%,2,No tutoring,Within 0-100
5105,22,88,Medium,Medium,Yes,5,87,Low,Yes,1,Low,High,Public,Neutral,3,No,Postgraduate,Near,Male,70,16+ hours,4,80-89%,3,1+ sessions,Within 0-100
5106,21,75,Medium,Low,Yes,8,75,High,Yes,1,Medium,Medium,Private,Negative,2,No,High School,Moderate,Male,65,16+ hours,4,70-79%,2,1+ sessions,Within 0-100
5107,14,97,Low,Medium,Yes,7,73,Medium,Yes,2,Medium,Low,Public,Positive,3,No,College,Moderate,Male,68,11-15 hours,3,90-100%,4,1+ sessions,Within 0-100
5108,20,64,Medium,Low,Yes,6,73,High,Yes,3,Medium,High,Public,Negative,5,No,Postgraduate,Far,Female,65,16+ hours,4,60-69%,1,1+ sessions,Within 0-100
5109,14,75,High,Medium,No,8,52,Medium,Yes,3,Medium,Medium,Public,Neutral,1,No,Postgraduate,Near,Male,65,11-15 hours,3,70-79%,2,1+ sessions,Within 0-100
5110,20,88,Medium,Medium,Yes,7,68,Medium,Yes,0,Low,High,Public,Positive,4,No,College,Near,Female,69,16+ hours,4,80-89%,3,No tutoring,Within 0-100
5111,17,69,Medium,Medium,No,10,56,Medium,Yes,1,Medium,Medium,Public,Neutral,4,No,High School,Near,Female,63,16+ hours,4,60-69%,1,1+ sessions,Within 0-100
5112,35,86,Low,Medium,No,8,59,Medium,Yes,2,Low,Low,Public,Positive,2,No,College,Moderate,Female,70,16+ hours,4,80-89%,3,1+ sessions,Within 0-100
5113,20,67,Low,Low,Yes,7,98,Medium,Yes,1,Medium,Medium,Public,Neutral,4,No,College,Near,Male,64,16+ hours,4,60-69%,1,1+ sessions,Within 0-100
5114,12,62,Medium,High,Yes,7,63,High,Yes,1,High,Medium,Public,Neutral,4,No,High School,Near,Female,62,11-15 hours,3,60-69%,1,1+ sessions,Within 0-100
5115,19,65,High,High,Yes,5,74,Medium,Yes,1,Low,Unknown,Private,Positive,3,No,High School,Near,Female,66,16+ hours,4,60-69%,1,1+ sessions,Within 0-100
5116,23,97,High,Low,Yes,9,94,High,Yes,2,Low,Medium,Public,Positive,3,No,High School,Moderate,Male,73,16+ hours,4,90-100%,4,1+ sessions,Within 0-100
5117,30,82,Medium,High,Yes,7,71,Medium,Yes,3,Low,High,Public,Neutral,3,No,Postgraduate,Far,Female,72,16+ hours,4,80-89%,3,1+ sessions,Within 0-100
5118,16,92,Medium,Medium,Yes,7,76,High,No,0,High,Medium,Private,Neutral,2,No,Postgraduate,Far,Male,68,16+ hours,4,90-100%,4,No tutoring,Within 0-100
5119,11,73,Medium,High,No,5,58,Medium,No,0,Medium,Medium,Private,Positive,4,No,College,Near,Male,62,11-15 hours,3,70-79%,2,No tutoring,Within 0-100
5120,25,84,Medium,Low,No,8,64,Medium,Yes,2,Low,Medium,Private,Neutral,4,No,High School,Unknown,Male,67,16+ hours,4,80-89%,3,1+ sessions,Within 0-100
5121,12,80,Medium,Low,No,6,75,Medium,Yes,1,Low,High,Public,Negative,4,No,High School,Moderate,Male,62,11-15 hours,3,80-89%,3,1+ sessions,Within 0-100
5122,17,98,High,High,No,6,68,Medium,Yes,2,Medium,Medium,Public,Positive,3,No,High School,Near,Male,72,16+ hours,4,90-100%,4,1+ sessions,Within 0-100
5123,18,90,Low,High,No,7,52,High,Yes,2,Medium,High,Public,Negative,2,No,High School,Near,Male,67,16+ hours,4,90-100%,4,1+ sessions,Within 0-100
5124,20,89,High,Medium,Yes,6,70,Low,Yes,1,Low,Medium,Private,Positive,3,No,High School,Moderate,Female,68,16+ hours,4,80-89%,3,1+ sessions,Within 0-100
5125,24,62,Low,High,Yes,6,91,Medium,Yes,2,Medium,Medium,Public,Neutral,3,No,High School,Moderate,Female,65,16+ hours,4,60-69%,1,1+ sessions,Within 0-100
5126,16,82,Medium,Medium,No,7,56,Low,Yes,0,High,High,Private,Negative,1,Yes,High School,Far,Female,79,16+ hours,4,80-89%,3,No tutoring,Within 0-100
5127,18,79,High,Low,No,9,51,High,Yes,2,Medium,Medium,Private,Positive,3,No,High School,Near,Male,66,16+ hours,4,70-79%,2,1+ sessions,Within 0-100
5128,20,97,Medium,Medium,Yes,8,56,Low,Yes,1,Low,Medium,Private,Neutral,2,No,High School,Near,Female,68,16+ hours,4,90-100%,4,1+ sessions,Within 0-100
5129,21,70,Low,Low,Yes,8,84,Medium,Yes,1,High,High,Public,Positive,3,Yes,Postgraduate,Near,Male,65,16+ hours,4,70-79%,2,1+ sessions,Within 0-100
5130,21,71,Medium,High,Yes,8,90,Medium,Yes,3,Low,Medium,Public,Neutral,4,No,High School,Moderate,Female,67,16+ hours,4,70-79%,2,1+ sessions,Within 0-100
5131,23,76,Medium,High,Yes,6,52,Low,Yes,3,Medium,Medium,Public,Neutral,4,No,College,Moderate,Male,67,16+ hours,4,70-79%,2,1+ sessions,Within 0-100
5132,25,70,Low,Medium,Yes,9,94,Medium,Yes,1,Medium,Unknown,Public,Neutral,4,No,High School,Moderate,Male,67,16+ hours,4,70-79%,2,1+ sessions,Within 0-100
5133,22,65,Medium,Medium,Yes,4,81,High,Yes,5,Medium,Medium,Public,Positive,4,No,College,Far,Female,68,16+ hours,4,60-69%,1,1+ sessions,Within 0-100
5134,23,94,Medium,High,No,8,76,Low,Yes,3,Medium,Medium,Public,Positive,3,No,High School,Moderate,Male,72,16+ hours,4,90-100%,4,1+ sessions,Within 0-100
5135,11,82,High,Medium,No,8,63,High,Yes,1,Medium,Medium,Public,Neutral,5,No,High School,Near,Male,65,11-15 hours,3,80-89%,3,1+ sessions,Within 0-100
5136,20,94,Low,Medium,No,7,69,Low,Yes,0,Low,Medium,Public,Positive,3,Yes,High School,Moderate,Female,65,16+ hours,4,90-100%,4,No tutoring,Within 0-100
5137,23,93,Medium,Medium,Yes,6,97,Low,No,1,Medium,Medium,Public,Positive,2,No,College,Moderate,Male,70,16+ hours,4,90-100%,4,1+ sessions,Within 0-100
5138,24,71,Medium,Medium,Yes,7,96,Medium,Yes,2,Low,Unknown,Public,Negative,2,No,High School,Near,Male,67,16+ hours,4,70-79%,2,1+ sessions,Within 0-100
5139,16,82,Medium,High,Yes,6,81,Medium,Yes,1,Medium,Medium,Private,Neutral,4,No,College,Near,Male,68,16+ hours,4,80-89%,3,1+ sessions,Within 0-100
5140,16,63,Medium,Medium,No,8,79,Medium,Yes,2,Low,High,Public,Positive,3,No,College,Moderate,Male,63,16+ hours,4,60-69%,1,1+ sessions,Within 0-100
5141,17,97,Medium,Medium,Yes,8,61,Low,Yes,2,Low,Medium,Public,Neutral,2,No,High School,Near,Male,68,16+ hours,4,90-100%,4,1+ sessions,Within 0-100
5142,23,76,Medium,High,Yes,8,98,Medium,Yes,0,Medium,Low,Public,Neutral,2,No,Postgraduate,Moderate,Female,69,16+ hours,4,70-79%,2,No tutoring,Within 0-100
5143,26,76,Low,Low,Yes,8,88,Low,Yes,2,Low,Low,Public,Positive,4,No,High School,Near,Male,66,16+ hours,4,70-79%,2,1+ sessions,Within 0-100
5144,18,72,High,Medium,Yes,8,69,High,No,2,High,Medium,Public,Neutral,4,Yes,High School,Far,Female,64,16+ hours,4,70-79%,2,1+ sessions,Within 0-100
5145,25,78,High,Low,Yes,8,91,Medium,Yes,3,Low,Medium,Public,Negative,4,No,High School,Near,Male,69,16+ hours,4,70-79%,2,1+ sessions,Within 0-100
5146,21,70,Low,Medium,No,6,61,Medium,Yes,1,Low,Medium,Public,Neutral,3,No,High School,Near,Male,62,16+ hours,4,70-79%,2,1+ sessions,Within 0-100
5147,19,75,Medium,High,Yes,5,61,High,Yes,0,Medium,Medium,Public,Negative,3,No,High School,Near,Female,65,16+ hours,4,70-79%,2,No tutoring,Within 0-100
5148,19,92,Medium,Medium,Yes,7,90,Medium,Yes,1,Low,High,Public,Positive,2,No,High School,Near,Female,70,16+ hours,4,90-100%,4,1+ sessions,Within 0-100
5149,24,93,Low,High,Yes,8,78,Medium,Yes,1,High,Medium,Public,Neutral,4,No,High School,Near,Female,72,16+ hours,4,90-100%,4,1+ sessions,Within 0-100
5150,22,72,Medium,Medium,No,5,78,High,Yes,1,Low,High,Public,Positive,3,No,High School,Near,Female,66,16+ hours,4,70-79%,2,1+ sessions,Within 0-100
5151,34,79,High,Low,Yes,7,79,Low,Yes,3,Medium,High,Private,Negative,2,Yes,High School,Moderate,Male,70,16+ hours,4,70-79%,2,1+ sessions,Within 0-100
5152,15,95,Medium,Medium,No,9,56,Medium,No,3,Low,High,Public,Positive,1,No,High School,Near,Male,67,11-15 hours,3,90-100%,4,1+ sessions,Within 0-100
5153,23,62,High,High,Yes,7,67,Low,Yes,1,Low,Medium,Public,Negative,4,No,Postgraduate,Moderate,Female,65,16+ hours,4,60-69%,1,1+ sessions,Within 0-100
5154,17,96,Medium,Low,Yes,9,79,Low,No,3,Medium,Medium,Private,Neutral,2,No,Postgraduate,Moderate,Male,68,16+ hours,4,90-100%,4,1+ sessions,Within 0-100
5155,15,69,Low,Medium,Yes,9,62,Low,Yes,2,Medium,High,Public,Neutral,3,No,High School,Moderate,Male,62,11-15 hours,3,60-69%,1,1+ sessions,Within 0-100
5156,20,87,Low,Medium,Yes,7,75,High,Yes,1,Low,Medium,Public,Negative,3,No,Postgraduate,Near,Male,68,16+ hours,4,80-89%,3,1+ sessions,Within 0-100
5157,21,83,High,Medium,No,6,78,Medium,Yes,2,High,High,Public,Positive,3,Yes,High School,Near,Female,69,16+ hours,4,80-89%,3,1+ sessions,Within 0-100
5158,38,82,Medium,Low,No,6,97,Low,Yes,2,Low,Medium,Private,Negative,3,No,College,Near,Male,72,16+ hours,4,80-89%,3,1+ sessions,Within 0-100
5159,19,94,Low,Medium,No,7,62,Medium,Yes,0,Medium,Medium,Public,Negative,3,Yes,High School,Moderate,Male,65,16+ hours,4,90-100%,4,No tutoring,Within 0-100
5160,13,64,Medium,High,Yes,5,72,Medium,Yes,2,Medium,Medium,Private,Neutral,2,No,Postgraduate,Moderate,Male,63,11-15 hours,3,60-69%,1,1+ sessions,Within 0-100
5161,22,74,High,High,Yes,5,99,Medium,Yes,0,Low,Medium,Public,Neutral,2,No,College,Near,Female,68,16+ hours,4,70-79%,2,No tutoring,Within 0-100
5162,8,82,High,Low,No,4,59,Medium,Yes,1,Medium,Medium,Public,Neutral,2,No,College,Near,Male,62,6-10 hours,2,80-89%,3,1+ sessions,Within 0-100
5163,19,92,Medium,Medium,Yes,7,89,Medium,No,0,Low,High,Private,Neutral,2,No,Postgraduate,Near,Male,69,16+ hours,4,90-100%,4,No tutoring,Within 0-100
5164,20,69,Medium,Low,No,10,59,Medium,Yes,2,High,High,Public,Positive,4,No,High School,Near,Female,65,16+ hours,4,60-69%,1,1+ sessions,Within 0-100
5165,25,92,High,Medium,No,4,93,High,Yes,3,High,Medium,Public,Neutral,2,No,High School,Near,Female,74,16+ hours,4,90-100%,4,1+ sessions,Within 0-100
5166,26,76,High,Low,Yes,7,74,Medium,Yes,4,Medium,High,Public,Positive,3,No,High School,Moderate,Female,70,16+ hours,4,70-79%,2,1+ sessions,Within 0-100
5167,17,68,Medium,Low,Yes,7,99,High,Yes,2,Medium,Medium,Public,Positive,3,No,High School,Near,Female,65,16+ hours,4,60-69%,1,1+ sessions,Within 0-100
5168,19,90,High,High,No,7,59,Low,Yes,3,High,Medium,Public,Neutral,3,No,College,Moderate,Male,70,16+ hours,4,90-100%,4,1+ sessions,Within 0-100
5169,15,64,Low,Low,Yes,9,84,Low,Yes,0,Medium,Medium,Public,Neutral,3,No,College,Far,Male,59,11-15 hours,3,60-69%,1,No tutoring,Within 0-100
5170,13,81,Low,Medium,Yes,6,85,Low,Yes,1,Low,Medium,Private,Neutral,3,No,High School,Moderate,Male,63,11-15 hours,3,80-89%,3,1+ sessions,Within 0-100
5171,22,63,Low,High,Yes,4,86,Low,Yes,0,Low,High,Public,Neutral,4,No,College,Near,Female,64,16+ hours,4,60-69%,1,No tutoring,Within 0-100
5172,12,74,Low,High,Yes,6,55,High,Yes,0,Medium,Low,Public,Positive,3,No,Postgraduate,Near,Male,63,11-15 hours,3,70-79%,2,No tutoring,Within 0-100
5173,18,84,High,Low,No,6,64,Medium,Yes,2,Low,High,Public,Positive,2,No,High School,Near,Female,67,16+ hours,4,80-89%,3,1+ sessions,Within 0-100
5174,14,82,Medium,Medium,Yes,4,67,Medium,Yes,1,High,Medium,Public,Neutral,4,No,High School,Moderate,Female,65,11-15 hours,3,80-89%,3,1+ sessions,Within 0-100
5175,23,76,Medium,Medium,No,7,66,Medium,Yes,2,Medium,Medium,Public,Neutral,3,No,College,Near,Male,67,16+ hours,4,70-79%,2,1+ sessions,Within 0-100
5176,31,77,High,Medium,No,5,84,Medium,Yes,2,High,High,Public,Positive,5,No,Unknown,Near,Male,73,16+ hours,4,70-79%,2,1+ sessions,Within 0-100
5177,12,69,High,High,Yes,7,53,Low,Yes,2,Low,High,Public,Neutral,3,No,College,Near,Male,64,11-15 hours,3,60-69%,1,1+ sessions,Within 0-100
5178,9,78,Low,High,No,6,87,Medium,Yes,0,Medium,High,Private,Positive,3,No,Postgraduate,Near,Male,65,6-10 hours,2,70-79%,2,No tutoring,Within 0-100
5179,19,98,Medium,High,Yes,5,76,Medium,Yes,2,Medium,Medium,Private,Positive,3,No,High School,Moderate,Male,72,16+ hours,4,90-100%,4,1+ sessions,Within 0-100
5180,20,94,High,Medium,No,8,59,High,Yes,3,Medium,Medium,Public,Positive,4,No,High School,Near,Female,72,16+ hours,4,90-100%,4,1+ sessions,Within 0-100
5181,21,66,High,Medium,No,7,61,Medium,Yes,2,High,High,Public,Neutral,2,No,College,Near,Male,66,16+ hours,4,60-69%,1,1+ sessions,Within 0-100
5182,17,61,High,Medium,Yes,7,55,High,Yes,1,Medium,Medium,Private,Negative,2,Yes,College,Near,Male,62,16+ hours,4,60-69%,1,1+ sessions,Within 0-100
5183,19,97,Low,Medium,No,8,73,Medium,Yes,2,Medium,Medium,Private,Negative,1,No,College,Near,Male,68,16+ hours,4,90-100%,4,1+ sessions,Within 0-100
5184,22,81,Medium,Low,Yes,7,80,Low,Yes,1,Medium,Medium,Public,Positive,3,No,College,Moderate,Female,67,16+ hours,4,80-89%,3,1+ sessions,Within 0-100
5185,26,82,High,Low,No,7,79,Medium,Yes,1,Medium,Medium,Public,Positive,2,Yes,Postgraduate,Near,Female,69,16+ hours,4,80-89%,3,1+ sessions,Within 0-100
5186,8,91,High,Low,No,6,98,Medium,Yes,1,Medium,Medium,Private,Positive,3,No,High School,Near,Female,67,6-10 hours,2,90-100%,4,1+ sessions,Within 0-100
5187,18,73,Medium,Medium,No,5,65,Medium,Yes,1,Low,High,Public,Negative,3,No,College,Moderate,Female,63,16+ hours,4,70-79%,2,1+ sessions,Within 0-100
5188,21,79,Low,Medium,Yes,7,88,Low,Yes,0,Low,Medium,Private,Negative,4,No,High School,Moderate,Male,65,16+ hours,4,70-79%,2,No tutoring,Within 0-100
5189,14,99,High,Medium,No,6,86,Low,Yes,2,High,High,Private,Negative,4,No,College,Near,Male,71,11-15 hours,3,90-100%,4,1+ sessions,Within 0-100
5190,30,87,Medium,Medium,No,8,53,Low,Yes,1,Low,High,Private,Neutral,1,No,Postgraduate,Near,Male,70,16+ hours,4,80-89%,3,1+ sessions,Within 0-100
5191,16,66,Medium,Medium,Yes,7,97,Medium,Yes,5,Low,High,Public,Positive,3,No,Postgraduate,Near,Male,68,16+ hours,4,60-69%,1,1+ sessions,Within 0-100
5192,20,65,Medium,Medium,Yes,8,97,High,Yes,0,Low,Medium,Public,Negative,3,No,College,Near,Female,65,16+ hours,4,60-69%,1,No tutoring,Within 0-100
5193,23,68,Medium,High,Yes,6,70,Medium,Yes,4,Medium,Medium,Public,Positive,2,No,High School,Near,Male,68,16+ hours,4,60-69%,1,1+ sessions,Within 0-100
5194,16,91,Medium,Medium,Yes,5,71,Medium,Yes,2,High,Medium,Public,Negative,3,No,College,Near,Male,69,16+ hours,4,90-100%,4,1+ sessions,Within 0-100
5195,9,72,Medium,High,Yes,10,91,Medium,No,1,High,Medium,Public,Neutral,2,No,High School,Far,Female,62,6-10 hours,2,70-79%,2,1+ sessions,Within 0-100
5196,17,61,Low,High,Yes,7,75,Medium,No,2,Medium,High,Public,Negative,4,No,College,Near,Female,62,16+ hours,4,60-69%,1,1+ sessions,Within 0-100
5197,26,98,High,Low,No,8,90,Low,Yes,1,High,Low,Public,Positive,2,Yes,Postgraduate,Moderate,Female,72,16+ hours,4,90-100%,4,1+ sessions,Within 0-100
5198,18,67,High,Medium,No,5,52,High,Yes,0,Medium,Medium,Private,Neutral,4,No,Postgraduate,Moderate,Male,64,16+ hours,4,60-69%,1,No tutoring,Within 0-100
5199,15,60,High,Medium,No,7,63,Low,Yes,0,Low,High,Public,Positive,1,Yes,High School,Far,Female,58,11-15 hours,3,60-69%,1,No tutoring,Within 0-100
5200,26,69,High,Medium,No,9,55,Low,Yes,1,Low,Medium,Public,Neutral,3,No,College,Near,Male,66,16+ hours,4,60-69%,1,1+ sessions,Within 0-100
5201,18,69,Medium,Low,Yes,5,73,Low,Yes,1,Low,High,Public,Positive,4,No,Postgraduate,Moderate,Male,64,16+ hours,4,60-69%,1,1+ sessions,Within 0-100
5202,17,77,Medium,High,Yes,10,93,Low,Yes,3,High,High,Private,Positive,1,No,College,Far,Female,68,16+ hours,4,70-79%,2,1+ sessions,Within 0-100
5203,21,97,Low,Low,No,7,78,Medium,Yes,0,High,Medium,Public,Neutral,3,No,Postgraduate,Near,Female,69,16+ hours,4,90-100%,4,No tutoring,Within 0-100
5204,25,95,Low,High,No,6,76,Medium,Yes,1,Low,Medium,Public,Positive,5,No,High School,Near,Male,71,16+ hours,4,90-100%,4,1+ sessions,Within 0-100
5205,34,78,Medium,High,Yes,8,68,Medium,Yes,1,Medium,Medium,Public,Negative,2,No,College,Near,Male,71,16+ hours,4,70-79%,2,1+ sessions,Within 0-100
5206,25,76,Medium,Medium,Yes,9,53,Medium,Yes,0,High,High,Private,Positive,3,No,High School,Moderate,Male,67,16+ hours,4,70-79%,2,No tutoring,Within 0-100
5207,27,82,High,Low,Yes,6,88,Medium,Yes,2,High,High,Private,Neutral,3,No,High School,Near,Male,71,16+ hours,4,80-89%,3,1+ sessions,Within 0-100
5208,17,70,Medium,Medium,Yes,6,79,Low,Yes,2,Medium,Medium,Public,Positive,3,No,High School,Unknown,Female,64,16+ hours,4,70-79%,2,1+ sessions,Within 0-100
5209,14,62,Medium,Medium,Yes,7,97,High,Yes,0,Medium,Medium,Public,Positive,1,No,High School,Moderate,Male,62,11-15 hours,3,60-69%,1,No tutoring,Within 0-100
5210,20,98,Medium,Medium,No,8,72,Medium,Yes,1,High,Medium,Public,Negative,4,No,High School,Near,Female,70,16+ hours,4,90-100%,4,1+ sessions,Within 0-100
5211,21,67,Low,High,No,7,70,Low,Yes,2,Low,Medium,Private,Negative,2,No,Postgraduate,Moderate,Female,63,16+ hours,4,60-69%,1,1+ sessions,Within 0-100
5212,14,68,High,Medium,Yes,8,99,High,Yes,0,High,Medium,Public,Positive,3,No,High School,Near,Female,66,11-15 hours,3,60-69%,1,No tutoring,Within 0-100
5213,19,79,Medium,Medium,Yes,8,57,Low,Yes,2,Low,Low,Public,Positive,3,No,High School,Moderate,Male,65,16+ hours,4,70-79%,2,1+ sessions,Within 0-100
5214,22,80,Medium,High,No,7,63,Medium,Yes,1,High,Medium,Public,Positive,3,No,College,Near,Male,69,16+ hours,4,80-89%,3,1+ sessions,Within 0-100
5215,22,61,High,Low,Yes,6,74,Medium,Yes,1,Low,Medium,Public,Negative,3,No,High School,Near,Male,63,16+ hours,4,60-69%,1,1+ sessions,Within 0-100
5216,23,66,Medium,Medium,No,7,76,Low,Yes,1,High,Medium,Public,Neutral,2,No,College,Moderate,Male,64,16+ hours,4,60-69%,1,1+ sessions,Within 0-100
5217,22,75,Medium,Medium,Yes,10,77,High,Yes,2,Low,Low,Public,Neutral,2,No,High School,Near,Male,66,16+ hours,4,70-79%,2,1+ sessions,Within 0-100
5218,17,87,Medium,Medium,Yes,7,61,Medium,Yes,4,High,Medium,Public,Negative,3,Yes,High School,Near,Female,67,16+ hours,4,80-89%,3,1+ sessions,Within 0-100
5219,17,69,High,High,Yes,9,96,Medium,Yes,2,Low,Medium,Public,Negative,3,No,College,Far,Male,66,16+ hours,4,60-69%,1,1+ sessions,Within 0-100
5220,13,77,Low,High,No,6,85,Low,Yes,2,Low,Medium,Public,Neutral,4,No,Postgraduate,Near,Female,65,11-15 hours,3,70-79%,2,1+ sessions,Within 0-100
5221,31,82,High,Medium,Yes,7,63,Medium,No,2,High,Medium,Private,Positive,2,No,Postgraduate,Moderate,Male,72,16+ hours,4,80-89%,3,1+ sessions,Within 0-100
5222,20,96,High,Medium,Yes,8,65,High,Yes,0,Medium,Low,Public,Neutral,2,No,High School,Near,Female,70,16+ hours,4,90-100%,4,No tutoring,Within 0-100
5223,19,73,Medium,Medium,Yes,9,94,Medium,Yes,1,High,Low,Public,Positive,1,No,College,Near,Female,67,16+ hours,4,70-79%,2,1+ sessions,Within 0-100
5224,14,65,Medium,High,No,9,69,Low,Yes,4,Medium,Unknown,Public,Neutral,3,No,College,Near,Male,64,11-15 hours,3,60-69%,1,1+ sessions,Within 0-100
5225,38,80,High,Medium,No,5,78,Medium,Yes,1,Low,Medium,Public,Positive,4,No,College,Far,Female,72,16+ hours,4,80-89%,3,1+ sessions,Within 0-100
5226,14,90,Medium,Medium,Yes,9,56,Medium,Yes,0,Low,Medium,Public,Neutral,4,No,High School,Near,Female,65,11-15 hours,3,90-100%,4,No tutoring,Within 0-100
5227,17,64,High,Low,Yes,10,63,Medium,Yes,0,High,Medium,Public,Positive,3,No,High School,Moderate,Female,62,16+ hours,4,60-69%,1,No tutoring,Within 0-100
5228,22,77,Medium,High,No,6,71,High,Yes,3,Low,Medium,Public,Negative,4,No,High School,Far,Female,67,16+ hours,4,70-79%,2,1+ sessions,Within 0-100
5229,24,61,Medium,Medium,No,6,83,High,Yes,0,Medium,Medium,Public,Positive,3,Yes,High School,Near,Male,64,16+ hours,4,60-69%,1,No tutoring,Within 0-100
5230,26,61,Medium,Medium,No,7,64,Low,Yes,0,Medium,Medium,Private,Negative,3,No,Postgraduate,Unknown,Male,63,16+ hours,4,60-69%,1,No tutoring,Within 0-100
5231,31,79,Medium,High,No,7,98,Medium,Yes,1,Medium,High,Public,Neutral,2,No,College,Moderate,Male,72,16+ hours,4,70-79%,2,1+ sessions,Within 0-100
5232,23,72,Low,Medium,No,6,61,High,Yes,1,High,Medium,Public,Positive,5,No,High School,Near,Male,66,16+ hours,4,70-79%,2,1+ sessions,Within 0-100
5233,14,94,High,Medium,Yes,5,89,Medium,Yes,0,Medium,Medium,Public,Positive,1,No,Postgraduate,Near,Female,70,11-15 hours,3,90-100%,4,No tutoring,Within 0-100
5234,18,84,Medium,Low,Yes,9,68,Low,Yes,0,Medium,High,Private,Negative,2,No,Postgraduate,Near,Female,66,16+ hours,4,80-89%,3,No tutoring,Within 0-100
5235,22,78,High,High,No,6,92,Low,Yes,1,High,High,Public,Positive,3,No,High School,Moderate,Male,70,16+ hours,4,70-79%,2,1+ sessions,Within 0-100
5236,32,76,Low,Low,Yes,6,96,Low,Yes,0,Low,High,Public,Neutral,2,No,High School,Moderate,Female,67,16+ hours,4,70-79%,2,No tutoring,Within 0-100
5237,12,80,Medium,Medium,Yes,7,59,High,Yes,1,Low,High,Public,Positive,2,No,High School,Near,Female,64,11-15 hours,3,80-89%,3,1+ sessions,Within 0-100
5238,27,62,High,Medium,No,5,75,Medium,Yes,2,Medium,High,Public,Positive,2,No,Unknown,Near,Male,67,16+ hours,4,60-69%,1,1+ sessions,Within 0-100
5239,21,96,High,High,Yes,5,58,Medium,Yes,0,High,High,Public,Neutral,4,No,College,Far,Male,72,16+ hours,4,90-100%,4,No tutoring,Within 0-100
5240,25,100,High,Low,No,6,85,Low,Yes,1,Medium,Medium,Public,Positive,3,No,High School,Near,Male,72,16+ hours,4,90-100%,4,1+ sessions,Within 0-100
5241,19,67,High,Medium,Yes,8,92,Low,Yes,2,High,Medium,Public,Neutral,5,No,Postgraduate,Moderate,Female,68,16+ hours,4,60-69%,1,1+ sessions,Within 0-100
5242,15,65,Medium,Medium,Yes,7,69,Medium,Yes,1,High,Medium,Public,Neutral,3,No,Postgraduate,Near,Female,64,11-15 hours,3,60-69%,1,1+ sessions,Within 0-100
5243,25,66,High,Medium,Yes,4,70,Medium,No,1,High,Medium,Public,Positive,3,No,High School,Moderate,Male,66,16+ hours,4,60-69%,1,1+ sessions,Within 0-100
5244,24,86,Low,High,No,9,60,Medium,Yes,0,Low,High,Private,Positive,3,No,College,Far,Male,68,16+ hours,4,80-89%,3,No tutoring,Within 0-100
5245,26,86,Low,Low,No,8,65,Low,Yes,0,Low,High,Public,Neutral,4,No,High School,Near,Female,66,16+ hours,4,80-89%,3,No tutoring,Within 0-100
5246,20,94,Low,High,Yes,7,66,High,Yes,1,Low,High,Private,Positive,1,No,High School,Near,Female,70,16+ hours,4,90-100%,4,1+ sessions,Within 0-100
5247,16,90,High,High,Yes,7,58,High,Yes,1,Low,Medium,Public,Neutral,4,No,Postgraduate,Near,Female,70,16+ hours,4,90-100%,4,1+ sessions,Within 0-100
5248,11,78,Low,High,Yes,8,65,Medium,Yes,0,Medium,Unknown,Private,Neutral,2,No,High School,Unknown,Female,62,11-15 hours,3,70-79%,2,No tutoring,Within 0-100
5249,25,85,Low,Medium,Yes,10,95,Medium,Yes,0,Medium,Low,Public,Positive,1,No,College,Near,Male,69,16+ hours,4,80-89%,3,No tutoring,Within 0-100
5250,23,88,Medium,Medium,Yes,8,66,Low,Yes,2,Medium,High,Private,Positive,2,No,College,Moderate,Male,69,16+ hours,4,80-89%,3,1+ sessions,Within 0-100
5251,14,81,Medium,Medium,Yes,7,64,Medium,Yes,2,Medium,Medium,Public,Positive,4,Yes,College,Near,Male,66,11-15 hours,3,80-89%,3,1+ sessions,Within 0-100
5252,17,79,High,High,No,5,69,Medium,Yes,4,Low,Medium,Public,Negative,3,No,Postgraduate,Near,Female,68,16+ hours,4,70-79%,2,1+ sessions,Within 0-100
5253,17,86,Medium,High,No,7,98,Medium,Yes,2,Low,High,Public,Positive,5,No,Postgraduate,Moderate,Male,71,16+ hours,4,80-89%,3,1+ sessions,Within 0-100
5254,11,82,Medium,Medium,Yes,8,88,Medium,No,1,Low,Medium,Private,Negative,2,No,Postgraduate,Moderate,Female,64,11-15 hours,3,80-89%,3,1+ sessions,Within 0-100
5255,15,86,Low,High,No,7,60,Medium,Yes,2,Medium,Medium,Public,Positive,3,No,College,Near,Male,67,11-15 hours,3,80-89%,3,1+ sessions,Within 0-100
5256,13,85,Medium,High,Yes,6,88,Medium,Yes,2,Medium,High,Public,Positive,3,No,High School,Moderate,Female,68,11-15 hours,3,80-89%,3,1+ sessions,Within 0-100
5257,18,89,Low,High,Yes,8,88,Low,Yes,0,High,Unknown,Public,Negative,1,No,Unknown,Moderate,Male,67,16+ hours,4,80-89%,3,No tutoring,Within 0-100
5258,16,86,Medium,Medium,No,6,98,High,Yes,1,Low,Medium,Public,Neutral,3,No,Postgraduate,Near,Male,68,16+ hours,4,80-89%,3,1+ sessions,Within 0-100
5259,10,81,Medium,High,Yes,8,95,Medium,Yes,5,Low,High,Public,Positive,3,No,High School,Near,Female,69,6-10 hours,2,80-89%,3,1+ sessions,Within 0-100
5260,32,87,Medium,High,Yes,6,55,Medium,Yes,0,Low,High,Public,Neutral,3,No,High School,Near,Male,71,16+ hours,4,80-89%,3,No tutoring,Within 0-100
5261,28,78,High,Low,Yes,4,73,Low,No,3,Low,Medium,Private,Positive,4,No,High School,Moderate,Female,68,16+ hours,4,70-79%,2,1+ sessions,Within 0-100
5262,15,70,High,High,No,6,85,High,Yes,0,Low,Medium,Private,Positive,2,No,College,Moderate,Male,65,11-15 hours,3,70-79%,2,No tutoring,Within 0-100
5263,22,60,Low,Medium,No,7,99,Medium,Yes,1,Low,High,Public,Neutral,3,No,College,Moderate,Male,63,16+ hours,4,60-69%,1,1+ sessions,Within 0-100
5264,23,82,Low,Medium,Yes,8,54,Medium,Yes,0,Medium,High,Public,Negative,1,No,High School,Near,Female,65,16+ hours,4,80-89%,3,No tutoring,Within 0-100
5265,27,84,High,High,No,8,68,Low,Yes,3,Low,High,Private,Positive,2,Yes,Postgraduate,Near,Female,72,16+ hours,4,80-89%,3,1+ sessions,Within 0-100
5266,15,99,Low,Medium,Yes,5,75,Low,Yes,2,Medium,Low,Public,Neutral,1,No,College,Moderate,Male,67,11-15 hours,3,90-100%,4,1+ sessions,Within 0-100
5267,27,74,Medium,High,No,7,71,Medium,Yes,1,Medium,Medium,Public,Positive,3,No,High School,Near,Female,69,16+ hours,4,70-79%,2,1+ sessions,Within 0-100
5268,17,76,Medium,Medium,No,6,73,Medium,Yes,3,Low,High,Private,Neutral,3,No,Postgraduate,Near,Male,67,16+ hours,4,70-79%,2,1+ sessions,Within 0-100
5269,12,68,High,Medium,Yes,6,68,Low,Yes,2,Medium,Medium,Public,Positive,4,No,College,Near,Male,64,11-15 hours,3,60-69%,1,1+ sessions,Within 0-100
5270,24,63,Medium,Low,No,6,99,Low,No,0,Low,Medium,Public,Positive,3,No,High School,Moderate,Female,62,16+ hours,4,60-69%,1,No tutoring,Within 0-100
5271,28,91,Low,Medium,No,7,90,Medium,Yes,2,High,Low,Private,Neutral,3,No,High School,Near,Male,71,16+ hours,4,90-100%,4,1+ sessions,Within 0-100
5272,36,70,Low,High,No,10,87,Medium,Yes,2,Low,Medium,Public,Positive,3,No,Unknown,Near,Male,70,16+ hours,4,70-79%,2,1+ sessions,Within 0-100
5273,13,84,Low,Medium,No,10,71,Low,Yes,1,Medium,High,Public,Neutral,3,No,College,Moderate,Male,64,11-15 hours,3,80-89%,3,1+ sessions,Within 0-100
5274,24,88,Medium,Medium,Yes,6,94,Medium,Yes,0,Low,Medium,Private,Negative,2,No,Postgraduate,Moderate,Male,69,16+ hours,4,80-89%,3,No tutoring,Within 0-100
5275,18,79,Medium,Medium,Yes,7,55,Medium,Yes,1,Low,High,Public,Positive,3,No,High School,Moderate,Female,65,16+ hours,4,70-79%,2,1+ sessions,Within 0-100
5276,25,95,High,High,Yes,7,57,Medium,Yes,2,High,Medium,Private,Negative,2,No,College,Moderate,Female,73,16+ hours,4,90-100%,4,1+ sessions,Within 0-100
5277,11,78,Medium,Low,Yes,7,98,Low,Yes,2,Medium,Medium,Public,Neutral,3,No,High School,Near,Female,64,11-15 hours,3,70-79%,2,1+ sessions,Within 0-100
5278,12,71,Medium,High,Yes,8,78,Low,Yes,2,Medium,Medium,Public,Negative,2,No,Postgraduate,Near,Female,64,11-15 hours,3,70-79%,2,1+ sessions,Within 0-100
5279,15,96,Medium,Medium,Yes,7,58,Medium,Yes,3,Medium,Medium,Public,Neutral,4,No,Postgraduate,Moderate,Male,70,11-15 hours,3,90-100%,4,1+ sessions,Within 0-100
5280,20,94,Low,Low,Yes,6,97,Low,Yes,2,Medium,Medium,Public,Positive,5,No,College,Near,Male,70,16+ hours,4,90-100%,4,1+ sessions,Within 0-100
5281,16,67,High,High,No,9,99,Medium,Yes,2,Medium,Medium,Public,Neutral,2,Yes,High School,Moderate,Male,64,16+ hours,4,60-69%,1,1+ sessions,Within 0-100
5282,24,61,Low,Medium,No,5,94,Medium,Yes,3,Medium,High,Private,Neutral,2,Yes,College,Moderate,Female,64,16+ hours,4,60-69%,1,1+ sessions,Within 0-100
5283,26,64,Medium,Medium,Yes,7,62,High,Yes,3,Medium,High,Private,Negative,2,No,High School,Near,Male,66,16+ hours,4,60-69%,1,1+ sessions,Within 0-100
5284,24,71,Low,High,Yes,5,64,Medium,Yes,1,Medium,Medium,Public,Neutral,3,No,College,Near,Male,66,16+ hours,4,70-79%,2,1+ sessions,Within 0-100
5285,30,99,Medium,Medium,Yes,5,70,Low,Yes,2,Medium,Medium,Public,Neutral,4,No,High School,Near,Female,74,16+ hours,4,90-100%,4,1+ sessions,Within 0-100
5286,22,82,High,High,No,8,79,Medium,No,2,Medium,Medium,Public,Negative,1,No,College,Near,Female,69,16+ hours,4,80-89%,3,1+ sessions,Within 0-100
5287,13,75,Low,High,Yes,6,100,High,Yes,1,Medium,Medium,Public,Positive,3,No,Postgraduate,Near,Male,67,11-15 hours,3,70-79%,2,1+ sessions,Within 0-100
5288,28,96,Medium,Medium,No,4,98,High,Yes,5,Low,Medium,Public,Neutral,5,Yes,High School,Far,Male,73,16+ hours,4,90-100%,4,1+ sessions,Within 0-100
5289,16,78,Low,Medium,No,6,96,High,Yes,0,Medium,Medium,Public,Positive,1,No,Postgraduate,Near,Female,66,16+ hours,4,70-79%,2,No tutoring,Within 0-100
5290,25,73,High,Medium,No,6,54,High,Yes,2,Medium,Medium,Public,Neutral,4,No,High School,Moderate,Female,67,16+ hours,4,70-79%,2,1+ sessions,Within 0-100
5291,29,98,Medium,High,Yes,5,88,Low,Yes,3,Low,Medium,Public,Neutral,2,No,College,Near,Male,75,16+ hours,4,90-100%,4,1+ sessions,Within 0-100
5292,23,94,Medium,High,Yes,8,94,Low,Yes,2,Medium,High,Public,Positive,2,No,High School,Near,Male,73,16+ hours,4,90-100%,4,1+ sessions,Within 0-100
5293,11,94,Medium,Medium,No,5,67,Medium,Yes,2,High,Medium,Public,Neutral,5,No,High School,Near,Female,67,11-15 hours,3,90-100%,4,1+ sessions,Within 0-100
5294,14,80,High,Low,Yes,6,61,Medium,Yes,0,Medium,High,Public,Neutral,4,No,College,Moderate,Female,65,11-15 hours,3,80-89%,3,No tutoring,Within 0-100
5295,28,92,Medium,Medium,Yes,7,87,Low,Yes,1,Low,Low,Public,Positive,1,No,High School,Near,Female,71,16+ hours,4,90-100%,4,1+ sessions,Within 0-100
5296,19,67,Medium,Medium,Yes,6,55,Low,Yes,1,Medium,Medium,Public,Neutral,4,No,High School,Near,Male,63,16+ hours,4,60-69%,1,1+ sessions,Within 0-100
5297,20,83,Medium,Low,Yes,6,97,High,Yes,2,Low,High,Public,Neutral,4,No,High School,Moderate,Female,68,16+ hours,4,80-89%,3,1+ sessions,Within 0-100
5298,25,99,Medium,High,No,6,58,High,Yes,0,Medium,Medium,Private,Positive,4,No,High School,Near,Male,72,16+ hours,4,90-100%,4,No tutoring,Within 0-100
5299,24,72,Low,High,Yes,5,73,Low,Yes,2,Medium,High,Public,Positive,2,No,High School,Near,Male,67,16+ hours,4,70-79%,2,1+ sessions,Within 0-100
5300,22,92,Medium,High,No,6,99,Low,Yes,1,Medium,Medium,Public,Negative,4,No,College,Near,Female,71,16+ hours,4,90-100%,4,1+ sessions,Within 0-100
5301,19,80,Low,Low,No,8,99,High,Yes,1,Low,Medium,Public,Positive,4,No,Postgraduate,Near,Male,67,16+ hours,4,80-89%,3,1+ sessions,Within 0-100
5302,18,62,Medium,High,Yes,6,89,Medium,Yes,0,High,High,Private,Positive,3,No,Postgraduate,Near,Female,66,16+ hours,4,60-69%,1,No tutoring,Within 0-100
5303,25,91,Medium,High,No,7,92,Medium,Yes,3,Low,Medium,Public,Negative,5,No,High School,Near,Male,72,16+ hours,4,90-100%,4,1+ sessions,Within 0-100
5304,23,67,Low,Low,No,9,98,Medium,Yes,2,Low,High,Public,Negative,0,No,College,Near,Female,64,16+ hours,4,60-69%,1,1+ sessions,Within 0-100
5305,18,85,Medium,Medium,No,8,96,Medium,Yes,0,High,High,Public,Negative,3,No,College,Moderate,Male,68,16+ hours,4,80-89%,3,No tutoring,Within 0-100
5306,26,63,High,High,No,5,81,Medium,Yes,0,Low,Medium,Public,Negative,2,No,High School,Moderate,Female,65,16+ hours,4,60-69%,1,No tutoring,Within 0-100
5307,19,98,Medium,High,Yes,8,87,High,Yes,1,Medium,Medium,Private,Positive,4,No,Postgraduate,Moderate,Male,74,16+ hours,4,90-100%,4,1+ sessions,Within 0-100
5308,15,72,Medium,Low,Yes,9,80,Medium,Yes,4,Medium,High,Private,Neutral,4,No,College,Moderate,Female,65,11-15 hours,3,70-79%,2,1+ sessions,Within 0-100
5309,15,69,High,Low,Yes,6,75,Medium,No,2,Low,High,Public,Positive,2,No,High School,Near,Female,63,11-15 hours,3,60-69%,1,1+ sessions,Within 0-100
5310,14,65,Medium,Medium,Yes,5,94,Medium,Yes,5,Low,Medium,Private,Negative,3,No,Postgraduate,Moderate,Male,65,11-15 hours,3,60-69%,1,1+ sessions,Within 0-100
5311,18,98,Low,High,Yes,6,87,Medium,Yes,0,Medium,Medium,Public,Neutral,1,No,High School,Near,Male,70,16+ hours,4,90-100%,4,No tutoring,Within 0-100
5312,27,88,Medium,High,Yes,7,93,Medium,Yes,0,Low,Medium,Public,Neutral,4,No,High School,Moderate,Male,71,16+ hours,4,80-89%,3,No tutoring,Within 0-100
5313,15,90,Medium,Medium,Yes,8,55,Medium,Yes,1,Low,Medium,Public,Neutral,1,No,College,Near,Female,66,11-15 hours,3,90-100%,4,1+ sessions,Within 0-100
5314,21,80,Medium,Medium,Yes,6,79,Low,Yes,2,Medium,High,Public,Positive,3,No,College,Near,Male,69,16+ hours,4,80-89%,3,1+ sessions,Within 0-100
5315,16,79,Medium,High,Yes,4,66,High,Yes,2,Medium,Medium,Public,Neutral,2,No,College,Moderate,Male,67,16+ hours,4,70-79%,2,1+ sessions,Within 0-100
5316,18,64,Medium,High,Yes,5,76,Low,Yes,1,Low,Medium,Public,Positive,4,No,High School,Moderate,Male,64,16+ hours,4,60-69%,1,1+ sessions,Within 0-100
5317,11,82,High,High,No,8,81,High,Yes,2,Low,High,Public,Positive,2,No,High School,Moderate,Female,67,11-15 hours,3,80-89%,3,1+ sessions,Within 0-100
5318,19,70,Medium,High,Yes,10,92,Medium,Yes,1,Low,High,Public,Positive,4,No,High School,Near,Male,67,16+ hours,4,70-79%,2,1+ sessions,Within 0-100
5319,19,99,High,Medium,No,7,52,Medium,Yes,1,Medium,Medium,Public,Neutral,4,No,High School,Near,Male,70,16+ hours,4,90-100%,4,1+ sessions,Within 0-100
5320,23,92,High,High,No,9,58,Medium,Yes,2,Low,Medium,Private,Neutral,1,No,Postgraduate,Near,Female,71,16+ hours,4,90-100%,4,1+ sessions,Within 0-100
5321,21,77,Medium,Low,Yes,5,96,High,Yes,2,Low,High,Private,Neutral,5,No,High School,Near,Female,68,16+ hours,4,70-79%,2,1+ sessions,Within 0-100
5322,13,66,High,High,No,6,98,Low,Yes,1,High,High,Public,Positive,2,No,High School,Near,Male,65,11-15 hours,3,60-69%,1,1+ sessions,Within 0-100
5323,27,91,Medium,Medium,No,4,53,Medium,Yes,1,Low,Medium,Private,Positive,3,No,Postgraduate,Near,Female,70,16+ hours,4,90-100%,4,1+ sessions,Within 0-100
5324,21,65,Medium,High,Yes,8,67,Low,No,1,Low,Unknown,Public,Positive,4,No,High School,Near,Female,64,16+ hours,4,60-69%,1,1+ sessions,Within 0-100
5325,21,68,High,High,Yes,6,50,High,Yes,3,Medium,Low,Private,Neutral,4,No,High School,Near,Male,67,16+ hours,4,60-69%,1,1+ sessions,Within 0-100
5326,20,68,Low,Low,No,8,88,Medium,Yes,5,Low,Low,Private,Neutral,3,No,High School,Moderate,Male,63,16+ hours,4,60-69%,1,1+ sessions,Within 0-100
5327,17,82,Medium,Low,Yes,6,84,High,Yes,2,Low,Low,Public,Negative,3,No,High School,Moderate,Female,65,16+ hours,4,80-89%,3,1+ sessions,Within 0-100
5328,21,91,Medium,Medium,Yes,10,78,High,Yes,2,Low,High,Public,Negative,2,No,High School,Near,Male,70,16+ hours,4,90-100%,4,1+ sessions,Within 0-100
5329,23,73,Medium,High,No,10,85,Medium,Yes,1,Low,Medium,Public,Neutral,3,No,College,Near,Male,67,16+ hours,4,70-79%,2,1+ sessions,Within 0-100
5330,10,63,Medium,High,No,4,77,Low,No,3,Low,Medium,Private,Neutral,3,No,High School,Near,Male,60,6-10 hours,2,60-69%,1,1+ sessions,Within 0-100
5331,17,79,Low,High,No,8,62,Low,Yes,1,Low,Medium,Public,Neutral,3,No,High School,Near,Female,64,16+ hours,4,70-79%,2,1+ sessions,Within 0-100
5332,18,90,Low,Medium,No,6,88,Low,Yes,1,Medium,Medium,Private,Negative,1,No,High School,Moderate,Female,65,16+ hours,4,90-100%,4,1+ sessions,Within 0-100
5333,22,69,Medium,Medium,No,8,89,Low,No,0,Low,High,Public,Positive,5,No,High School,Moderate,Female,64,16+ hours,4,60-69%,1,No tutoring,Within 0-100
5334,27,69,Medium,Low,Yes,5,93,Medium,Yes,1,Medium,Medium,Public,Positive,4,No,College,Moderate,Male,67,16+ hours,4,60-69%,1,1+ sessions,Within 0-100
5335,15,98,Medium,Medium,Yes,9,98,High,Yes,0,Medium,Medium,Private,Positive,3,No,High School,Near,Female,71,11-15 hours,3,90-100%,4,No tutoring,Within 0-100
5336,17,98,Medium,Medium,No,9,87,Low,Yes,0,High,Medium,Private,Positive,3,No,High School,Moderate,Female,69,16+ hours,4,90-100%,4,No tutoring,Within 0-100
5337,17,100,Medium,High,Yes,5,53,Low,Yes,1,Medium,High,Public,Positive,4,No,High School,Near,Male,70,16+ hours,4,90-100%,4,1+ sessions,Within 0-100
5338,15,92,Medium,Medium,Yes,7,51,Medium,Yes,1,High,High,Public,Positive,3,No,College,Near,Female,69,11-15 hours,3,90-100%,4,1+ sessions,Within 0-100
5339,18,68,High,High,Yes,7,87,High,Yes,3,Medium,Medium,Public,Positive,4,No,High School,Near,Male,69,16+ hours,4,60-69%,1,1+ sessions,Within 0-100
5340,25,68,Low,Medium,Yes,8,53,Low,Yes,2,Medium,Unknown,Public,Neutral,3,No,College,Moderate,Female,64,16+ hours,4,60-69%,1,1+ sessions,Within 0-100
5341,14,74,Low,Medium,Yes,7,66,Medium,Yes,0,Medium,High,Private,Negative,3,No,Postgraduate,Near,Male,63,11-15 hours,3,70-79%,2,No tutoring,Within 0-100
5342,23,73,High,Medium,No,8,57,Medium,Yes,3,Medium,Medium,Public,Positive,2,No,College,Near,Male,67,16+ hours,4,70-79%,2,1+ sessions,Within 0-100
5343,10,98,Medium,Medium,No,7,98,Low,No,0,Medium,Medium,Public,Neutral,3,No,College,Moderate,Female,66,6-10 hours,2,90-100%,4,No tutoring,Within 0-100
5344,17,92,Medium,High,Yes,8,66,Medium,Yes,2,Low,Medium,Public,Positive,3,No,High School,Near,Female,69,16+ hours,4,90-100%,4,1+ sessions,Within 0-100
5345,18,89,Medium,Medium,No,5,53,Medium,Yes,5,Low,High,Private,Neutral,4,No,College,Near,Male,69,16+ hours,4,80-89%,3,1+ sessions,Within 0-100
5346,30,67,Medium,Medium,No,7,97,High,Yes,2,High,Medium,Public,Neutral,3,Yes,Unknown,Near,Male,69,16+ hours,4,60-69%,1,1+ sessions,Within 0-100
5347,18,96,Medium,High,Yes,9,80,High,Yes,1,Low,Medium,Public,Positive,3,No,College,Near,Male,72,16+ hours,4,90-100%,4,1+ sessions,Within 0-100
5348,7,93,High,High,Yes,9,52,High,Yes,1,Medium,Low,Private,Negative,3,No,High School,Moderate,Female,65,6-10 hours,2,90-100%,4,1+ sessions,Within 0-100
5349,8,67,Medium,Medium,Yes,7,92,Medium,Yes,0,High,High,Private,Positive,2,No,College,Near,Male,63,6-10 hours,2,60-69%,1,No tutoring,Within 0-100
5350,20,95,Medium,Medium,No,7,58,Low,Yes,1,Low,High,Public,Neutral,4,No,College,Near,Male,69,16+ hours,4,90-100%,4,1+ sessions,Within 0-100
5351,24,71,High,Medium,Yes,9,90,Low,Yes,3,Medium,High,Private,Neutral,3,No,College,Near,Male,69,16+ hours,4,70-79%,2,1+ sessions,Within 0-100
5352,22,63,Medium,Low,Yes,7,80,Medium,Yes,2,High,High,Private,Negative,2,No,College,Moderate,Female,64,16+ hours,4,60-69%,1,1+ sessions,Within 0-100
5353,21,86,Medium,Low,Yes,9,59,High,Yes,2,Medium,High,Private,Positive,3,No,College,Near,Male,69,16+ hours,4,80-89%,3,1+ sessions,Within 0-100
5354,27,86,Medium,High,No,7,88,Medium,Yes,1,Medium,Medium,Private,Neutral,3,No,Postgraduate,Moderate,Male,72,16+ hours,4,80-89%,3,1+ sessions,Within 0-100
5355,17,64,Medium,Low,No,7,73,High,Yes,1,Low,Medium,Public,Neutral,4,No,College,Near,Male,62,16+ hours,4,60-69%,1,1+ sessions,Within 0-100
5356,25,73,High,Medium,Yes,5,82,Low,No,1,Medium,Medium,Private,Positive,3,Yes,High School,Near,Male,66,16+ hours,4,70-79%,2,1+ sessions,Within 0-100
5357,10,100,Low,Medium,No,5,93,Low,Yes,2,Medium,Low,Public,Neutral,1,No,High School,Far,Female,65,6-10 hours,2,90-100%,4,1+ sessions,Within 0-100
5358,15,87,High,High,Yes,8,63,Medium,Yes,0,High,Medium,Public,Neutral,3,No,College,Near,Female,69,11-15 hours,3,80-89%,3,No tutoring,Within 0-100
5359,9,89,Medium,Low,No,10,68,High,Yes,1,High,High,Public,Negative,3,No,High School,Near,Female,65,6-10 hours,2,80-89%,3,1+ sessions,Within 0-100
5360,18,69,High,Medium,Yes,7,100,Medium,Yes,3,Medium,High,Public,Negative,2,No,High School,Near,Male,67,16+ hours,4,60-69%,1,1+ sessions,Within 0-100
5361,20,63,Low,Medium,Yes,7,75,Low,Yes,2,Medium,High,Public,Neutral,2,No,High School,Near,Female,63,16+ hours,4,60-69%,1,1+ sessions,Within 0-100
5362,21,71,High,Medium,No,9,78,Low,Yes,2,Medium,Medium,Public,Neutral,4,No,High School,Near,Male,66,16+ hours,4,70-79%,2,1+ sessions,Within 0-100
5363,20,70,Low,Medium,No,8,64,Low,Yes,0,Low,Low,Private,Positive,3,No,High School,Far,Male,61,16+ hours,4,70-79%,2,No tutoring,Within 0-100
5364,14,69,High,Medium,Yes,4,71,Medium,Yes,1,Medium,Medium,Public,Positive,4,No,High School,Unknown,Female,64,11-15 hours,3,60-69%,1,1+ sessions,Within 0-100
5365,19,68,Medium,Low,Yes,8,75,Low,Yes,1,Medium,Medium,Private,Neutral,4,No,Postgraduate,Near,Male,64,16+ hours,4,60-69%,1,1+ sessions,Within 0-100
5366,11,83,Medium,Medium,Yes,5,63,Medium,Yes,2,Low,Medium,Public,Neutral,3,No,College,Near,Male,65,11-15 hours,3,80-89%,3,1+ sessions,Within 0-100
5367,28,73,Medium,Low,No,7,62,Medium,Yes,3,High,Medium,Public,Neutral,3,No,Postgraduate,Moderate,Female,68,16+ hours,4,70-79%,2,1+ sessions,Within 0-100
5368,18,93,Low,High,Yes,6,80,Medium,Yes,1,Medium,Medium,Private,Negative,3,No,High School,Near,Male,69,16+ hours,4,90-100%,4,1+ sessions,Within 0-100
5369,17,67,Medium,Medium,No,6,59,Medium,Yes,0,Medium,Medium,Public,Negative,3,No,High School,Near,Female,61,16+ hours,4,60-69%,1,No tutoring,Within 0-100
5370,30,79,Medium,High,No,7,78,Medium,No,3,High,High,Private,Positive,2,No,Postgraduate,Moderate,Female,72,16+ hours,4,70-79%,2,1+ sessions,Within 0-100
5371,13,61,Medium,Low,Yes,8,85,Medium,Yes,4,Low,Medium,Private,Neutral,3,No,College,Moderate,Male,61,11-15 hours,3,60-69%,1,1+ sessions,Within 0-100
5372,13,79,High,High,No,7,60,Medium,Yes,1,Low,High,Private,Neutral,4,No,College,Moderate,Male,66,11-15 hours,3,70-79%,2,1+ sessions,Within 0-100
5373,13,62,Low,Medium,Yes,9,87,Medium,Yes,1,Low,Medium,Public,Negative,1,No,College,Moderate,Male,60,11-15 hours,3,60-69%,1,1+ sessions,Within 0-100
5374,20,99,Medium,Low,No,9,68,Low,Yes,1,Low,High,Public,Positive,3,No,Postgraduate,Far,Male,69,16+ hours,4,90-100%,4,1+ sessions,Within 0-100
5375,23,92,Medium,High,No,9,100,Medium,Yes,1,High,High,Public,Neutral,2,Yes,College,Near,Male,72,16+ hours,4,90-100%,4,1+ sessions,Within 0-100
5376,24,80,Medium,High,Yes,7,99,Low,Yes,2,Medium,Medium,Public,Negative,2,No,High School,Moderate,Female,69,16+ hours,4,80-89%,3,1+ sessions,Within 0-100
5377,35,63,High,High,Yes,6,90,Low,Yes,0,Medium,Medium,Public,Positive,3,No,College,Near,Male,71,16+ hours,4,60-69%,1,No tutoring,Within 0-100
5378,7,84,Medium,High,No,7,67,Medium,Yes,1,Medium,Medium,Private,Neutral,3,No,College,Near,Male,64,6-10 hours,2,80-89%,3,1+ sessions,Within 0-100
5379,24,90,Low,Low,Yes,9,97,High,Yes,3,Low,Medium,Public,Positive,4,No,High School,Near,Male,71,16+ hours,4,90-100%,4,1+ sessions,Within 0-100
5380,17,68,Low,Medium,Yes,9,100,High,Yes,1,Medium,High,Public,Negative,3,No,High School,Moderate,Male,64,16+ hours,4,60-69%,1,1+ sessions,Within 0-100
5381,16,83,Medium,Medium,Yes,4,73,High,Yes,3,Low,Low,Public,Negative,3,No,College,Near,Female,67,16+ hours,4,80-89%,3,1+ sessions,Within 0-100
5382,16,93,Medium,Low,Yes,7,81,Medium,Yes,2,Low,Medium,Private,Negative,3,Yes,Postgraduate,Moderate,Male,67,16+ hours,4,90-100%,4,1+ sessions,Within 0-100
5383,15,91,Low,High,Yes,4,50,High,Yes,1,Medium,Medium,Public,Neutral,3,No,High School,Moderate,Female,66,11-15 hours,3,90-100%,4,1+ sessions,Within 0-100
5384,30,92,Low,Medium,Yes,7,52,Medium,Yes,3,High,Medium,Private,Positive,4,No,College,Near,Male,73,16+ hours,4,90-100%,4,1+ sessions,Within 0-100
5385,25,95,Medium,High,Yes,6,75,Medium,Yes,1,Medium,Medium,Private,Positive,4,No,High School,Moderate,Male,73,16+ hours,4,90-100%,4,1+ sessions,Within 0-100
5386,20,98,Medium,Medium,No,6,80,Medium,Yes,0,Medium,Medium,Public,Positive,2,No,College,Moderate,Male,70,16+ hours,4,90-100%,4,No tutoring,Within 0-100
5387,28,76,Low,Medium,Yes,8,66,Medium,Yes,5,High,Low,Public,Positive,4,No,College,Moderate,Male,70,16+ hours,4,70-79%,2,1+ sessions,Within 0-100
5388,11,83,Medium,Low,Yes,6,55,Low,Yes,0,Low,Medium,Public,Positive,4,Yes,Postgraduate,Near,Female,62,11-15 hours,3,80-89%,3,No tutoring,Within 0-100
5389,12,92,High,Low,Yes,7,89,Medium,Yes,1,Medium,High,Private,Neutral,2,No,Postgraduate,Moderate,Male,68,11-15 hours,3,90-100%,4,1+ sessions,Within 0-100
5390,7,88,High,High,Yes,6,71,Medium,Yes,0,Low,Medium,Public,Positive,3,No,High School,Moderate,Female,65,6-10 hours,2,80-89%,3,No tutoring,Within 0-100
5391,16,100,High,High,Yes,7,82,Medium,Yes,2,High,Medium,Public,Positive,2,No,High School,Near,Male,73,16+ hours,4,90-100%,4,1+ sessions,Within 0-100
5392,21,61,High,Medium,Yes,8,83,High,No,1,Low,Unknown,Private,Neutral,3,No,College,Near,Female,65,16+ hours,4,60-69%,1,1+ sessions,Within 0-100
5393,21,74,Medium,High,Yes,6,77,High,No,0,Medium,Medium,Public,Neutral,3,No,College,Near,Male,66,16+ hours,4,70-79%,2,No tutoring,Within 0-100
5394,21,71,Low,Medium,Yes,8,59,Medium,Yes,3,Low,Medium,Public,Neutral,3,No,College,Moderate,Male,64,16+ hours,4,70-79%,2,1+ sessions,Within 0-100
5395,12,70,Medium,High,No,7,81,High,Yes,0,Low,Medium,Public,Positive,3,No,High School,Near,Male,63,11-15 hours,3,70-79%,2,No tutoring,Within 0-100
5396,25,69,Medium,Medium,No,7,66,Medium,No,0,Low,Low,Public,Neutral,3,Yes,College,Near,Male,62,16+ hours,4,60-69%,1,No tutoring,Within 0-100
5397,21,88,High,Medium,Yes,6,91,Low,Yes,0,Low,Medium,Private,Neutral,4,No,Postgraduate,Moderate,Female,70,16+ hours,4,80-89%,3,No tutoring,Within 0-100
5398,24,63,Medium,Medium,No,8,60,Medium,Yes,3,High,Medium,Public,Neutral,3,No,High School,Near,Male,65,16+ hours,4,60-69%,1,1+ sessions,Within 0-100
5399,9,90,Medium,Medium,Yes,8,65,Medium,Yes,0,Medium,Medium,Private,Neutral,5,No,High School,Far,Male,64,6-10 hours,2,90-100%,4,No tutoring,Within 0-100
5400,22,88,Medium,Medium,No,7,72,Low,Yes,4,High,Medium,Public,Negative,2,No,Postgraduate,Near,Male,70,16+ hours,4,80-89%,3,1+ sessions,Within 0-100
5401,13,70,Medium,Medium,No,7,87,Medium,Yes,1,Low,Low,Public,Neutral,5,No,High School,Near,Male,62,11-15 hours,3,70-79%,2,1+ sessions,Within 0-100
5402,18,70,Medium,Medium,No,8,86,Medium,Yes,5,High,Medium,Public,Positive,2,No,High School,Near,Female,67,16+ hours,4,70-79%,2,1+ sessions,Within 0-100
5403,23,85,Medium,Low,No,8,67,Low,Yes,1,Medium,Medium,Private,Neutral,3,No,Postgraduate,Far,Female,66,16+ hours,4,80-89%,3,1+ sessions,Within 0-100
5404,21,90,High,High,Yes,7,76,High,Yes,2,High,High,Public,Positive,3,No,College,Moderate,Female,74,16+ hours,4,90-100%,4,1+ sessions,Within 0-100
5405,15,95,Medium,High,Yes,9,62,Medium,Yes,2,Medium,Medium,Public,Positive,3,No,High School,Far,Male,69,11-15 hours,3,90-100%,4,1+ sessions,Within 0-100
5406,20,94,Medium,High,Yes,8,89,Low,Yes,0,Medium,Medium,Public,Positive,4,Yes,High School,Moderate,Female,70,16+ hours,4,90-100%,4,No tutoring,Within 0-100
5407,11,99,Medium,Medium,No,10,60,Medium,Yes,1,High,Medium,Public,Positive,1,No,College,Near,Female,68,11-15 hours,3,90-100%,4,1+ sessions,Within 0-100
5408,27,83,Medium,Low,No,5,91,Medium,Yes,3,Low,Unknown,Public,Neutral,2,No,Postgraduate,Near,Male,70,16+ hours,4,80-89%,3,1+ sessions,Within 0-100
5409,19,96,Medium,Medium,Yes,8,97,Medium,Yes,3,Medium,Medium,Public,Negative,2,No,High School,Near,Male,71,16+ hours,4,90-100%,4,1+ sessions,Within 0-100
5410,27,92,Medium,Low,Yes,9,100,High,Yes,2,Medium,High,Public,Positive,0,No,Postgraduate,Moderate,Female,73,16+ hours,4,90-100%,4,1+ sessions,Within 0-100
5411,17,96,Medium,Medium,No,9,93,Low,Yes,3,Medium,Medium,Private,Neutral,2,No,High School,Far,Male,69,16+ hours,4,90-100%,4,1+ sessions,Within 0-100
5412,17,60,Low,Low,Yes,7,61,Medium,Yes,1,Low,Medium,Public,Positive,4,No,Postgraduate,Near,Female,61,16+ hours,4,60-69%,1,1+ sessions,Within 0-100
5413,15,99,Medium,Medium,Yes,5,71,Medium,Yes,0,Medium,Medium,Public,Neutral,2,No,College,Moderate,Male,68,11-15 hours,3,90-100%,4,No tutoring,Within 0-100
5414,25,79,Medium,Low,Yes,9,54,Medium,Yes,1,Low,Medium,Private,Positive,2,No,Postgraduate,Far,Male,66,16+ hours,4,70-79%,2,1+ sessions,Within 0-100
5415,16,92,High,Low,Yes,6,58,Low,Yes,0,High,Medium,Private,Positive,4,No,High School,Near,Female,67,16+ hours,4,90-100%,4,No tutoring,Within 0-100
5416,24,65,Low,High,Yes,7,52,Medium,Yes,1,High,Medium,Public,Neutral,1,No,Postgraduate,Moderate,Female,64,16+ hours,4,60-69%,1,1+ sessions,Within 0-100
5417,18,76,Low,High,Yes,10,82,High,Yes,1,Medium,Medium,Private,Negative,4,No,College,Near,Male,67,16+ hours,4,70-79%,2,1+ sessions,Within 0-100
5418,8,71,High,Medium,Yes,5,77,Medium,No,0,High,Medium,Public,Neutral,4,No,High School,Moderate,Female,61,6-10 hours,2,70-79%,2,No tutoring,Within 0-100
5419,17,72,Low,Medium,No,8,96,High,Yes,2,Low,High,Public,Neutral,3,No,High School,Near,Male,65,16+ hours,4,70-79%,2,1+ sessions,Within 0-100
5420,13,65,Low,High,Yes,6,73,Medium,Yes,0,Low,Medium,Private,Positive,3,No,Postgraduate,Near,Female,62,11-15 hours,3,60-69%,1,No tutoring,Within 0-100
5421,20,92,Low,High,No,6,82,Medium,Yes,0,Medium,Medium,Public,Neutral,5,No,High School,Near,Female,69,16+ hours,4,90-100%,4,No tutoring,Within 0-100
5422,13,60,High,High,No,7,70,Medium,Yes,1,Medium,Medium,Public,Negative,3,No,College,Far,Female,61,11-15 hours,3,60-69%,1,1+ sessions,Within 0-100
5423,26,73,High,Medium,No,8,91,Medium,Yes,4,Low,Low,Public,Neutral,5,No,High School,Moderate,Male,69,16+ hours,4,70-79%,2,1+ sessions,Within 0-100
5424,19,67,Medium,Low,No,8,96,High,No,1,High,Low,Public,Positive,3,No,College,Near,Male,64,16+ hours,4,60-69%,1,1+ sessions,Within 0-100
5425,19,84,Medium,Low,No,9,72,High,Yes,1,Low,Medium,Public,Positive,3,No,High School,Far,Female,65,16+ hours,4,80-89%,3,1+ sessions,Within 0-100
5426,24,70,Medium,High,No,6,54,Low,Yes,1,High,Medium,Public,Neutral,1,No,High School,Moderate,Female,64,16+ hours,4,70-79%,2,1+ sessions,Within 0-100
5427,26,70,High,High,Yes,5,58,Medium,Yes,1,Low,Low,Private,Positive,3,No,Postgraduate,Moderate,Male,68,16+ hours,4,70-79%,2,1+ sessions,Within 0-100
5428,20,80,Low,Medium,Yes,6,86,High,Yes,1,Low,Medium,Private,Positive,3,No,High School,Near,Female,67,16+ hours,4,80-89%,3,1+ sessions,Within 0-100
5429,15,86,High,Medium,Yes,8,66,Low,Yes,0,Medium,High,Private,Positive,5,No,College,Near,Male,68,11-15 hours,3,80-89%,3,No tutoring,Within 0-100
5430,9,65,Low,Medium,Yes,7,89,Medium,Yes,2,Low,Medium,Public,Positive,4,No,High School,Moderate,Male,61,6-10 hours,2,60-69%,1,1+ sessions,Within 0-100
5431,16,67,Medium,High,Yes,4,87,High,Yes,5,High,High,Public,Positive,4,No,College,Near,Male,69,16+ hours,4,60-69%,1,1+ sessions,Within 0-100
5432,16,70,Low,High,Yes,4,85,High,Yes,0,Medium,Medium,Private,Neutral,3,No,High School,Near,Male,64,16+ hours,4,70-79%,2,No tutoring,Within 0-100
5433,21,99,High,Medium,Yes,7,91,Medium,No,3,Medium,Medium,Public,Positive,4,No,College,Near,Male,74,16+ hours,4,90-100%,4,1+ sessions,Within 0-100
5434,18,76,Medium,Medium,No,8,88,Low,Yes,1,Medium,Medium,Public,Neutral,4,No,College,Near,Female,66,16+ hours,4,70-79%,2,1+ sessions,Within 0-100
5435,24,84,Medium,Medium,No,6,82,Medium,Yes,1,Medium,Medium,Public,Negative,2,No,High School,Near,Male,68,16+ hours,4,80-89%,3,1+ sessions,Within 0-100
5436,16,70,Medium,High,Yes,8,50,High,Yes,3,High,Medium,Private,Neutral,3,No,Postgraduate,Far,Male,65,16+ hours,4,70-79%,2,1+ sessions,Within 0-100
5437,20,80,Medium,High,Yes,5,76,Medium,No,0,Low,Medium,Private,Negative,3,No,College,Near,Female,66,16+ hours,4,80-89%,3,No tutoring,Within 0-100
5438,27,63,High,Low,No,7,80,Medium,No,2,Medium,High,Public,Positive,2,No,High School,Near,Female,66,16+ hours,4,60-69%,1,1+ sessions,Within 0-100
5439,22,61,Medium,Low,No,7,98,High,Yes,3,High,Low,Private,Neutral,2,No,College,Near,Female,65,16+ hours,4,60-69%,1,1+ sessions,Within 0-100
5440,20,79,Medium,Medium,No,8,83,Medium,Yes,3,Low,Medium,Private,Neutral,4,No,College,Moderate,Male,67,16+ hours,4,70-79%,2,1+ sessions,Within 0-100
5441,16,76,Low,Medium,Yes,5,79,Medium,Yes,0,Low,High,Public,Positive,4,No,Postgraduate,Moderate,Female,65,16+ hours,4,70-79%,2,No tutoring,Within 0-100
5442,16,65,Medium,Medium,No,5,77,Medium,Yes,1,High,High,Public,Positive,3,No,High School,Moderate,Male,63,16+ hours,4,60-69%,1,1+ sessions,Within 0-100
5443,15,88,High,Medium,No,8,55,Medium,Yes,1,High,High,Private,Neutral,2,No,High School,Near,Male,67,11-15 hours,3,80-89%,3,1+ sessions,Within 0-100
5444,17,100,Medium,High,Yes,5,71,Low,Yes,2,Low,Medium,Public,Neutral,4,No,High School,Near,Male,70,16+ hours,4,90-100%,4,1+ sessions,Within 0-100
5445,25,76,High,High,Yes,6,57,Low,No,0,Medium,Medium,Public,Positive,3,No,Postgraduate,Moderate,Male,68,16+ hours,4,70-79%,2,No tutoring,Within 0-100
5446,19,85,Medium,Medium,Yes,9,53,High,Yes,1,Medium,Medium,Public,Neutral,3,No,College,Far,Male,66,16+ hours,4,80-89%,3,1+ sessions,Within 0-100
5447,12,99,Medium,Medium,Yes,7,66,Low,Yes,3,Medium,Low,Private,Negative,1,No,Postgraduate,Moderate,Female,67,11-15 hours,3,90-100%,4,1+ sessions,Within 0-100
5448,31,93,Medium,Low,No,8,82,Low,Yes,2,High,High,Private,Neutral,1,No,High School,Near,Male,72,16+ hours,4,90-100%,4,1+ sessions,Within 0-100
5449,22,79,High,High,Yes,8,93,Medium,Yes,0,Medium,Medium,Private,Negative,2,Yes,High School,Near,Female,68,16+ hours,4,70-79%,2,No tutoring,Within 0-100
5450,12,89,Medium,High,No,8,91,Medium,No,1,Low,High,Public,Neutral,2,No,High School,Near,Male,66,11-15 hours,3,80-89%,3,1+ sessions,Within 0-100
5451,17,65,Medium,Medium,No,7,65,Medium,Yes,0,High,Medium,Private,Neutral,4,No,High School,Moderate,Male,62,16+ hours,4,60-69%,1,No tutoring,Within 0-100
5452,21,80,High,Low,Yes,6,52,Medium,Yes,1,Low,Medium,Public,Negative,4,No,High School,Near,Male,65,16+ hours,4,80-89%,3,1+ sessions,Within 0-100
5453,30,71,High,Low,No,10,70,Low,Yes,3,Medium,Medium,Public,Neutral,4,Yes,High School,Near,Female,67,16+ hours,4,70-79%,2,1+ sessions,Within 0-100
5454,13,66,Medium,Medium,Yes,7,66,Low,Yes,3,Medium,Medium,Public,Negative,2,No,College,Near,Female,62,11-15 hours,3,60-69%,1,1+ sessions,Within 0-100
5455,26,77,Medium,Low,Yes,7,69,Low,Yes,1,High,Medium,Public,Neutral,3,Yes,High School,Near,Female,66,16+ hours,4,70-79%,2,1+ sessions,Within 0-100
5456,28,65,Medium,Medium,No,8,78,High,No,1,High,Medium,Private,Positive,3,No,College,Near,Female,67,16+ hours,4,60-69%,1,1+ sessions,Within 0-100
5457,16,88,Medium,Medium,Yes,6,52,Medium,Yes,2,High,High,Public,Positive,3,No,High School,Near,Female,68,16+ hours,4,80-89%,3,1+ sessions,Within 0-100
5458,18,78,Medium,Medium,Yes,6,69,Medium,Yes,1,Medium,Medium,Public,Negative,4,No,Postgraduate,Moderate,Female,66,16+ hours,4,70-79%,2,1+ sessions,Within 0-100
5459,14,81,High,High,No,9,78,Medium,Yes,0,Medium,Medium,Private,Positive,4,No,College,Near,Female,68,11-15 hours,3,80-89%,3,No tutoring,Within 0-100
5460,19,66,Low,Medium,No,6,72,Medium,Yes,2,Low,Medium,Public,Negative,5,No,High School,Near,Male,62,16+ hours,4,60-69%,1,1+ sessions,Within 0-100
5461,20,66,Medium,High,No,8,83,Medium,Yes,1,Low,Unknown,Public,Neutral,2,Yes,College,Near,Male,64,16+ hours,4,60-69%,1,1+ sessions,Within 0-100
5462,24,83,High,Low,No,8,59,Medium,Yes,1,Low,Medium,Public,Positive,3,No,High School,Near,Male,68,16+ hours,4,80-89%,3,1+ sessions,Within 0-100
5463,27,99,Low,Low,Yes,7,58,Low,Yes,2,Medium,Medium,Private,Positive,2,No,Postgraduate,Moderate,Male,71,16+ hours,4,90-100%,4,1+ sessions,Within 0-100
5464,16,64,Medium,Medium,No,7,65,Medium,Yes,2,Medium,High,Public,Neutral,4,No,High School,Near,Male,63,16+ hours,4,60-69%,1,1+ sessions,Within 0-100
5465,8,71,High,Medium,No,8,55,High,Yes,1,Low,High,Public,Positive,2,No,College,Moderate,Male,62,6-10 hours,2,70-79%,2,1+ sessions,Within 0-100
5466,20,95,High,Low,Yes,7,62,Low,Yes,1,Low,Low,Private,Positive,3,No,College,Near,Male,69,16+ hours,4,90-100%,4,1+ sessions,Within 0-100
5467,22,63,Medium,Medium,Yes,4,54,Medium,Yes,0,Medium,Medium,Private,Positive,3,No,High School,Moderate,Male,62,16+ hours,4,60-69%,1,No tutoring,Within 0-100
5468,21,95,Low,Medium,Yes,9,70,Medium,Yes,3,High,Medium,Public,Positive,3,No,High School,Near,Female,71,16+ hours,4,90-100%,4,1+ sessions,Within 0-100
5469,18,81,Low,High,Yes,6,86,Medium,Yes,3,Low,Medium,Public,Positive,4,No,College,Near,Male,69,16+ hours,4,80-89%,3,1+ sessions,Within 0-100
5470,21,76,Medium,Medium,Yes,7,64,Low,Yes,1,Medium,High,Private,Positive,2,No,High School,Moderate,Male,66,16+ hours,4,70-79%,2,1+ sessions,Within 0-100
5471,29,72,Low,Medium,No,5,50,Low,Yes,0,Low,Medium,Public,Neutral,4,No,High School,Near,Female,64,16+ hours,4,70-79%,2,No tutoring,Within 0-100
5472,22,72,Low,High,No,6,78,Low,No,1,Low,High,Public,Neutral,3,No,Postgraduate,Near,Male,65,16+ hours,4,70-79%,2,1+ sessions,Within 0-100
5473,18,72,High,High,No,6,85,High,Yes,1,High,High,Private,Positive,1,No,High School,Moderate,Male,68,16+ hours,4,70-79%,2,1+ sessions,Within 0-100
5474,17,95,High,Medium,No,7,70,High,Yes,1,Low,Medium,Public,Neutral,3,No,High School,Near,Male,69,16+ hours,4,90-100%,4,1+ sessions,Within 0-100
5475,19,89,High,Medium,Yes,6,65,Low,Yes,2,Low,Medium,Public,Neutral,3,Yes,Postgraduate,Near,Male,68,16+ hours,4,80-89%,3,1+ sessions,Within 0-100
5476,30,87,Low,Medium,Yes,10,75,Low,Yes,3,Low,Low,Public,Neutral,4,No,College,Near,Male,71,16+ hours,4,80-89%,3,1+ sessions,Within 0-100
5477,19,92,Low,Medium,No,7,55,Medium,Yes,1,Medium,Medium,Public,Neutral,5,No,High School,Far,Male,66,16+ hours,4,90-100%,4,1+ sessions,Within 0-100
5478,20,70,High,Low,No,8,82,Medium,Yes,2,Low,High,Private,Positive,3,No,High School,Moderate,Male,65,16+ hours,4,70-79%,2,1+ sessions,Within 0-100
5479,17,85,High,Medium,Yes,7,87,Medium,Yes,1,Low,Medium,Private,Neutral,1,No,Unknown,Near,Female,68,16+ hours,4,80-89%,3,1+ sessions,Within 0-100
5480,27,78,High,High,No,8,85,Medium,Yes,0,High,Medium,Public,Positive,3,No,College,Near,Male,72,16+ hours,4,70-79%,2,No tutoring,Within 0-100
5481,32,91,High,Medium,Yes,4,66,Medium,Yes,3,Low,High,Public,Neutral,2,No,Postgraduate,Near,Female,75,16+ hours,4,90-100%,4,1+ sessions,Within 0-100
5482,23,72,High,Low,Yes,6,92,Low,Yes,2,High,Medium,Public,Negative,3,No,College,Near,Male,67,16+ hours,4,70-79%,2,1+ sessions,Within 0-100
5483,20,86,Medium,Medium,No,6,97,Low,Yes,1,Low,Medium,Private,Neutral,2,No,High School,Moderate,Male,67,16+ hours,4,80-89%,3,1+ sessions,Within 0-100
5484,20,95,Medium,Medium,No,6,65,High,Yes,2,Low,Medium,Public,Neutral,3,No,College,Near,Female,70,16+ hours,4,90-100%,4,1+ sessions,Within 0-100
5485,6,76,Medium,Medium,Yes,8,63,Medium,Yes,5,Medium,Medium,Public,Neutral,3,No,College,Near,Male,64,6-10 hours,2,70-79%,2,1+ sessions,Within 0-100
5486,24,63,Medium,Medium,Yes,8,85,High,Yes,1,Low,Medium,Private,Positive,3,No,High School,Far,Female,65,16+ hours,4,60-69%,1,1+ sessions,Within 0-100
5487,21,81,Medium,Medium,Yes,7,85,Medium,Yes,1,Low,High,Public,Negative,3,No,Postgraduate,Moderate,Male,68,16+ hours,4,80-89%,3,1+ sessions,Within 0-100
5488,23,74,High,High,No,7,76,Medium,Yes,1,Medium,Low,Public,Neutral,2,No,College,Moderate,Female,67,16+ hours,4,70-79%,2,1+ sessions,Within 0-100
5489,16,87,Low,Medium,Yes,10,96,Medium,No,1,Low,High,Public,Positive,1,No,College,Moderate,Male,66,16+ hours,4,80-89%,3,1+ sessions,Within 0-100
5490,18,98,High,Medium,No,7,57,Low,Yes,0,High,Medium,Private,Neutral,1,No,Postgraduate,Moderate,Male,69,16+ hours,4,90-100%,4,No tutoring,Within 0-100
5491,18,79,Low,High,No,4,74,Low,Yes,2,Low,Medium,Public,Negative,1,No,High School,Near,Female,64,16+ hours,4,70-79%,2,1+ sessions,Within 0-100
5492,26,79,Medium,High,Yes,8,52,High,Yes,1,Medium,Medium,Public,Negative,3,Yes,Postgraduate,Near,Female,68,16+ hours,4,70-79%,2,1+ sessions,Within 0-100
5493,18,86,High,Medium,No,8,53,Low,Yes,5,Low,High,Private,Negative,3,No,High School,Near,Male,68,16+ hours,4,80-89%,3,1+ sessions,Within 0-100
5494,32,64,Low,High,Yes,9,53,Low,No,1,Low,Medium,Private,Positive,3,No,College,Near,Female,65,16+ hours,4,60-69%,1,1+ sessions,Within 0-100
5495,23,70,Medium,Medium,Yes,8,75,Medium,Yes,0,High,Medium,Public,Positive,2,No,High School,Moderate,Male,65,16+ hours,4,70-79%,2,No tutoring,Within 0-100
5496,12,97,Low,Medium,Yes,6,79,Medium,No,1,Medium,Medium,Public,Negative,2,No,High School,Near,Male,65,11-15 hours,3,90-100%,4,1+ sessions,Within 0-100
5497,19,87,High,Medium,No,8,50,Low,Yes,0,High,High,Public,Neutral,2,No,High School,Near,Female,67,16+ hours,4,80-89%,3,No tutoring,Within 0-100
5498,16,61,High,Medium,Yes,7,82,Medium,Yes,2,Low,Medium,Public,Negative,3,No,High School,Near,Female,63,16+ hours,4,60-69%,1,1+ sessions,Within 0-100
5499,7,68,High,Medium,No,9,74,Medium,Yes,1,Low,High,Public,Positive,3,No,High School,Near,Female,62,6-10 hours,2,60-69%,1,1+ sessions,Within 0-100
5500,30,87,High,Medium,Yes,9,61,High,Yes,2,Medium,High,Private,Neutral,4,No,High School,Moderate,Male,73,16+ hours,4,80-89%,3,1+ sessions,Within 0-100
5501,24,91,High,High,Yes,7,51,High,Yes,2,Medium,Medium,Public,Neutral,3,No,High School,Moderate,Male,72,16+ hours,4,90-100%,4,1+ sessions,Within 0-100
5502,23,94,Low,Medium,No,8,58,High,Yes,5,Low,Low,Public,Neutral,6,No,High School,Near,Female,71,16+ hours,4,90-100%,4,1+ sessions,Within 0-100
5503,21,72,Medium,Medium,No,9,80,High,Yes,3,Low,Medium,Public,Neutral,4,No,High School,Near,Male,67,16+ hours,4,70-79%,2,1+ sessions,Within 0-100
5504,12,97,Medium,Low,Yes,7,83,Medium,Yes,0,Low,Medium,Public,Neutral,2,No,College,Moderate,Male,66,11-15 hours,3,90-100%,4,No tutoring,Within 0-100
5505,17,82,Medium,High,Yes,10,82,High,Yes,1,Medium,Medium,Private,Positive,2,No,High School,Moderate,Male,68,16+ hours,4,80-89%,3,1+ sessions,Within 0-100
5506,25,88,High,High,Yes,9,58,Low,Yes,0,Low,Medium,Public,Negative,4,No,Postgraduate,Near,Male,70,16+ hours,4,80-89%,3,No tutoring,Within 0-100
5507,14,84,Medium,Medium,Yes,6,96,Medium,No,2,Low,Medium,Private,Neutral,2,No,Postgraduate,Far,Male,66,11-15 hours,3,80-89%,3,1+ sessions,Within 0-100
5508,5,65,Low,High,No,7,71,Medium,Yes,0,Low,Medium,Private,Negative,2,No,College,Far,Male,56,1-5 hours,1,60-69%,1,No tutoring,Within 0-100
5509,19,99,Medium,High,Yes,8,88,High,No,1,Low,High,Public,Positive,3,No,High School,Far,Female,71,16+ hours,4,90-100%,4,1+ sessions,Within 0-100
5510,19,65,Low,High,No,10,58,Medium,Yes,2,Medium,High,Private,Positive,3,No,Postgraduate,Moderate,Female,64,16+ hours,4,60-69%,1,1+ sessions,Within 0-100
5511,21,70,Medium,Medium,No,8,74,Low,Yes,2,Medium,Medium,Public,Positive,3,No,Postgraduate,Far,Male,65,16+ hours,4,70-79%,2,1+ sessions,Within 0-100
5512,24,93,Medium,Medium,Yes,7,76,High,Yes,2,Low,Medium,Public,Neutral,1,Yes,High School,Near,Male,70,16+ hours,4,90-100%,4,1+ sessions,Within 0-100
5513,24,85,High,Low,Yes,9,89,Medium,Yes,1,Low,Medium,Public,Positive,2,No,Postgraduate,Moderate,Male,70,16+ hours,4,80-89%,3,1+ sessions,Within 0-100
5514,22,94,Low,High,Yes,7,81,Medium,Yes,2,Medium,High,Public,Neutral,4,No,High School,Far,Male,71,16+ hours,4,90-100%,4,1+ sessions,Within 0-100
5515,27,81,High,High,Yes,6,70,Medium,Yes,0,Low,Medium,Public,Positive,5,No,High School,Far,Female,70,16+ hours,4,80-89%,3,No tutoring,Within 0-100
5516,11,75,Low,High,No,8,64,Medium,Yes,3,Low,Medium,Public,Neutral,3,Yes,College,Moderate,Female,62,11-15 hours,3,70-79%,2,1+ sessions,Within 0-100
5517,23,97,Medium,Medium,Yes,6,99,Low,Yes,1,Low,Medium,Private,Positive,3,No,High School,Near,Female,72,16+ hours,4,90-100%,4,1+ sessions,Within 0-100
5518,24,61,Medium,Medium,No,10,64,Low,Yes,0,Low,Medium,Private,Positive,3,No,High School,Near,Female,62,16+ hours,4,60-69%,1,No tutoring,Within 0-100
5519,13,94,Low,Medium,Yes,7,56,High,Yes,2,Low,High,Public,Neutral,4,No,College,Near,Male,67,11-15 hours,3,90-100%,4,1+ sessions,Within 0-100
5520,11,69,Low,Medium,Yes,8,65,Low,Yes,0,Low,Medium,Public,Negative,2,No,College,Moderate,Male,58,11-15 hours,3,60-69%,1,No tutoring,Within 0-100
5521,16,94,Low,Medium,Yes,6,66,Medium,Yes,3,Medium,High,Public,Negative,4,No,College,Near,Female,69,16+ hours,4,90-100%,4,1+ sessions,Within 0-100
5522,16,66,Medium,Low,No,9,56,Medium,Yes,0,Low,High,Private,Positive,4,Yes,College,Near,Female,60,16+ hours,4,60-69%,1,No tutoring,Within 0-100
5523,25,83,High,High,Yes,7,85,High,Yes,2,Low,Medium,Public,Negative,4,No,College,Near,Male,72,16+ hours,4,80-89%,3,1+ sessions,Within 0-100
5524,16,96,Medium,Medium,No,7,81,Medium,Yes,0,Low,Low,Public,Negative,3,No,High School,Moderate,Male,66,16+ hours,4,90-100%,4,No tutoring,Within 0-100
5525,15,79,Medium,High,Yes,7,66,Medium,Yes,2,Low,Medium,Public,Positive,3,No,College,Far,Female,66,11-15 hours,3,70-79%,2,1+ sessions,Within 0-100
5526,16,90,Medium,High,Yes,5,100,Low,Yes,1,High,Medium,Private,Negative,4,No,High School,Moderate,Male,69,16+ hours,4,90-100%,4,1+ sessions,Within 0-100
5527,27,92,Low,Medium,Yes,7,83,Low,Yes,2,Low,Medium,Public,Positive,4,Yes,College,Moderate,Female,70,16+ hours,4,90-100%,4,1+ sessions,Within 0-100
5528,20,89,Low,Medium,Yes,8,85,Medium,Yes,2,Medium,High,Public,Positive,1,No,Postgraduate,Near,Female,70,16+ hours,4,80-89%,3,1+ sessions,Within 0-100
5529,19,97,High,High,No,5,78,Low,Yes,0,Medium,Low,Private,Negative,3,No,College,Moderate,Male,70,16+ hours,4,90-100%,4,No tutoring,Within 0-100
5530,19,78,Low,High,Yes,9,78,Medium,Yes,2,Low,High,Public,Negative,2,No,College,Near,Female,67,16+ hours,4,70-79%,2,1+ sessions,Within 0-100
5531,28,67,High,Medium,Yes,7,51,Medium,Yes,2,Medium,Medium,Public,Neutral,3,No,High School,Near,Female,67,16+ hours,4,60-69%,1,1+ sessions,Within 0-100
5532,16,62,Low,Low,No,7,89,High,Yes,0,Medium,Medium,Public,Neutral,3,No,High School,Far,Female,59,16+ hours,4,60-69%,1,No tutoring,Within 0-100
5533,28,70,Medium,Medium,Yes,4,96,Low,Yes,1,Medium,Medium,Private,Positive,2,No,Unknown,Moderate,Male,67,16+ hours,4,70-79%,2,1+ sessions,Within 0-100
5534,21,66,High,Medium,Yes,7,56,Medium,Yes,1,Low,Medium,Private,Neutral,4,No,Postgraduate,Moderate,Male,65,16+ hours,4,60-69%,1,1+ sessions,Within 0-100
5535,19,82,Medium,Medium,No,5,90,Medium,Yes,1,High,Medium,Public,Negative,3,No,College,Near,Male,68,16+ hours,4,80-89%,3,1+ sessions,Within 0-100
5536,35,67,High,High,Yes,6,77,Low,Yes,1,Low,Medium,Public,Positive,3,No,College,Near,Male,71,16+ hours,4,60-69%,1,1+ sessions,Within 0-100
5537,14,62,Medium,Medium,No,5,64,Medium,Yes,2,Low,Medium,Public,Neutral,3,No,College,Near,Male,61,11-15 hours,3,60-69%,1,1+ sessions,Within 0-100
5538,18,61,Medium,Medium,Yes,6,96,Medium,Yes,0,Medium,Medium,Public,Negative,3,No,High School,Near,Male,63,16+ hours,4,60-69%,1,No tutoring,Within 0-100
5539,13,93,Medium,High,Yes,7,51,Low,Yes,1,Low,High,Private,Neutral,3,No,High School,Near,Female,67,11-15 hours,3,90-100%,4,1+ sessions,Within 0-100
5540,26,84,High,Medium,No,7,64,Medium,No,1,Medium,High,Public,Neutral,4,No,College,Near,Male,69,16+ hours,4,80-89%,3,1+ sessions,Within 0-100
5541,30,74,Medium,High,No,8,94,Low,Yes,0,Medium,Medium,Public,Positive,3,No,High School,Near,Male,70,16+ hours,4,70-79%,2,No tutoring,Within 0-100
5542,30,96,Medium,Low,Yes,4,74,High,No,0,Low,Low,Public,Negative,3,No,High School,Moderate,Male,69,16+ hours,4,90-100%,4,No tutoring,Within 0-100
5543,27,63,High,Medium,Yes,7,80,Medium,Yes,1,Low,High,Public,Neutral,4,No,High School,Far,Female,66,16+ hours,4,60-69%,1,1+ sessions,Within 0-100
5544,19,99,Medium,Low,Yes,7,87,Low,Yes,1,Medium,Medium,Public,Positive,4,No,High School,Moderate,Female,70,16+ hours,4,90-100%,4,1+ sessions,Within 0-100
5545,18,85,Medium,Medium,Yes,6,57,Low,Yes,2,Medium,High,Public,Neutral,2,No,Postgraduate,Moderate,Male,67,16+ hours,4,80-89%,3,1+ sessions,Within 0-100
5546,10,67,High,High,No,6,61,Medium,Yes,0,Low,High,Private,Neutral,2,No,High School,Near,Female,61,6-10 hours,2,60-69%,1,No tutoring,Within 0-100
5547,32,87,Medium,High,Yes,9,100,Medium,Yes,2,Medium,Low,Private,Neutral,2,No,Postgraduate,Moderate,Male,74,16+ hours,4,80-89%,3,1+ sessions,Within 0-100
5548,23,91,Medium,High,Yes,10,62,Low,Yes,1,Medium,High,Private,Negative,3,No,College,Near,Male,70,16+ hours,4,90-100%,4,1+ sessions,Within 0-100
5549,17,77,High,Medium,Yes,4,77,Low,Yes,0,Medium,Medium,Private,Positive,4,No,High School,Near,Female,66,16+ hours,4,70-79%,2,No tutoring,Within 0-100
5550,28,94,Medium,High,Yes,6,65,High,Yes,1,Low,High,Public,Positive,1,No,High School,Near,Female,73,16+ hours,4,90-100%,4,1+ sessions,Within 0-100
5551,14,66,Medium,Medium,Yes,5,93,Medium,Yes,1,Medium,Medium,Private,Negative,2,No,High School,Near,Male,62,11-15 hours,3,60-69%,1,1+ sessions,Within 0-100
5552,22,71,Medium,Low,Yes,7,98,Low,Yes,2,Low,High,Public,Neutral,2,No,High School,Moderate,Female,65,16+ hours,4,70-79%,2,1+ sessions,Within 0-100
5553,19,64,High,Medium,No,9,57,Low,Yes,0,Medium,High,Private,Neutral,3,No,High School,Near,Female,62,16+ hours,4,60-69%,1,No tutoring,Within 0-100
5554,24,68,Low,Medium,Yes,8,80,Medium,No,1,Low,Low,Public,Positive,4,No,Postgraduate,Moderate,Male,64,16+ hours,4,60-69%,1,1+ sessions,Within 0-100
5555,20,70,Medium,Medium,Yes,7,91,Medium,Yes,1,Low,Medium,Public,Negative,2,No,High School,Far,Male,63,16+ hours,4,70-79%,2,1+ sessions,Within 0-100
5556,11,97,Medium,Medium,No,7,91,Medium,Yes,1,Medium,Medium,Public,Positive,4,No,High School,Near,Male,69,11-15 hours,3,90-100%,4,1+ sessions,Within 0-100
5557,20,63,Medium,Medium,No,7,72,Low,Yes,3,Low,High,Public,Negative,5,Yes,Postgraduate,Near,Male,63,16+ hours,4,60-69%,1,1+ sessions,Within 0-100
5558,26,77,Medium,Medium,Yes,8,61,Medium,Yes,1,Low,Medium,Public,Neutral,4,No,College,Moderate,Male,67,16+ hours,4,70-79%,2,1+ sessions,Within 0-100
5559,20,81,Medium,Low,No,8,69,Medium,Yes,1,Medium,Medium,Private,Neutral,2,No,High School,Near,Female,65,16+ hours,4,80-89%,3,1+ sessions,Within 0-100
5560,25,96,Medium,High,No,8,88,Medium,Yes,0,Low,Medium,Private,Neutral,1,No,High School,Near,Male,71,16+ hours,4,90-100%,4,No tutoring,Within 0-100
5561,14,100,Medium,Medium,Yes,4,100,Medium,Yes,3,Low,Medium,Public,Neutral,3,No,Postgraduate,Moderate,Female,71,11-15 hours,3,90-100%,4,1+ sessions,Within 0-100
5562,20,90,Medium,Medium,No,7,78,High,Yes,0,Medium,High,Public,Positive,4,Yes,Postgraduate,Far,Male,69,16+ hours,4,90-100%,4,No tutoring,Within 0-100
5563,16,99,Medium,High,Yes,7,60,Medium,Yes,2,Low,High,Private,Neutral,3,No,Postgraduate,Moderate,Male,71,16+ hours,4,90-100%,4,1+ sessions,Within 0-100
5564,24,91,Low,Medium,Yes,8,52,Medium,Yes,1,Low,Medium,Public,Neutral,5,No,High School,Near,Male,68,16+ hours,4,90-100%,4,1+ sessions,Within 0-100
5565,20,99,Low,Medium,Yes,7,97,Medium,Yes,2,Low,Medium,Public,Neutral,0,No,High School,Near,Male,70,16+ hours,4,90-100%,4,1+ sessions,Within 0-100
5566,24,88,Medium,High,Yes,8,74,Medium,Yes,0,Low,High,Private,Neutral,3,No,Postgraduate,Near,Male,71,16+ hours,4,80-89%,3,No tutoring,Within 0-100
5567,27,63,Medium,Medium,Yes,6,86,Medium,Yes,1,Medium,Medium,Public,Positive,4,No,Postgraduate,Near,Female,68,16+ hours,4,60-69%,1,1+ sessions,Within 0-100
5568,24,76,Low,High,No,8,83,Medium,Yes,1,High,Medium,Private,Positive,4,No,High School,Near,Female,69,16+ hours,4,70-79%,2,1+ sessions,Within 0-100
5569,22,86,Medium,Medium,Yes,9,95,Medium,Yes,4,Medium,Low,Private,Positive,2,No,College,Near,Male,71,16+ hours,4,80-89%,3,1+ sessions,Within 0-100
5570,14,74,High,Medium,No,5,63,Low,No,2,Low,High,Private,Positive,3,No,College,Far,Female,63,11-15 hours,3,70-79%,2,1+ sessions,Within 0-100
5571,20,71,Low,Medium,No,5,72,Medium,Yes,4,Medium,Medium,Public,Positive,4,No,Postgraduate,Moderate,Male,66,16+ hours,4,70-79%,2,1+ sessions,Within 0-100
5572,17,83,Medium,Medium,No,8,96,Medium,Yes,1,Low,Medium,Public,Positive,3,No,College,Moderate,Male,67,16+ hours,4,80-89%,3,1+ sessions,Within 0-100
5573,18,97,High,Low,Yes,7,79,Medium,Yes,3,High,Medium,Private,Positive,3,No,High School,Far,Male,71,16+ hours,4,90-100%,4,1+ sessions,Within 0-100
5574,18,61,Low,Low,No,9,54,Medium,Yes,0,Medium,Medium,Public,Neutral,2,No,College,Near,Female,59,16+ hours,4,60-69%,1,No tutoring,Within 0-100
5575,14,91,High,Medium,Yes,7,60,Medium,Yes,0,High,Medium,Public,Neutral,2,No,High School,Near,Male,67,11-15 hours,3,90-100%,4,No tutoring,Within 0-100
5576,8,89,High,High,No,8,62,Medium,Yes,2,Medium,Medium,Public,Positive,4,Yes,High School,Moderate,Male,66,6-10 hours,2,80-89%,3,1+ sessions,Within 0-100
5577,16,99,Low,High,Yes,6,100,High,Yes,1,High,High,Public,Positive,3,No,High School,Far,Female,72,16+ hours,4,90-100%,4,1+ sessions,Within 0-100
5578,21,97,High,High,No,8,61,Low,Yes,0,Low,High,Public,Neutral,3,Yes,Postgraduate,Near,Female,70,16+ hours,4,90-100%,4,No tutoring,Within 0-100
5579,12,90,Medium,Medium,Yes,8,93,Low,Yes,3,High,Medium,Public,Neutral,3,No,High School,Near,Female,68,11-15 hours,3,90-100%,4,1+ sessions,Within 0-100
5580,20,81,Low,Medium,No,6,54,Low,Yes,0,Low,Low,Public,Positive,2,No,College,Moderate,Female,63,16+ hours,4,80-89%,3,No tutoring,Within 0-100
5581,31,68,Medium,Medium,No,9,59,Medium,Yes,3,High,High,Public,Neutral,2,No,Postgraduate,Near,Female,69,16+ hours,4,60-69%,1,1+ sessions,Within 0-100
5582,26,82,Low,Medium,No,4,94,Low,Yes,0,Low,Low,Private,Positive,3,No,High School,Near,Male,67,16+ hours,4,80-89%,3,No tutoring,Within 0-100
5583,30,91,Medium,High,Yes,7,95,Low,Yes,1,Medium,High,Public,Positive,3,No,College,Near,Female,75,16+ hours,4,90-100%,4,1+ sessions,Within 0-100
5584,22,96,Low,Low,Yes,5,59,Medium,Yes,0,Medium,High,Private,Positive,2,No,High School,Far,Female,67,16+ hours,4,90-100%,4,No tutoring,Within 0-100
5585,27,92,High,High,Yes,5,61,Medium,Yes,0,Medium,High,Private,Positive,3,No,Postgraduate,Near,Male,74,16+ hours,4,90-100%,4,No tutoring,Within 0-100
5586,16,68,Medium,High,Yes,8,77,Medium,Yes,1,Medium,High,Public,Positive,4,No,Postgraduate,Moderate,Male,66,16+ hours,4,60-69%,1,1+ sessions,Within 0-100
5587,16,84,Medium,High,Yes,5,53,Medium,No,2,Low,Medium,Public,Neutral,1,No,High School,Near,Male,65,16+ hours,4,80-89%,3,1+ sessions,Within 0-100
5588,4,73,Low,Medium,Yes,5,97,High,Yes,1,Low,High,Public,Negative,1,No,High School,Near,Male,60,1-5 hours,1,70-79%,2,1+ sessions,Within 0-100
5589,27,60,Medium,High,No,8,68,High,Yes,1,Medium,Medium,Private,Negative,4,Yes,High School,Far,Female,63,16+ hours,4,60-69%,1,1+ sessions,Within 0-100
5590,29,68,Low,High,Yes,5,74,Low,Yes,3,High,High,Public,Neutral,2,Yes,Postgraduate,Near,Male,69,16+ hours,4,60-69%,1,1+ sessions,Within 0-100
5591,17,65,High,High,No,9,55,Medium,Yes,1,Medium,Medium,Public,Positive,2,No,High School,Near,Male,64,16+ hours,4,60-69%,1,1+ sessions,Within 0-100
5592,18,94,Low,Medium,Yes,8,52,Medium,Yes,1,Medium,Medium,Private,Positive,4,No,College,Near,Female,68,16+ hours,4,90-100%,4,1+ sessions,Within 0-100
5593,15,70,Medium,Medium,No,6,73,Low,Yes,2,Medium,Low,Public,Positive,4,No,Unknown,Moderate,Male,63,11-15 hours,3,70-79%,2,1+ sessions,Within 0-100
5594,22,71,Medium,Medium,Yes,8,56,Low,Yes,0,Medium,High,Public,Neutral,2,No,Postgraduate,Near,Male,65,16+ hours,4,70-79%,2,No tutoring,Within 0-100
5595,27,98,Medium,High,No,4,82,Medium,Yes,0,High,Medium,Public,Positive,3,No,High School,Near,Female,74,16+ hours,4,90-100%,4,No tutoring,Within 0-100
5596,10,75,Medium,High,Yes,8,90,Medium,Yes,2,Low,Medium,Public,Positive,2,No,Postgraduate,Moderate,Male,65,6-10 hours,2,70-79%,2,1+ sessions,Within 0-100
5597,22,60,Medium,Medium,Yes,5,52,Medium,Yes,0,Low,Medium,Public,Negative,2,No,High School,Near,Female,61,16+ hours,4,60-69%,1,No tutoring,Within 0-100
5598,18,71,Medium,High,Yes,6,81,Medium,Yes,1,Low,High,Public,Positive,3,No,High School,Near,Male,66,16+ hours,4,70-79%,2,1+ sessions,Within 0-100
5599,21,65,Medium,High,Yes,6,91,High,Yes,1,Medium,High,Public,Positive,3,No,High School,Moderate,Male,67,16+ hours,4,60-69%,1,1+ sessions,Within 0-100
5600,23,64,High,Medium,Yes,9,72,Medium,Yes,0,Low,High,Public,Positive,3,No,College,Near,Male,66,16+ hours,4,60-69%,1,No tutoring,Within 0-100
5601,19,63,High,Medium,No,6,98,High,Yes,4,High,Medium,Private,Positive,2,No,Postgraduate,Near,Male,69,16+ hours,4,60-69%,1,1+ sessions,Within 0-100
5602,19,84,Medium,Medium,Yes,7,56,Low,Yes,2,Low,Medium,Public,Neutral,3,No,High School,Moderate,Female,65,16+ hours,4,80-89%,3,1+ sessions,Within 0-100
5603,19,68,High,High,No,6,66,Medium,Yes,2,Medium,Medium,Public,Neutral,3,No,High School,Far,Female,65,16+ hours,4,60-69%,1,1+ sessions,Within 0-100
5604,26,74,High,Medium,No,6,62,Medium,Yes,0,Low,Medium,Private,Neutral,3,No,High School,Near,Female,66,16+ hours,4,70-79%,2,No tutoring,Within 0-100
5605,23,94,Medium,High,No,5,100,Low,Yes,2,Medium,High,Public,Neutral,2,No,Postgraduate,Near,Male,73,16+ hours,4,90-100%,4,1+ sessions,Within 0-100
5606,21,77,Low,Medium,Yes,7,65,Medium,Yes,2,Low,High,Public,Negative,2,No,High School,Moderate,Female,64,16+ hours,4,70-79%,2,1+ sessions,Within 0-100
5607,12,97,Medium,Low,Yes,7,69,Low,Yes,0,Low,High,Public,Positive,5,No,High School,Near,Female,67,11-15 hours,3,90-100%,4,No tutoring,Within 0-100
5608,18,80,Medium,Low,Yes,8,92,High,Yes,0,Medium,High,Private,Positive,1,No,College,Near,Male,67,16+ hours,4,80-89%,3,No tutoring,Within 0-100
5609,25,76,Medium,Low,Yes,7,96,Medium,Yes,3,Medium,Medium,Public,Positive,4,Yes,High School,Near,Female,68,16+ hours,4,70-79%,2,1+ sessions,Within 0-100
5610,20,90,Medium,Low,Yes,7,97,Medium,Yes,2,High,High,Public,Positive,3,No,College,Moderate,Male,71,16+ hours,4,90-100%,4,1+ sessions,Within 0-100
5611,24,63,Medium,Medium,Yes,8,78,Medium,Yes,0,Low,High,Private,Negative,3,No,High School,Near,Male,64,16+ hours,4,60-69%,1,No tutoring,Within 0-100
5612,31,64,Medium,Medium,Yes,6,83,Medium,Yes,1,Medium,Medium,Public,Positive,2,No,High School,Moderate,Female,67,16+ hours,4,60-69%,1,1+ sessions,Within 0-100
5613,26,86,Medium,Low,No,5,67,Medium,Yes,2,Low,High,Private,Positive,1,No,High School,Moderate,Female,68,16+ hours,4,80-89%,3,1+ sessions,Within 0-100
5614,21,79,Low,Medium,Yes,8,80,High,Yes,1,Low,High,Private,Negative,3,No,College,Near,Male,67,16+ hours,4,70-79%,2,1+ sessions,Within 0-100
5615,17,92,Low,Medium,Yes,6,65,High,Yes,3,Medium,High,Public,Positive,2,No,College,Near,Male,70,16+ hours,4,90-100%,4,1+ sessions,Within 0-100
5616,5,97,Medium,Low,Yes,7,87,Medium,Yes,2,Medium,Medium,Private,Neutral,3,Yes,High School,Far,Female,64,1-5 hours,1,90-100%,4,1+ sessions,Within 0-100
5617,19,76,Medium,Medium,Yes,6,65,Medium,Yes,0,Low,Medium,Public,Neutral,4,Yes,High School,Near,Female,63,16+ hours,4,70-79%,2,No tutoring,Within 0-100
5618,18,84,High,High,No,6,94,Medium,Yes,3,High,Medium,Public,Neutral,4,No,High School,Near,Male,71,16+ hours,4,80-89%,3,1+ sessions,Within 0-100
5619,22,80,Low,Low,No,4,57,Low,Yes,1,Low,Medium,Public,Neutral,3,No,Postgraduate,Moderate,Male,64,16+ hours,4,80-89%,3,1+ sessions,Within 0-100
5620,19,99,Low,Low,No,8,79,High,Yes,3,Medium,Medium,Private,Positive,4,No,High School,Near,Male,70,16+ hours,4,90-100%,4,1+ sessions,Within 0-100
5621,18,93,Medium,High,No,4,76,High,Yes,3,Low,Medium,Public,Negative,3,No,College,Near,Female,70,16+ hours,4,90-100%,4,1+ sessions,Within 0-100
5622,9,96,Medium,High,Yes,9,63,Medium,Yes,1,High,Medium,Private,Neutral,1,No,High School,Near,Male,67,6-10 hours,2,90-100%,4,1+ sessions,Within 0-100
5623,14,70,Medium,Medium,Yes,9,51,Low,Yes,1,Low,High,Public,Negative,4,No,College,Near,Male,62,11-15 hours,3,70-79%,2,1+ sessions,Within 0-100
5624,23,91,Medium,Medium,No,6,57,Low,Yes,2,Low,High,Private,Positive,2,No,High School,Near,Male,69,16+ hours,4,90-100%,4,1+ sessions,Within 0-100
5625,30,71,Low,High,No,9,98,Low,Yes,2,High,Medium,Public,Positive,1,No,High School,Moderate,Female,69,16+ hours,4,70-79%,2,1+ sessions,Within 0-100
5626,19,68,Low,High,No,10,97,Low,No,0,Low,Medium,Public,Positive,3,No,College,Far,Female,62,16+ hours,4,60-69%,1,No tutoring,Within 0-100
5627,22,98,Low,Medium,No,7,56,High,Yes,1,High,Medium,Private,Neutral,1,No,College,Near,Female,70,16+ hours,4,90-100%,4,1+ sessions,Within 0-100
5628,26,61,Medium,Medium,Yes,8,69,High,Yes,2,Medium,High,Public,Positive,3,No,High School,Near,Male,66,16+ hours,4,60-69%,1,1+ sessions,Within 0-100
5629,15,99,High,Medium,No,7,73,Low,Yes,1,Low,Medium,Public,Positive,3,No,High School,Near,Male,69,11-15 hours,3,90-100%,4,1+ sessions,Within 0-100
5630,22,66,Medium,Low,Yes,9,74,Medium,Yes,3,Low,High,Public,Negative,3,No,Postgraduate,Near,Female,65,16+ hours,4,60-69%,1,1+ sessions,Within 0-100
5631,16,93,Low,High,Yes,5,65,Low,Yes,0,Medium,Medium,Public,Negative,3,No,High School,Near,Female,66,16+ hours,4,90-100%,4,No tutoring,Within 0-100
5632,25,71,High,Medium,Yes,7,96,Low,Yes,2,Low,Medium,Public,Positive,3,No,High School,Near,Female,69,16+ hours,4,70-79%,2,1+ sessions,Within 0-100
5633,21,74,High,Medium,Yes,8,95,Low,Yes,1,Medium,Medium,Private,Positive,5,Yes,High School,Far,Female,66,16+ hours,4,70-79%,2,1+ sessions,Within 0-100
5634,22,69,Low,High,Yes,8,51,Medium,Yes,1,Low,High,Public,Positive,3,No,High School,Near,Female,65,16+ hours,4,60-69%,1,1+ sessions,Within 0-100
5635,15,83,Medium,Low,Yes,7,83,Low,Yes,1,High,Medium,Public,Neutral,2,No,Postgraduate,Near,Female,66,11-15 hours,3,80-89%,3,1+ sessions,Within 0-100
5636,24,74,Low,Low,Yes,9,54,Medium,Yes,1,Low,Unknown,Public,Neutral,3,No,Unknown,Near,Female,63,16+ hours,4,70-79%,2,1+ sessions,Within 0-100
5637,33,86,Low,Medium,Yes,7,80,Medium,Yes,0,Low,High,Public,Neutral,3,No,Postgraduate,Near,Female,72,16+ hours,4,80-89%,3,No tutoring,Within 0-100
5638,14,61,Medium,Medium,Yes,7,93,Low,Yes,3,Medium,High,Public,Negative,2,No,High School,Moderate,Male,62,11-15 hours,3,60-69%,1,1+ sessions,Within 0-100
5639,18,63,High,High,No,8,82,Medium,Yes,1,High,Medium,Private,Negative,1,No,High School,Near,Male,64,16+ hours,4,60-69%,1,1+ sessions,Within 0-100
5640,21,64,Medium,Low,No,7,73,High,Yes,2,Low,Medium,Public,Negative,2,Yes,College,Far,Female,61,16+ hours,4,60-69%,1,1+ sessions,Within 0-100
5641,25,77,High,Medium,Yes,7,98,Low,Yes,0,High,Medium,Public,Positive,2,No,High School,Near,Male,70,16+ hours,4,70-79%,2,No tutoring,Within 0-100
5642,17,93,Medium,Medium,No,6,87,Medium,Yes,1,Low,High,Private,Negative,2,No,High School,Moderate,Female,67,16+ hours,4,90-100%,4,1+ sessions,Within 0-100
5643,3,96,High,High,Yes,10,62,Medium,Yes,3,Low,Medium,Private,Neutral,4,No,High School,Far,Male,66,1-5 hours,1,90-100%,4,1+ sessions,Within 0-100
5644,28,70,Medium,Medium,Yes,6,69,Medium,Yes,2,Low,Low,Public,Positive,4,Yes,High School,Near,Male,66,16+ hours,4,70-79%,2,1+ sessions,Within 0-100
5645,25,83,Low,Medium,Yes,8,88,Low,Yes,1,Medium,High,Public,Neutral,3,Yes,College,Near,Male,68,16+ hours,4,80-89%,3,1+ sessions,Within 0-100
5646,10,91,High,High,Yes,10,51,Medium,Yes,0,Low,Medium,Public,Positive,3,No,Postgraduate,Moderate,Male,67,6-10 hours,2,90-100%,4,No tutoring,Within 0-100
5647,16,72,Medium,High,No,5,53,Medium,Yes,1,High,High,Public,Positive,3,No,College,Near,Male,65,16+ hours,4,70-79%,2,1+ sessions,Within 0-100
5648,29,76,Medium,High,Yes,8,93,Low,No,0,Medium,High,Public,Positive,4,No,College,Moderate,Male,70,16+ hours,4,70-79%,2,No tutoring,Within 0-100
5649,29,81,Medium,Medium,Yes,7,52,Medium,No,1,High,Medium,Public,Neutral,4,No,College,Near,Female,69,16+ hours,4,80-89%,3,1+ sessions,Within 0-100
5650,26,65,Medium,Medium,Yes,10,84,Medium,Yes,1,Low,High,Public,Positive,4,No,Postgraduate,Near,Male,68,16+ hours,4,60-69%,1,1+ sessions,Within 0-100
5651,19,61,Medium,Medium,No,6,66,Medium,Yes,0,High,Medium,Public,Neutral,1,No,High School,Near,Male,61,16+ hours,4,60-69%,1,No tutoring,Within 0-100
5652,20,66,Medium,High,Yes,6,91,Low,Yes,0,Medium,High,Public,Negative,5,No,High School,Far,Male,65,16+ hours,4,60-69%,1,No tutoring,Within 0-100
5653,19,85,High,High,No,7,92,Medium,Yes,3,Medium,Medium,Public,Neutral,2,No,College,Near,Female,71,16+ hours,4,80-89%,3,1+ sessions,Within 0-100
5654,27,63,Medium,High,No,6,98,Low,Yes,0,Medium,Medium,Private,Negative,3,No,High School,Near,Female,66,16+ hours,4,60-69%,1,No tutoring,Within 0-100
5655,15,68,Medium,High,No,6,55,Medium,No,0,High,Medium,Private,Positive,3,No,High School,Near,Female,62,11-15 hours,3,60-69%,1,No tutoring,Within 0-100
5656,15,74,Low,Low,No,10,71,Medium,Yes,0,Low,High,Public,Negative,2,No,Postgraduate,Near,Male,61,11-15 hours,3,70-79%,2,No tutoring,Within 0-100
5657,26,63,High,High,Yes,7,79,Medium,Yes,1,Low,High,Public,Negative,2,No,High School,Near,Male,67,16+ hours,4,60-69%,1,1+ sessions,Within 0-100
5658,20,68,Medium,High,Yes,6,96,Medium,Yes,0,Low,High,Public,Neutral,3,No,High School,Near,Female,66,16+ hours,4,60-69%,1,No tutoring,Within 0-100
5659,28,96,Low,High,No,6,63,High,No,1,High,Medium,Public,Positive,2,No,High School,Moderate,Female,71,16+ hours,4,90-100%,4,1+ sessions,Within 0-100
5660,16,61,Medium,High,Yes,8,54,High,Yes,0,Low,High,Private,Positive,3,No,College,Moderate,Male,62,16+ hours,4,60-69%,1,No tutoring,Within 0-100
5661,20,86,Medium,Medium,Yes,8,60,Low,Yes,1,High,Medium,Public,Neutral,3,Yes,Postgraduate,Near,Male,67,16+ hours,4,80-89%,3,1+ sessions,Within 0-100
5662,14,75,Medium,Medium,Yes,6,75,Medium,Yes,0,Low,High,Public,Neutral,2,No,High School,Near,Male,64,11-15 hours,3,70-79%,2,No tutoring,Within 0-100
5663,20,87,Medium,Low,No,5,84,Medium,Yes,2,Medium,Medium,Private,Neutral,3,No,High School,Near,Male,68,16+ hours,4,80-89%,3,1+ sessions,Within 0-100
5664,11,84,Medium,Medium,Yes,7,85,High,Yes,3,Medium,Medium,Public,Neutral,4,No,College,Moderate,Female,67,11-15 hours,3,80-89%,3,1+ sessions,Within 0-100
5665,17,69,Medium,Medium,Yes,7,54,High,Yes,1,High,Low,Public,Neutral,2,No,High School,Near,Male,63,16+ hours,4,60-69%,1,1+ sessions,Within 0-100
5666,11,94,High,High,No,6,88,Medium,Yes,2,Medium,Medium,Public,Positive,4,No,High School,Near,Male,70,11-15 hours,3,90-100%,4,1+ sessions,Within 0-100
5667,24,80,Low,High,Yes,9,83,Medium,Yes,1,Low,Low,Public,Negative,1,No,High School,Near,Male,67,16+ hours,4,80-89%,3,1+ sessions,Within 0-100
5668,24,93,Medium,High,Yes,8,70,Low,Yes,1,Medium,High,Private,Neutral,3,No,High School,Moderate,Female,71,16+ hours,4,90-100%,4,1+ sessions,Within 0-100
5669,10,76,Medium,Low,Yes,7,79,Low,Yes,3,Medium,Medium,Private,Neutral,4,No,High School,Far,Female,62,6-10 hours,2,70-79%,2,1+ sessions,Within 0-100
5670,28,99,Medium,Medium,Yes,6,88,Medium,Yes,3,Low,Medium,Public,Positive,4,No,High School,Near,Female,75,16+ hours,4,90-100%,4,1+ sessions,Within 0-100
5671,35,91,Low,Medium,Yes,10,63,Low,Yes,1,Medium,Medium,Public,Neutral,5,No,High School,Near,Male,72,16+ hours,4,90-100%,4,1+ sessions,Within 0-100
5672,20,99,Medium,Low,Yes,5,97,Low,Yes,4,High,Medium,Public,Neutral,3,No,College,Near,Female,73,16+ hours,4,90-100%,4,1+ sessions,Within 0-100
5673,16,81,Low,Medium,No,6,57,High,Yes,3,Low,Low,Private,Positive,3,No,High School,Near,Male,64,16+ hours,4,80-89%,3,1+ sessions,Within 0-100
5674,37,79,Medium,High,No,6,95,High,Yes,1,High,Medium,Public,Negative,1,No,High School,Near,Male,73,16+ hours,4,70-79%,2,1+ sessions,Within 0-100
5675,12,90,Medium,Low,Yes,7,87,Low,Yes,2,Low,High,Public,Neutral,2,No,Postgraduate,Far,Male,66,11-15 hours,3,90-100%,4,1+ sessions,Within 0-100
5676,20,95,Low,Low,No,8,83,High,Yes,1,Medium,Medium,Private,Positive,3,No,High School,Near,Female,69,16+ hours,4,90-100%,4,1+ sessions,Within 0-100
5677,21,99,Medium,Medium,Yes,5,54,High,Yes,1,Low,Medium,Public,Neutral,4,No,College,Moderate,Male,70,16+ hours,4,90-100%,4,1+ sessions,Within 0-100
5678,28,73,Medium,High,Yes,6,96,Medium,Yes,1,Medium,Medium,Public,Negative,0,No,Postgraduate,Near,Female,70,16+ hours,4,70-79%,2,1+ sessions,Within 0-100
5679,22,92,High,High,No,8,65,Medium,Yes,0,Medium,High,Private,Positive,2,No,High School,Moderate,Male,71,16+ hours,4,90-100%,4,No tutoring,Within 0-100
5680,17,68,Low,High,Yes,6,87,High,Yes,0,Low,Medium,Private,Positive,4,Yes,College,Near,Male,64,16+ hours,4,60-69%,1,No tutoring,Within 0-100
5681,14,82,Medium,High,No,6,94,Low,Yes,7,Medium,High,Private,Negative,4,No,Postgraduate,Near,Male,71,11-15 hours,3,80-89%,3,1+ sessions,Within 0-100
5682,18,67,High,Medium,Yes,7,62,High,Yes,1,Low,Low,Private,Positive,2,No,High School,Far,Male,63,16+ hours,4,60-69%,1,1+ sessions,Within 0-100
5683,14,74,High,High,Yes,6,96,Low,Yes,2,Low,High,Public,Neutral,4,No,College,Near,Male,68,11-15 hours,3,70-79%,2,1+ sessions,Within 0-100
5684,20,97,Medium,Medium,No,7,81,Medium,Yes,3,Medium,High,Public,Neutral,3,Yes,College,Near,Male,71,16+ hours,4,90-100%,4,1+ sessions,Within 0-100
5685,17,66,Medium,Medium,Yes,8,83,Medium,Yes,4,Medium,High,Private,Negative,5,No,High School,Moderate,Male,65,16+ hours,4,60-69%,1,1+ sessions,Within 0-100
5686,11,85,High,Medium,Yes,7,96,Medium,No,1,Low,Medium,Public,Neutral,3,No,High School,Near,Male,66,11-15 hours,3,80-89%,3,1+ sessions,Within 0-100
5687,28,84,High,High,Yes,9,76,High,Yes,0,High,Medium,Private,Negative,3,No,High School,Near,Male,72,16+ hours,4,80-89%,3,No tutoring,Within 0-100
5688,17,65,High,High,Yes,8,72,Low,Yes,1,Low,Medium,Public,Positive,4,No,College,Moderate,Male,65,16+ hours,4,60-69%,1,1+ sessions,Within 0-100
5689,12,73,Low,Medium,No,7,82,Medium,No,1,Low,Medium,Public,Positive,3,No,High School,Far,Male,60,11-15 hours,3,70-79%,2,1+ sessions,Within 0-100
5690,19,83,Low,Medium,No,7,78,High,No,2,Low,High,Public,Positive,4,No,Postgraduate,Moderate,Male,67,16+ hours,4,80-89%,3,1+ sessions,Within 0-100
5691,20,67,Medium,High,No,10,53,High,Yes,1,Low,Medium,Private,Positive,2,No,Postgraduate,Near,Male,65,16+ hours,4,60-69%,1,1+ sessions,Within 0-100
5692,10,92,High,Low,Yes,6,59,High,Yes,0,Low,Medium,Public,Negative,2,No,High School,Moderate,Female,64,6-10 hours,2,90-100%,4,No tutoring,Within 0-100
5693,22,99,High,High,Yes,7,51,Medium,Yes,2,High,High,Public,Negative,4,Yes,High School,Moderate,Male,72,16+ hours,4,90-100%,4,1+ sessions,Within 0-100
5694,14,69,High,Medium,No,6,55,Medium,Yes,3,Low,Low,Private,Positive,2,No,High School,Moderate,Male,62,11-15 hours,3,60-69%,1,1+ sessions,Within 0-100
5695,30,67,Medium,Medium,Yes,8,86,Medium,Yes,0,Low,Medium,Public,Neutral,4,No,High School,Moderate,Female,67,16+ hours,4,60-69%,1,No tutoring,Within 0-100
5696,23,78,Medium,Medium,Yes,10,50,Medium,Yes,1,Medium,Medium,Private,Positive,3,Yes,Postgraduate,Near,Female,67,16+ hours,4,70-79%,2,1+ sessions,Within 0-100
5697,18,90,Medium,Medium,No,7,65,Low,Yes,4,Medium,Medium,Public,Positive,3,No,College,Near,Female,69,16+ hours,4,90-100%,4,1+ sessions,Within 0-100
5698,16,71,High,High,Yes,7,72,Low,Yes,1,Medium,Low,Private,Neutral,4,No,College,Moderate,Female,65,16+ hours,4,70-79%,2,1+ sessions,Within 0-100
5699,19,61,Medium,High,No,7,97,Low,Yes,0,Medium,High,Public,Negative,3,Yes,College,Far,Male,62,16+ hours,4,60-69%,1,No tutoring,Within 0-100
5700,24,82,High,Medium,Yes,5,66,Medium,Yes,0,Medium,Medium,Private,Neutral,3,No,Postgraduate,Near,Male,69,16+ hours,4,80-89%,3,No tutoring,Within 0-100
5701,20,98,Medium,High,No,7,89,Medium,Yes,1,High,Medium,Public,Positive,3,No,College,Far,Female,72,16+ hours,4,90-100%,4,1+ sessions,Within 0-100
5702,19,76,Low,High,Yes,10,70,Low,Yes,1,Low,Medium,Public,Negative,3,No,College,Far,Female,63,16+ hours,4,70-79%,2,1+ sessions,Within 0-100
5703,20,77,High,Medium,No,8,55,Low,Yes,1,Medium,Medium,Public,Negative,3,No,College,Far,Female,64,16+ hours,4,70-79%,2,1+ sessions,Within 0-100
5704,16,99,Low,Medium,Yes,9,55,Medium,Yes,1,High,Medium,Public,Neutral,3,Yes,College,Far,Female,67,16+ hours,4,90-100%,4,1+ sessions,Within 0-100
5705,18,88,Medium,Medium,No,9,72,High,Yes,2,High,High,Public,Neutral,4,No,Postgraduate,Moderate,Male,70,16+ hours,4,80-89%,3,1+ sessions,Within 0-100
5706,7,89,High,Low,Yes,6,53,Medium,Yes,3,Low,High,Private,Neutral,2,No,High School,Moderate,Male,64,6-10 hours,2,80-89%,3,1+ sessions,Within 0-100
5707,26,83,Medium,Medium,No,10,79,Medium,Yes,1,High,Medium,Public,Neutral,2,No,High School,Moderate,Female,69,16+ hours,4,80-89%,3,1+ sessions,Within 0-100
5708,22,99,High,High,No,4,75,Low,Yes,2,Medium,Medium,Private,Negative,4,No,High School,Near,Female,72,16+ hours,4,90-100%,4,1+ sessions,Within 0-100
5709,15,88,Medium,Medium,Yes,7,85,Medium,Yes,4,Medium,Medium,Private,Negative,2,No,Postgraduate,Near,Female,69,11-15 hours,3,80-89%,3,1+ sessions,Within 0-100
5710,31,96,High,Medium,Yes,4,59,Medium,Yes,3,Low,Medium,Private,Neutral,5,No,High School,Near,Female,75,16+ hours,4,90-100%,4,1+ sessions,Within 0-100
5711,21,88,Low,Medium,No,4,80,Low,Yes,1,Medium,Medium,Public,Positive,2,Yes,Postgraduate,Near,Male,67,16+ hours,4,80-89%,3,1+ sessions,Within 0-100
5712,14,89,Medium,Medium,Yes,8,59,High,Yes,1,Low,Medium,Private,Neutral,3,No,College,Near,Male,67,11-15 hours,3,80-89%,3,1+ sessions,Within 0-100
5713,25,72,Medium,Medium,No,6,86,High,Yes,0,Medium,Unknown,Public,Neutral,2,No,High School,Far,Female,66,16+ hours,4,70-79%,2,No tutoring,Within 0-100
5714,22,72,Medium,Low,Yes,9,65,High,Yes,0,Medium,Medium,Public,Neutral,3,No,High School,Moderate,Male,64,16+ hours,4,70-79%,2,No tutoring,Within 0-100
5715,22,91,Medium,Low,No,4,81,Medium,Yes,2,Low,High,Private,Negative,3,No,High School,Near,Male,68,16+ hours,4,90-100%,4,1+ sessions,Within 0-100
5716,17,72,High,Medium,Yes,7,94,High,Yes,1,Low,Medium,Public,Neutral,5,No,High School,Moderate,Male,66,16+ hours,4,70-79%,2,1+ sessions,Within 0-100
5717,23,83,High,Medium,No,5,74,Medium,Yes,3,Low,Medium,Public,Negative,2,No,Postgraduate,Near,Male,69,16+ hours,4,80-89%,3,1+ sessions,Within 0-100
5718,18,70,High,Low,Yes,7,60,Medium,Yes,1,Medium,High,Public,Positive,3,No,College,Near,Male,65,16+ hours,4,70-79%,2,1+ sessions,Within 0-100
5719,23,93,Medium,Low,Yes,9,94,High,Yes,2,Medium,Low,Private,Negative,3,No,High School,Moderate,Female,70,16+ hours,4,90-100%,4,1+ sessions,Within 0-100
5720,9,64,Medium,Low,Yes,10,68,Low,Yes,0,Medium,Medium,Private,Negative,3,No,High School,Near,Male,57,6-10 hours,2,60-69%,1,No tutoring,Within 0-100
5721,17,93,Medium,Medium,No,8,87,Low,Yes,2,High,High,Private,Negative,3,No,College,Moderate,Male,69,16+ hours,4,90-100%,4,1+ sessions,Within 0-100
5722,30,84,High,Low,Yes,5,66,Low,Yes,0,Medium,Low,Public,Positive,2,No,Postgraduate,Near,Female,70,16+ hours,4,80-89%,3,No tutoring,Within 0-100
5723,15,67,Low,Medium,Yes,5,65,Medium,Yes,4,Medium,Medium,Private,Negative,2,No,College,Near,Male,63,11-15 hours,3,60-69%,1,1+ sessions,Within 0-100
5724,16,82,Medium,Medium,No,7,82,Medium,Yes,1,Medium,Low,Public,Neutral,3,No,Postgraduate,Moderate,Female,66,16+ hours,4,80-89%,3,1+ sessions,Within 0-100
5725,17,71,Medium,Medium,Yes,6,58,Medium,Yes,3,Medium,Medium,Private,Positive,3,Yes,High School,Unknown,Male,64,16+ hours,4,70-79%,2,1+ sessions,Within 0-100
5726,13,73,Medium,High,No,8,93,Medium,Yes,0,High,High,Public,Neutral,3,No,Postgraduate,Unknown,Female,65,11-15 hours,3,70-79%,2,No tutoring,Within 0-100
5727,7,74,High,Medium,No,10,69,High,Yes,1,High,Medium,Public,Positive,4,No,High School,Near,Male,64,6-10 hours,2,70-79%,2,1+ sessions,Within 0-100
5728,19,63,Medium,Low,Yes,6,51,High,Yes,2,Medium,Medium,Public,Neutral,4,No,High School,Near,Male,62,16+ hours,4,60-69%,1,1+ sessions,Within 0-100
5729,21,99,High,Medium,Yes,6,65,Low,Yes,1,Medium,Medium,Private,Positive,2,No,College,Far,Female,71,16+ hours,4,90-100%,4,1+ sessions,Within 0-100
5730,20,61,Medium,High,No,5,89,Medium,Yes,1,Medium,Medium,Public,Neutral,2,No,Postgraduate,Far,Female,64,16+ hours,4,60-69%,1,1+ sessions,Within 0-100
5731,19,86,High,High,Yes,7,93,High,Yes,1,Medium,High,Public,Neutral,2,No,High School,Near,Male,72,16+ hours,4,80-89%,3,1+ sessions,Within 0-100
5732,20,75,Medium,Medium,No,7,78,Medium,Yes,0,Low,Medium,Public,Negative,2,No,College,Near,Female,64,16+ hours,4,70-79%,2,No tutoring,Within 0-100
5733,26,86,Medium,Low,Yes,7,65,Medium,Yes,2,High,High,Private,Neutral,4,No,Postgraduate,Moderate,Male,71,16+ hours,4,80-89%,3,1+ sessions,Within 0-100
5734,19,74,Medium,Medium,Yes,8,76,High,Yes,5,Medium,High,Public,Neutral,4,Yes,College,Near,Female,68,16+ hours,4,70-79%,2,1+ sessions,Within 0-100
5735,17,87,Medium,Medium,Yes,8,92,Medium,No,3,High,Low,Public,Negative,2,No,College,Near,Male,68,16+ hours,4,80-89%,3,1+ sessions,Within 0-100
5736,18,89,Medium,Medium,No,7,66,Medium,Yes,2,Medium,Medium,Public,Positive,3,No,College,Moderate,Male,68,16+ hours,4,80-89%,3,1+ sessions,Within 0-100
5737,23,88,Medium,Medium,No,7,69,Medium,Yes,3,Low,High,Public,Negative,3,No,High School,Near,Male,69,16+ hours,4,80-89%,3,1+ sessions,Within 0-100
5738,28,65,Low,Medium,Yes,7,77,High,Yes,1,Low,High,Public,Positive,3,No,College,Near,Male,67,16+ hours,4,60-69%,1,1+ sessions,Within 0-100
5739,16,86,Medium,Low,No,7,94,Low,Yes,0,Low,Medium,Private,Positive,4,No,High School,Near,Male,66,16+ hours,4,80-89%,3,No tutoring,Within 0-100
5740,21,71,Medium,Medium,Yes,6,79,Medium,Yes,1,Low,Medium,Private,Neutral,4,No,Postgraduate,Far,Male,65,16+ hours,4,70-79%,2,1+ sessions,Within 0-100
5741,22,61,Medium,High,No,5,60,High,Yes,0,High,Low,Private,Neutral,2,No,High School,Moderate,Male,63,16+ hours,4,60-69%,1,No tutoring,Within 0-100
5742,14,77,High,Low,No,7,54,Medium,Yes,1,Medium,High,Public,Negative,2,No,High School,Moderate,Male,62,11-15 hours,3,70-79%,2,1+ sessions,Within 0-100
5743,20,77,High,High,No,6,55,Medium,Yes,1,High,Low,Private,Neutral,1,No,College,Near,Male,67,16+ hours,4,70-79%,2,1+ sessions,Within 0-100
5744,11,79,Medium,Medium,Yes,8,98,Medium,Yes,2,Low,Medium,Public,Neutral,4,No,High School,Near,Female,65,11-15 hours,3,70-79%,2,1+ sessions,Within 0-100
5745,9,88,Medium,Medium,Yes,7,91,Medium,Yes,1,Low,Unknown,Public,Negative,3,No,College,Near,Female,66,6-10 hours,2,80-89%,3,1+ sessions,Within 0-100
5746,22,72,Low,High,No,7,88,Medium,No,2,Medium,Medium,Public,Positive,4,No,High School,Near,Female,66,16+ hours,4,70-79%,2,1+ sessions,Within 0-100
5747,18,73,Medium,Medium,Yes,8,75,Medium,Yes,0,High,Medium,Public,Neutral,1,Yes,College,Near,Female,64,16+ hours,4,70-79%,2,No tutoring,Within 0-100
5748,21,62,High,Medium,Yes,5,84,Medium,Yes,5,Low,Medium,Public,Positive,4,No,High School,Near,Female,67,16+ hours,4,60-69%,1,1+ sessions,Within 0-100
5749,20,87,Medium,Medium,No,10,56,Medium,Yes,2,Medium,Medium,Public,Neutral,2,No,College,Moderate,Female,67,16+ hours,4,80-89%,3,1+ sessions,Within 0-100
5750,14,83,Low,Low,No,4,81,Low,Yes,1,Low,Medium,Public,Negative,4,Yes,High School,Moderate,Male,61,11-15 hours,3,80-89%,3,1+ sessions,Within 0-100
5751,20,74,Medium,Medium,Yes,9,91,Medium,Yes,1,Low,Medium,Public,Neutral,5,No,High School,Near,Male,66,16+ hours,4,70-79%,2,1+ sessions,Within 0-100
5752,13,88,High,Medium,Yes,7,53,Medium,Yes,2,Medium,Medium,Private,Negative,4,No,College,Moderate,Male,66,11-15 hours,3,80-89%,3,1+ sessions,Within 0-100
5753,28,81,Medium,Low,Yes,6,65,Medium,Yes,1,Low,Medium,Public,Positive,2,No,High School,Moderate,Male,67,16+ hours,4,80-89%,3,1+ sessions,Within 0-100
5754,12,79,High,Medium,No,5,56,High,Yes,1,Low,Low,Public,Positive,5,No,High School,Near,Female,64,11-15 hours,3,70-79%,2,1+ sessions,Within 0-100
5755,19,80,High,Low,No,6,63,Low,Yes,1,Low,Medium,Public,Neutral,3,No,High School,Near,Male,64,16+ hours,4,80-89%,3,1+ sessions,Within 0-100
5756,14,85,Low,Medium,No,7,89,Medium,Yes,2,Medium,High,Public,Positive,2,No,College,Moderate,Male,67,11-15 hours,3,80-89%,3,1+ sessions,Within 0-100
5757,23,86,Low,High,No,7,67,Low,Yes,2,Medium,High,Private,Neutral,3,Yes,College,Near,Female,68,16+ hours,4,80-89%,3,1+ sessions,Within 0-100
5758,18,72,Medium,Low,No,9,84,Medium,Yes,2,Medium,Medium,Public,Neutral,4,No,High School,Near,Male,64,16+ hours,4,70-79%,2,1+ sessions,Within 0-100
5759,17,66,Medium,Medium,Yes,7,89,Medium,Yes,0,Medium,Medium,Private,Negative,3,No,College,Near,Male,63,16+ hours,4,60-69%,1,No tutoring,Within 0-100
5760,25,66,Medium,High,Yes,7,91,Medium,Yes,2,Low,High,Public,Neutral,3,No,College,Near,Male,68,16+ hours,4,60-69%,1,1+ sessions,Within 0-100
5761,20,86,Low,Low,No,8,94,Low,Yes,2,Low,Medium,Private,Negative,2,No,High School,Far,Female,64,16+ hours,4,80-89%,3,1+ sessions,Within 0-100
5762,23,95,Low,Medium,Yes,7,80,High,Yes,2,Low,Medium,Public,Neutral,4,No,High School,Moderate,Female,70,16+ hours,4,90-100%,4,1+ sessions,Within 0-100
5763,14,76,Low,Medium,No,7,64,Medium,Yes,3,Medium,Medium,Private,Positive,3,No,College,Near,Male,64,11-15 hours,3,70-79%,2,1+ sessions,Within 0-100
5764,12,67,High,Medium,No,7,58,Medium,Yes,0,High,Medium,Public,Neutral,2,Yes,High School,Far,Male,59,11-15 hours,3,60-69%,1,No tutoring,Within 0-100
5765,21,90,High,Medium,Yes,8,75,Medium,Yes,4,Low,High,Public,Neutral,2,No,High School,Moderate,Male,71,16+ hours,4,90-100%,4,1+ sessions,Within 0-100
5766,18,93,Low,Medium,Yes,6,55,Medium,Yes,3,Low,Medium,Public,Negative,5,No,High School,Moderate,Male,67,16+ hours,4,90-100%,4,1+ sessions,Within 0-100
5767,24,95,Medium,Low,Yes,6,96,High,Yes,3,Low,Medium,Private,Neutral,3,No,Postgraduate,Near,Female,73,16+ hours,4,90-100%,4,1+ sessions,Within 0-100
5768,20,84,Low,Low,No,8,72,Medium,Yes,3,High,Medium,Public,Neutral,3,No,High School,Near,Male,66,16+ hours,4,80-89%,3,1+ sessions,Within 0-100
5769,21,94,High,High,No,5,94,Medium,Yes,2,Low,High,Private,Neutral,2,No,College,Near,Male,73,16+ hours,4,90-100%,4,1+ sessions,Within 0-100
5770,10,61,High,Medium,Yes,7,85,High,Yes,1,Medium,Medium,Public,Neutral,4,No,High School,Near,Female,62,6-10 hours,2,60-69%,1,1+ sessions,Within 0-100
5771,31,64,Medium,High,No,6,93,Medium,Yes,1,Low,High,Public,Neutral,3,No,High School,Near,Female,69,16+ hours,4,60-69%,1,1+ sessions,Within 0-100
5772,19,64,Medium,High,No,8,94,Medium,Yes,3,Medium,High,Private,Neutral,3,Yes,Postgraduate,Near,Female,66,16+ hours,4,60-69%,1,1+ sessions,Within 0-100
5773,24,89,Medium,Low,Yes,9,53,Medium,Yes,1,Low,High,Private,Neutral,3,No,High School,Near,Male,68,16+ hours,4,80-89%,3,1+ sessions,Within 0-100
5774,15,63,Medium,Medium,Yes,6,86,Low,Yes,4,High,Medium,Public,Positive,5,No,High School,Near,Male,65,11-15 hours,3,60-69%,1,1+ sessions,Within 0-100
5775,22,80,Medium,Medium,Yes,8,61,High,Yes,1,Low,Medium,Public,Positive,2,No,College,Moderate,Male,67,16+ hours,4,80-89%,3,1+ sessions,Within 0-100
5776,12,79,Medium,Medium,Yes,7,99,Low,Yes,2,Medium,Medium,Public,Negative,2,Yes,High School,Near,Female,64,11-15 hours,3,70-79%,2,1+ sessions,Within 0-100
5777,23,72,High,High,Yes,6,89,Medium,No,0,Medium,High,Private,Negative,3,No,High School,Moderate,Male,67,16+ hours,4,70-79%,2,No tutoring,Within 0-100
5778,18,95,Low,Low,Yes,7,50,Low,Yes,3,Medium,Medium,Private,Neutral,3,No,High School,Moderate,Female,66,16+ hours,4,90-100%,4,1+ sessions,Within 0-100
5779,20,67,High,Medium,No,9,96,High,Yes,1,High,High,Public,Positive,3,No,High School,Near,Female,68,16+ hours,4,60-69%,1,1+ sessions,Within 0-100
5780,24,74,Medium,Medium,Yes,7,65,Low,Yes,3,Medium,High,Public,Neutral,2,No,College,Near,Male,68,16+ hours,4,70-79%,2,1+ sessions,Within 0-100
5781,13,91,Medium,Low,Yes,9,71,Low,Yes,1,Low,Medium,Public,Positive,2,No,College,Far,Male,64,11-15 hours,3,90-100%,4,1+ sessions,Within 0-100
5782,16,61,High,Medium,Yes,7,81,Low,Yes,2,Medium,Medium,Public,Neutral,1,No,High School,Near,Female,63,16+ hours,4,60-69%,1,1+ sessions,Within 0-100
5783,23,87,High,Medium,No,5,96,Medium,Yes,2,Medium,Medium,Public,Positive,3,No,College,Moderate,Female,72,16+ hours,4,80-89%,3,1+ sessions,Within 0-100
5784,33,93,High,Medium,No,7,96,Medium,Yes,1,Low,High,Public,Positive,1,No,Postgraduate,Moderate,Female,75,16+ hours,4,90-100%,4,1+ sessions,Within 0-100
5785,19,97,High,Medium,No,5,78,Low,Yes,2,Low,Medium,Public,Positive,3,No,High School,Near,Male,71,16+ hours,4,90-100%,4,1+ sessions,Within 0-100
5786,24,95,High,Medium,No,7,66,Low,Yes,2,High,High,Public,Negative,3,No,High School,Near,Male,71,16+ hours,4,90-100%,4,1+ sessions,Within 0-100
5787,19,73,Medium,Medium,Yes,6,64,Low,Yes,4,Medium,Medium,Public,Positive,5,Yes,College,Near,Female,66,16+ hours,4,70-79%,2,1+ sessions,Within 0-100
5788,32,83,High,Medium,Yes,10,68,Medium,No,3,Low,Medium,Private,Positive,4,No,High School,Moderate,Female,71,16+ hours,4,80-89%,3,1+ sessions,Within 0-100
5789,10,63,High,Medium,No,9,59,Low,Yes,0,Medium,High,Public,Positive,5,No,Postgraduate,Moderate,Male,61,6-10 hours,2,60-69%,1,No tutoring,Within 0-100
5790,21,70,Medium,Medium,Yes,7,83,Medium,Yes,1,Medium,Medium,Public,Neutral,3,No,High School,Far,Male,65,16+ hours,4,70-79%,2,1+ sessions,Within 0-100
5791,10,64,Medium,Low,No,9,76,Low,Yes,1,Low,Medium,Private,Positive,1,No,High School,Near,Female,58,6-10 hours,2,60-69%,1,1+ sessions,Within 0-100
5792,5,73,High,Low,Yes,6,89,High,Yes,1,Medium,Medium,Public,Neutral,2,No,High School,Near,Male,62,1-5 hours,1,70-79%,2,1+ sessions,Within 0-100
5793,22,95,High,Low,No,5,55,Medium,Yes,2,High,High,Public,Neutral,0,Yes,College,Near,Female,69,16+ hours,4,90-100%,4,1+ sessions,Within 0-100
5794,21,74,Medium,Low,Yes,8,70,Medium,Yes,1,Medium,Medium,Public,Neutral,3,No,Postgraduate,Far,Male,65,16+ hours,4,70-79%,2,1+ sessions,Within 0-100
5795,18,82,High,Medium,Yes,8,62,High,Yes,3,Low,Medium,Private,Neutral,4,No,High School,Near,Female,69,16+ hours,4,80-89%,3,1+ sessions,Within 0-100
5796,19,77,High,Medium,Yes,6,77,High,Yes,1,Low,High,Private,Neutral,3,No,College,Near,Female,68,16+ hours,4,70-79%,2,1+ sessions,Within 0-100
5797,39,78,Medium,Medium,No,6,73,Medium,Yes,0,Low,Medium,Public,Positive,2,No,College,Far,Male,70,16+ hours,4,70-79%,2,No tutoring,Within 0-100
5798,18,99,High,Medium,Yes,8,72,Medium,Yes,4,Low,Medium,Public,Neutral,4,No,High School,Near,Female,72,16+ hours,4,90-100%,4,1+ sessions,Within 0-100
5799,23,72,Low,Medium,Yes,4,66,Low,No,3,Low,Medium,Private,Positive,4,No,Postgraduate,Near,Female,66,16+ hours,4,70-79%,2,1+ sessions,Within 0-100
5800,16,85,Low,High,Yes,8,86,Low,Yes,2,High,Medium,Private,Neutral,4,No,High School,Near,Female,68,16+ hours,4,80-89%,3,1+ sessions,Within 0-100
5801,22,77,Medium,Medium,Yes,7,74,High,Yes,2,Low,Low,Private,Negative,4,No,College,Near,Male,67,16+ hours,4,70-79%,2,1+ sessions,Within 0-100
5802,19,62,High,Low,Yes,8,60,Medium,Yes,1,Low,Medium,Public,Positive,2,No,College,Far,Female,61,16+ hours,4,60-69%,1,1+ sessions,Within 0-100
5803,18,80,Low,Low,Yes,8,77,Medium,Yes,1,Low,High,Public,Negative,2,No,College,Near,Female,64,16+ hours,4,80-89%,3,1+ sessions,Within 0-100
5804,31,93,High,Medium,No,6,80,Medium,Yes,3,Medium,Medium,Public,Neutral,2,No,High School,Near,Male,74,16+ hours,4,90-100%,4,1+ sessions,Within 0-100
5805,27,64,Medium,Medium,No,5,51,High,Yes,1,Low,High,Public,Negative,3,No,High School,Near,Female,64,16+ hours,4,60-69%,1,1+ sessions,Within 0-100
5806,21,63,High,Low,Yes,9,60,Medium,Yes,2,Medium,Medium,Public,Negative,2,No,Postgraduate,Near,Male,64,16+ hours,4,60-69%,1,1+ sessions,Within 0-100
5807,6,66,High,Medium,Yes,7,62,Low,Yes,2,Low,Medium,Public,Neutral,4,No,Postgraduate,Near,Male,61,6-10 hours,2,60-69%,1,1+ sessions,Within 0-100
5808,18,91,High,High,Yes,7,62,Medium,Yes,3,Low,Medium,Private,Positive,3,No,High School,Near,Male,71,16+ hours,4,90-100%,4,1+ sessions,Within 0-100
5809,36,89,High,Low,Yes,8,62,Low,Yes,2,Low,High,Private,Negative,3,No,College,Moderate,Male,72,16+ hours,4,80-89%,3,1+ sessions,Within 0-100
5810,19,83,High,High,No,6,64,Medium,Yes,0,Medium,Medium,Private,Negative,5,No,Postgraduate,Near,Female,68,16+ hours,4,80-89%,3,No tutoring,Within 0-100
5811,27,79,Low,High,Yes,8,63,High,Yes,2,Low,Medium,Public,Negative,5,No,College,Moderate,Female,69,16+ hours,4,70-79%,2,1+ sessions,Within 0-100
5812,29,96,Medium,High,No,8,94,High,No,2,Low,High,Public,Negative,4,No,High School,Near,Male,74,16+ hours,4,90-100%,4,1+ sessions,Within 0-100
5813,21,91,Medium,High,Yes,9,66,Low,Yes,3,Low,Medium,Public,Neutral,4,No,College,Moderate,Female,70,16+ hours,4,90-100%,4,1+ sessions,Within 0-100
5814,15,92,High,Low,Yes,9,67,Low,Yes,1,High,High,Public,Positive,2,No,Postgraduate,Near,Male,69,11-15 hours,3,90-100%,4,1+ sessions,Within 0-100
5815,5,93,Low,Low,No,7,63,Medium,Yes,2,Medium,High,Public,Neutral,3,No,Postgraduate,Near,Male,64,1-5 hours,1,90-100%,4,1+ sessions,Within 0-100
5816,24,86,Low,Low,Yes,8,98,Medium,Yes,2,High,Medium,Public,Positive,5,No,Postgraduate,Far,Male,71,16+ hours,4,80-89%,3,1+ sessions,Within 0-100
5817,15,78,High,Low,Yes,7,77,Low,Yes,0,High,Medium,Public,Neutral,3,No,College,Near,Male,65,11-15 hours,3,70-79%,2,No tutoring,Within 0-100
5818,21,95,High,Medium,Yes,7,81,Medium,Yes,0,Medium,Medium,Public,Neutral,3,No,High School,Near,Male,71,16+ hours,4,90-100%,4,No tutoring,Within 0-100
5819,13,97,High,High,Yes,5,87,Low,Yes,1,Medium,High,Public,Neutral,2,No,Postgraduate,Unknown,Female,71,11-15 hours,3,90-100%,4,1+ sessions,Within 0-100
5820,18,61,Low,Medium,Yes,7,67,Medium,Yes,5,High,High,Public,Positive,2,No,Postgraduate,Near,Male,66,16+ hours,4,60-69%,1,1+ sessions,Within 0-100
5821,20,62,Medium,Medium,No,4,98,High,Yes,1,High,Low,Public,Negative,4,No,High School,Near,Male,64,16+ hours,4,60-69%,1,1+ sessions,Within 0-100
5822,22,98,Medium,Medium,No,7,58,Medium,Yes,0,Medium,Unknown,Private,Neutral,3,No,Unknown,Near,Male,70,16+ hours,4,90-100%,4,No tutoring,Within 0-100
5823,13,71,Low,Low,No,9,73,Low,Yes,1,High,High,Private,Neutral,3,No,High School,Moderate,Male,61,11-15 hours,3,70-79%,2,1+ sessions,Within 0-100
5824,27,95,Medium,Medium,Yes,8,57,High,Yes,1,Medium,Low,Private,Positive,3,No,High School,Moderate,Female,71,16+ hours,4,90-100%,4,1+ sessions,Within 0-100
5825,16,76,Medium,Medium,No,7,90,Medium,Yes,0,Low,Medium,Public,Neutral,3,No,Postgraduate,Moderate,Male,65,16+ hours,4,70-79%,2,No tutoring,Within 0-100
5826,10,65,Low,High,No,7,55,Medium,Yes,0,Low,High,Public,Neutral,3,No,High School,Near,Female,59,6-10 hours,2,60-69%,1,No tutoring,Within 0-100
5827,19,63,Medium,Medium,Yes,6,78,Low,Yes,3,Medium,Medium,Public,Neutral,2,Yes,College,Near,Male,63,16+ hours,4,60-69%,1,1+ sessions,Within 0-100
5828,20,66,Medium,Medium,Yes,6,55,Low,Yes,1,High,High,Public,Negative,3,No,Postgraduate,Moderate,Female,64,16+ hours,4,60-69%,1,1+ sessions,Within 0-100
5829,21,70,Low,Low,No,8,73,Low,Yes,0,High,Medium,Public,Neutral,4,No,College,Near,Male,63,16+ hours,4,70-79%,2,No tutoring,Within 0-100
5830,28,80,High,High,No,5,64,Medium,Yes,1,Low,Medium,Private,Neutral,2,No,Postgraduate,Moderate,Female,70,16+ hours,4,80-89%,3,1+ sessions,Within 0-100
5831,19,88,High,Medium,Yes,5,95,Medium,Yes,1,Medium,High,Public,Neutral,3,No,High School,Near,Male,70,16+ hours,4,80-89%,3,1+ sessions,Within 0-100
5832,19,99,High,High,Yes,8,53,Medium,Yes,1,Medium,Medium,Private,Neutral,4,No,College,Near,Male,72,16+ hours,4,90-100%,4,1+ sessions,Within 0-100
5833,13,78,Medium,High,No,7,82,High,Yes,0,Low,High,Public,Neutral,2,No,College,Moderate,Female,65,11-15 hours,3,70-79%,2,No tutoring,Within 0-100
5834,25,81,High,Medium,Yes,7,85,High,Yes,3,Medium,Medium,Public,Negative,1,No,Postgraduate,Moderate,Female,71,16+ hours,4,80-89%,3,1+ sessions,Within 0-100
5835,21,81,High,Medium,Yes,7,94,Medium,Yes,3,Medium,Medium,Public,Neutral,1,No,Postgraduate,Moderate,Male,70,16+ hours,4,80-89%,3,1+ sessions,Within 0-100
5836,17,82,Medium,Low,No,10,94,Medium,Yes,1,High,High,Private,Neutral,3,No,High School,Moderate,Female,66,16+ hours,4,80-89%,3,1+ sessions,Within 0-100
5837,9,81,Medium,Medium,Yes,7,99,Medium,Yes,2,Low,Medium,Public,Neutral,3,No,High School,Moderate,Female,64,6-10 hours,2,80-89%,3,1+ sessions,Within 0-100
5838,29,60,Low,High,No,7,63,Medium,Yes,0,Low,Medium,Public,Negative,4,No,Postgraduate,Near,Male,64,16+ hours,4,60-69%,1,No tutoring,Within 0-100
5839,13,60,High,Low,No,10,64,Low,Yes,1,Medium,Medium,Public,Neutral,4,No,College,Far,Male,59,11-15 hours,3,60-69%,1,1+ sessions,Within 0-100
5840,16,64,Medium,High,Yes,7,70,Medium,Yes,5,Low,Low,Public,Positive,4,No,High School,Moderate,Male,65,16+ hours,4,60-69%,1,1+ sessions,Within 0-100
5841,22,64,High,Medium,Yes,10,77,Medium,Yes,1,Low,High,Public,Positive,3,No,High School,Moderate,Male,66,16+ hours,4,60-69%,1,1+ sessions,Within 0-100
5842,13,88,Medium,Medium,Yes,4,68,High,Yes,1,High,Medium,Public,Positive,2,No,High School,Near,Female,67,11-15 hours,3,80-89%,3,1+ sessions,Within 0-100
5843,11,68,High,Medium,Yes,5,87,Medium,Yes,1,Low,Medium,Public,Positive,4,Yes,High School,Far,Male,62,11-15 hours,3,60-69%,1,1+ sessions,Within 0-100
5844,7,96,High,Low,No,6,50,Medium,Yes,1,High,Medium,Private,Negative,3,No,College,Near,Male,65,6-10 hours,2,90-100%,4,1+ sessions,Within 0-100
5845,24,97,High,Medium,Yes,8,51,Medium,Yes,3,Low,Unknown,Public,Neutral,2,No,Postgraduate,Near,Female,73,16+ hours,4,90-100%,4,1+ sessions,Within 0-100
5846,17,99,Medium,Medium,No,10,86,Low,Yes,1,Medium,Medium,Private,Positive,2,No,College,Near,Male,70,16+ hours,4,90-100%,4,1+ sessions,Within 0-100
5847,38,98,Low,Medium,No,6,94,Medium,Yes,2,Low,Low,Public,Negative,4,No,Postgraduate,Near,Female,75,16+ hours,4,90-100%,4,1+ sessions,Within 0-100
5848,14,71,High,High,Yes,8,89,Medium,Yes,0,Medium,Medium,Public,Neutral,3,No,Postgraduate,Near,Female,66,11-15 hours,3,70-79%,2,No tutoring,Within 0-100
5849,14,80,High,Medium,No,10,56,Low,Yes,1,Low,Medium,Public,Positive,3,No,Postgraduate,Moderate,Female,65,11-15 hours,3,80-89%,3,1+ sessions,Within 0-100
5850,17,67,Medium,Medium,No,9,97,Medium,Yes,1,Medium,Low,Public,Neutral,3,No,Postgraduate,Moderate,Female,64,16+ hours,4,60-69%,1,1+ sessions,Within 0-100
5851,21,92,High,Low,No,6,76,Low,Yes,2,Low,Medium,Public,Positive,5,No,College,Near,Male,70,16+ hours,4,90-100%,4,1+ sessions,Within 0-100
5852,17,96,Medium,High,Yes,8,87,Medium,Yes,0,Medium,Medium,Private,Positive,5,No,High School,Moderate,Male,71,16+ hours,4,90-100%,4,No tutoring,Within 0-100
5853,24,94,Low,Medium,No,8,60,Low,Yes,0,Medium,Medium,Public,Neutral,3,No,High School,Near,Male,68,16+ hours,4,90-100%,4,No tutoring,Within 0-100
5854,14,77,Medium,Medium,Yes,6,77,Low,Yes,1,Low,High,Private,Neutral,2,No,College,Near,Male,64,11-15 hours,3,70-79%,2,1+ sessions,Within 0-100
5855,12,90,High,High,No,8,67,Low,Yes,2,Low,Low,Public,Neutral,3,No,High School,Near,Female,67,11-15 hours,3,90-100%,4,1+ sessions,Within 0-100
5856,9,64,Medium,High,Yes,6,99,Medium,Yes,6,Low,High,Public,Positive,6,Yes,High School,Moderate,Male,65,6-10 hours,2,60-69%,1,1+ sessions,Within 0-100
5857,7,62,High,Medium,Yes,7,74,Medium,Yes,3,Medium,Medium,Public,Neutral,3,No,Postgraduate,Near,Female,62,6-10 hours,2,60-69%,1,1+ sessions,Within 0-100
5858,17,90,Low,High,Yes,5,88,Low,Yes,1,Medium,Medium,Public,Negative,1,No,College,Near,Female,68,16+ hours,4,90-100%,4,1+ sessions,Within 0-100
5859,18,77,High,Medium,Yes,4,80,Medium,Yes,1,Medium,Low,Private,Negative,2,No,College,Near,Male,66,16+ hours,4,70-79%,2,1+ sessions,Within 0-100
5860,16,100,High,High,Yes,7,55,High,Yes,1,Low,Medium,Public,Negative,2,Yes,College,Moderate,Male,69,16+ hours,4,90-100%,4,1+ sessions,Within 0-100
5861,27,64,Medium,Medium,Yes,7,77,High,Yes,3,High,Medium,Public,Neutral,4,No,High School,Moderate,Male,68,16+ hours,4,60-69%,1,1+ sessions,Within 0-100
5862,27,94,Medium,Low,No,5,77,Medium,Yes,0,Medium,High,Public,Positive,2,No,College,Near,Female,71,16+ hours,4,90-100%,4,No tutoring,Within 0-100
5863,18,79,Medium,High,Yes,8,86,Medium,Yes,3,Low,Low,Public,Neutral,4,No,College,Near,Female,68,16+ hours,4,70-79%,2,1+ sessions,Within 0-100
5864,9,93,High,Low,Yes,7,66,Medium,Yes,0,Low,Low,Private,Neutral,2,No,College,Moderate,Male,64,6-10 hours,2,90-100%,4,No tutoring,Within 0-100
5865,17,93,Low,Medium,No,8,93,Low,Yes,0,Low,Medium,Public,Negative,3,No,College,Moderate,Male,66,16+ hours,4,90-100%,4,No tutoring,Within 0-100
5866,16,97,Medium,Low,Yes,8,81,High,Yes,0,High,High,Private,Positive,2,No,High School,Near,Male,70,16+ hours,4,90-100%,4,No tutoring,Within 0-100
5867,16,72,Low,Medium,No,9,52,Medium,Yes,1,Medium,High,Public,Negative,1,Yes,College,Moderate,Female,60,16+ hours,4,70-79%,2,1+ sessions,Within 0-100
5868,16,98,Medium,Medium,Yes,8,85,Low,Yes,0,Low,High,Public,Positive,2,No,College,Far,Male,69,16+ hours,4,90-100%,4,No tutoring,Within 0-100
5869,16,66,Medium,Medium,Yes,7,95,Low,Yes,1,Medium,Medium,Public,Positive,4,No,College,Near,Male,65,16+ hours,4,60-69%,1,1+ sessions,Within 0-100
5870,18,63,High,High,Yes,7,84,Medium,Yes,1,Medium,High,Public,Neutral,2,No,High School,Near,Female,66,16+ hours,4,60-69%,1,1+ sessions,Within 0-100
5871,16,77,Medium,Low,No,10,69,Medium,Yes,1,Medium,Medium,Private,Neutral,3,No,High School,Near,Female,64,16+ hours,4,70-79%,2,1+ sessions,Within 0-100
5872,21,93,Medium,High,No,8,80,Medium,Yes,0,High,High,Public,Positive,1,No,College,Moderate,Female,71,16+ hours,4,90-100%,4,No tutoring,Within 0-100
5873,22,79,High,Low,No,7,59,Medium,Yes,0,Medium,Medium,Public,Positive,3,No,College,Near,Male,66,16+ hours,4,70-79%,2,No tutoring,Within 0-100
5874,15,93,Medium,Low,Yes,7,80,Low,Yes,0,Low,Medium,Public,Positive,3,No,High School,Near,Female,66,11-15 hours,3,90-100%,4,No tutoring,Within 0-100
5875,28,89,Medium,Medium,No,6,75,Medium,Yes,1,Low,Low,Private,Negative,3,No,High School,Moderate,Male,68,16+ hours,4,80-89%,3,1+ sessions,Within 0-100
5876,14,68,High,High,No,5,51,High,Yes,1,High,Medium,Public,Neutral,5,Yes,High School,Moderate,Male,63,11-15 hours,3,60-69%,1,1+ sessions,Within 0-100
5877,10,98,Medium,Low,Yes,10,66,Low,Yes,1,Low,High,Public,Negative,2,No,College,Near,Female,66,6-10 hours,2,90-100%,4,1+ sessions,Within 0-100
5878,22,62,Low,Medium,No,8,60,Low,No,0,Medium,High,Public,Positive,2,No,College,Near,Male,61,16+ hours,4,60-69%,1,No tutoring,Within 0-100
5879,15,96,Medium,Low,No,5,70,High,Yes,4,Low,High,Private,Positive,3,No,College,Near,Male,70,11-15 hours,3,90-100%,4,1+ sessions,Within 0-100
5880,22,72,Medium,High,Yes,7,62,Low,Yes,5,High,Medium,Private,Neutral,2,No,College,Moderate,Female,68,16+ hours,4,70-79%,2,1+ sessions,Within 0-100
5881,6,80,Medium,Medium,Yes,9,92,Low,Yes,5,Low,Medium,Public,Neutral,2,No,Postgraduate,Moderate,Male,65,6-10 hours,2,80-89%,3,1+ sessions,Within 0-100
5882,28,77,High,Medium,No,6,85,High,Yes,0,Low,Medium,Public,Negative,1,No,Postgraduate,Near,Female,69,16+ hours,4,70-79%,2,No tutoring,Within 0-100
5883,24,67,Medium,High,Yes,6,87,Low,Yes,0,Medium,Medium,Public,Positive,4,No,College,Near,Male,67,16+ hours,4,60-69%,1,No tutoring,Within 0-100
5884,11,74,High,Medium,No,8,68,Low,Yes,0,Medium,Medium,Public,Positive,3,No,High School,Moderate,Male,62,11-15 hours,3,70-79%,2,No tutoring,Within 0-100
5885,11,68,Low,High,Yes,8,50,Low,Yes,2,Low,High,Private,Positive,4,No,High School,Near,Female,61,11-15 hours,3,60-69%,1,1+ sessions,Within 0-100
5886,30,68,High,High,Yes,6,61,High,Yes,1,Medium,Medium,Public,Positive,3,No,Postgraduate,Unknown,Female,70,16+ hours,4,60-69%,1,1+ sessions,Within 0-100
5887,16,67,High,Medium,Yes,6,88,Medium,Yes,0,High,Low,Public,Neutral,3,No,College,Near,Male,65,16+ hours,4,60-69%,1,No tutoring,Within 0-100
5888,15,80,High,Medium,No,8,80,Medium,Yes,1,Low,Medium,Public,Neutral,4,No,High School,Moderate,Female,65,11-15 hours,3,80-89%,3,1+ sessions,Within 0-100
5889,6,92,Medium,Medium,Yes,5,77,Medium,Yes,1,Low,High,Public,Positive,4,No,High School,Near,Male,66,6-10 hours,2,90-100%,4,1+ sessions,Within 0-100
5890,18,83,Medium,High,Yes,6,64,Low,No,1,Medium,High,Private,Negative,3,No,High School,Near,Female,66,16+ hours,4,80-89%,3,1+ sessions,Within 0-100
5891,19,96,Medium,Medium,Yes,7,54,High,Yes,1,Low,Medium,Public,Neutral,3,No,College,Near,Male,69,16+ hours,4,90-100%,4,1+ sessions,Within 0-100
5892,24,85,High,High,No,8,89,Medium,Yes,1,Low,Medium,Public,Neutral,3,No,High School,Moderate,Female,70,16+ hours,4,80-89%,3,1+ sessions,Within 0-100
5893,12,88,High,Medium,No,6,52,Low,No,1,Medium,High,Public,Negative,1,No,High School,Near,Male,63,11-15 hours,3,80-89%,3,1+ sessions,Within 0-100
5894,11,87,Low,Medium,No,8,53,High,Yes,1,Medium,Medium,Public,Positive,3,No,High School,Near,Female,64,11-15 hours,3,80-89%,3,1+ sessions,Within 0-100
5895,23,78,High,Low,No,9,65,High,Yes,1,Low,High,Public,Neutral,2,Yes,College,Far,Female,65,16+ hours,4,70-79%,2,1+ sessions,Within 0-100
5896,26,88,High,Medium,Yes,6,79,Medium,Yes,1,Low,High,Public,Neutral,4,No,High School,Far,Male,71,16+ hours,4,80-89%,3,1+ sessions,Within 0-100
5897,11,63,Medium,Medium,Yes,10,100,High,Yes,0,Medium,Medium,Public,Neutral,3,No,High School,Far,Female,61,11-15 hours,3,60-69%,1,No tutoring,Within 0-100
5898,26,94,Low,Low,Yes,9,55,Low,Yes,2,High,Medium,Public,Neutral,3,No,High School,Near,Male,69,16+ hours,4,90-100%,4,1+ sessions,Within 0-100
5899,20,91,High,Medium,No,7,74,Medium,Yes,1,Medium,Medium,Public,Neutral,4,No,High School,Moderate,Male,69,16+ hours,4,90-100%,4,1+ sessions,Within 0-100
5900,27,70,Medium,Medium,No,7,80,Low,Yes,1,Low,Medium,Public,Neutral,3,No,High School,Near,Female,66,16+ hours,4,70-79%,2,1+ sessions,Within 0-100
5901,20,91,High,Medium,No,6,91,Medium,Yes,3,High,High,Public,Neutral,2,No,High School,Near,Male,72,16+ hours,4,90-100%,4,1+ sessions,Within 0-100
5902,5,61,High,Medium,No,9,84,High,Yes,1,Medium,Medium,Public,Neutral,3,No,College,Near,Male,60,1-5 hours,1,60-69%,1,1+ sessions,Within 0-100
5903,19,69,Low,Low,No,7,90,Medium,Yes,0,Low,Medium,Public,Neutral,1,No,College,Near,Male,62,16+ hours,4,60-69%,1,No tutoring,Within 0-100
5904,26,63,Medium,Medium,Yes,5,76,Medium,Yes,3,Medium,High,Public,Neutral,5,Yes,High School,Near,Female,66,16+ hours,4,60-69%,1,1+ sessions,Within 0-100
5905,15,91,Medium,High,Yes,4,72,Low,Yes,1,High,High,Private,Neutral,2,No,High School,Near,Male,69,11-15 hours,3,90-100%,4,1+ sessions,Within 0-100
5906,18,90,High,Medium,No,7,81,Medium,Yes,2,Medium,Low,Public,Negative,3,No,Postgraduate,Moderate,Male,69,16+ hours,4,90-100%,4,1+ sessions,Within 0-100
5907,19,93,Medium,High,No,7,95,Low,Yes,3,Medium,Medium,Private,Negative,3,No,High School,Near,Female,71,16+ hours,4,90-100%,4,1+ sessions,Within 0-100
5908,3,60,Medium,Low,Yes,6,78,Low,Yes,1,Low,Medium,Public,Positive,1,No,Postgraduate,Near,Female,57,1-5 hours,1,60-69%,1,1+ sessions,Within 0-100
5909,30,80,High,High,No,5,80,Medium,Yes,0,Low,Medium,Private,Positive,4,No,Postgraduate,Near,Female,72,16+ hours,4,80-89%,3,No tutoring,Within 0-100
5910,15,88,Low,Medium,Yes,4,67,Medium,Yes,1,Medium,High,Private,Positive,4,No,High School,Far,Female,66,11-15 hours,3,80-89%,3,1+ sessions,Within 0-100
5911,23,66,Medium,Medium,Yes,6,80,Medium,Yes,1,Medium,Medium,Public,Positive,3,No,College,Near,Female,66,16+ hours,4,60-69%,1,1+ sessions,Within 0-100
5912,19,86,Medium,Medium,No,6,81,Medium,Yes,3,Medium,High,Public,Neutral,3,No,College,Near,Male,70,16+ hours,4,80-89%,3,1+ sessions,Within 0-100
5913,28,63,Medium,Medium,No,8,88,Medium,Yes,2,Low,High,Public,Positive,2,No,High School,Near,Male,67,16+ hours,4,60-69%,1,1+ sessions,Within 0-100
5914,22,67,Medium,Medium,Yes,7,79,Medium,Yes,1,Medium,Low,Private,Neutral,3,No,College,Moderate,Female,65,16+ hours,4,60-69%,1,1+ sessions,Within 0-100
5915,19,79,Medium,Medium,Yes,9,60,Low,Yes,1,Low,Medium,Public,Neutral,3,Yes,High School,Near,Female,63,16+ hours,4,70-79%,2,1+ sessions,Within 0-100
5916,15,86,High,Low,No,8,79,Medium,Yes,3,Low,Medium,Public,Positive,3,No,College,Near,Female,68,11-15 hours,3,80-89%,3,1+ sessions,Within 0-100
5917,25,66,Low,Medium,Yes,8,65,Medium,Yes,0,Medium,Medium,Public,Positive,3,Yes,High School,Near,Male,63,16+ hours,4,60-69%,1,No tutoring,Within 0-100
5918,9,67,Medium,High,Yes,8,54,Medium,Yes,3,Medium,High,Private,Positive,5,No,College,Moderate,Male,63,6-10 hours,2,60-69%,1,1+ sessions,Within 0-100
5919,24,68,Medium,Medium,Yes,5,91,High,Yes,1,High,Medium,Public,Negative,4,No,College,Near,Female,68,16+ hours,4,60-69%,1,1+ sessions,Within 0-100
5920,13,70,Medium,Medium,Yes,6,53,Medium,Yes,2,Low,Medium,Public,Negative,0,Yes,College,Moderate,Female,60,11-15 hours,3,70-79%,2,1+ sessions,Within 0-100
5921,28,69,Medium,Medium,No,10,82,High,Yes,0,Medium,Medium,Private,Neutral,2,No,High School,Near,Female,67,16+ hours,4,60-69%,1,No tutoring,Within 0-100
5922,21,76,Low,Low,Yes,4,99,High,Yes,0,Low,Low,Public,Positive,3,No,College,Far,Male,65,16+ hours,4,70-79%,2,No tutoring,Within 0-100
5923,24,86,High,Low,Yes,7,54,Medium,Yes,0,Low,High,Public,Neutral,2,No,College,Near,Male,68,16+ hours,4,80-89%,3,No tutoring,Within 0-100
5924,20,78,Medium,Low,No,8,61,Medium,Yes,0,Medium,Medium,Public,Neutral,2,Yes,High School,Moderate,Female,62,16+ hours,4,70-79%,2,No tutoring,Within 0-100
5925,9,91,Medium,Low,No,4,88,Low,Yes,2,Medium,Medium,Public,Neutral,4,Yes,Postgraduate,Near,Female,65,6-10 hours,2,90-100%,4,1+ sessions,Within 0-100
5926,15,89,Medium,Medium,Yes,6,55,High,Yes,1,Low,Medium,Private,Positive,3,No,High School,Near,Male,66,11-15 hours,3,80-89%,3,1+ sessions,Within 0-100
5927,24,65,Medium,Medium,Yes,10,92,Low,Yes,3,Medium,High,Public,Neutral,4,No,High School,Near,Male,67,16+ hours,4,60-69%,1,1+ sessions,Within 0-100
5928,21,62,Low,High,Yes,7,50,Low,No,1,High,Medium,Public,Negative,2,No,High School,Moderate,Female,60,16+ hours,4,60-69%,1,1+ sessions,Within 0-100
5929,27,95,Low,High,Yes,6,94,High,Yes,2,Medium,Medium,Public,Neutral,4,No,Postgraduate,Far,Female,74,16+ hours,4,90-100%,4,1+ sessions,Within 0-100
5930,22,63,Low,Low,Yes,7,53,Medium,Yes,1,High,Medium,Public,Neutral,4,No,High School,Near,Male,62,16+ hours,4,60-69%,1,1+ sessions,Within 0-100
5931,14,66,Low,Medium,Yes,6,96,Low,Yes,0,High,Medium,Public,Negative,3,No,College,Moderate,Male,61,11-15 hours,3,60-69%,1,No tutoring,Within 0-100
5932,15,61,Medium,Medium,No,10,93,High,Yes,0,Medium,High,Public,Neutral,4,No,High School,Near,Male,63,11-15 hours,3,60-69%,1,No tutoring,Within 0-100
5933,21,85,Medium,Low,No,6,77,Medium,Yes,2,Low,Medium,Public,Neutral,3,No,College,Far,Male,66,16+ hours,4,80-89%,3,1+ sessions,Within 0-100
5934,6,83,Medium,Medium,No,6,89,Medium,Yes,1,Low,Medium,Public,Positive,4,No,Postgraduate,Near,Female,65,6-10 hours,2,80-89%,3,1+ sessions,Within 0-100
5935,30,99,Low,Medium,No,5,54,Medium,Yes,0,Medium,Medium,Private,Positive,3,No,Postgraduate,Near,Male,72,16+ hours,4,90-100%,4,No tutoring,Within 0-100
5936,23,95,High,Medium,No,7,57,Medium,Yes,1,Low,Medium,Private,Neutral,2,No,High School,Near,Female,70,16+ hours,4,90-100%,4,1+ sessions,Within 0-100
5937,27,76,High,High,Yes,7,68,Medium,Yes,1,Medium,Medium,Public,Neutral,3,No,Postgraduate,Moderate,Female,71,16+ hours,4,70-79%,2,1+ sessions,Within 0-100
5938,11,75,High,High,Yes,9,77,Medium,No,1,High,High,Private,Neutral,2,Yes,College,Moderate,Male,64,11-15 hours,3,70-79%,2,1+ sessions,Within 0-100
5939,27,72,Medium,High,No,5,93,Low,Yes,1,High,Medium,Public,Positive,2,No,College,Near,Male,70,16+ hours,4,70-79%,2,1+ sessions,Within 0-100
5940,33,66,Medium,Medium,No,8,77,Medium,Yes,2,Medium,Low,Public,Neutral,3,No,High School,Near,Male,68,16+ hours,4,60-69%,1,1+ sessions,Within 0-100
5941,12,66,Low,High,Yes,7,83,Medium,No,1,Medium,Medium,Public,Neutral,3,No,High School,Near,Male,61,11-15 hours,3,60-69%,1,1+ sessions,Within 0-100
5942,25,65,High,Medium,Yes,4,84,High,Yes,1,High,Medium,Public,Positive,2,No,High School,Near,Male,68,16+ hours,4,60-69%,1,1+ sessions,Within 0-100
5943,20,65,Low,Medium,No,6,94,Medium,Yes,1,Low,High,Public,Positive,2,No,Postgraduate,Near,Female,64,16+ hours,4,60-69%,1,1+ sessions,Within 0-100
5944,11,70,Medium,High,Yes,6,89,Low,Yes,2,Medium,Medium,Public,Positive,4,No,High School,Near,Female,64,11-15 hours,3,70-79%,2,1+ sessions,Within 0-100
5945,23,72,Medium,High,Yes,10,99,Medium,Yes,2,Medium,High,Private,Neutral,4,No,Postgraduate,Near,Female,71,16+ hours,4,70-79%,2,1+ sessions,Within 0-100
5946,25,98,Medium,High,Yes,8,51,Medium,Yes,0,Medium,Medium,Private,Positive,2,No,College,Moderate,Female,72,16+ hours,4,90-100%,4,No tutoring,Within 0-100
5947,16,83,Medium,Medium,Yes,7,60,Medium,Yes,0,High,Medium,Public,Positive,1,No,College,Moderate,Female,66,16+ hours,4,80-89%,3,No tutoring,Within 0-100
5948,27,100,Low,Medium,Yes,4,97,Low,Yes,4,Low,High,Public,Positive,3,No,High School,Near,Female,74,16+ hours,4,90-100%,4,1+ sessions,Within 0-100
5949,10,75,Medium,Medium,Yes,4,90,Medium,Yes,3,Medium,High,Public,Positive,3,Yes,Postgraduate,Moderate,Male,65,6-10 hours,2,70-79%,2,1+ sessions,Within 0-100
5950,11,78,High,High,No,8,63,Low,Yes,1,Low,Medium,Public,Neutral,3,No,High School,Near,Female,64,11-15 hours,3,70-79%,2,1+ sessions,Within 0-100
5951,21,73,High,Medium,Yes,8,99,Medium,Yes,1,Medium,High,Public,Positive,4,No,College,Moderate,Male,69,16+ hours,4,70-79%,2,1+ sessions,Within 0-100
5952,20,67,Medium,Medium,No,6,93,Low,No,1,Low,Medium,Public,Negative,3,Yes,College,Near,Male,62,16+ hours,4,60-69%,1,1+ sessions,Within 0-100
5953,16,66,Medium,Medium,Yes,7,53,High,Yes,2,Medium,Medium,Public,Negative,2,No,Postgraduate,Moderate,Male,62,16+ hours,4,60-69%,1,1+ sessions,Within 0-100
5954,25,98,Low,Low,Yes,7,91,Medium,Yes,2,Low,Low,Public,Positive,3,No,Postgraduate,Near,Female,72,16+ hours,4,90-100%,4,1+ sessions,Within 0-100
5955,23,99,Medium,High,No,7,89,High,Yes,1,Medium,Medium,Public,Neutral,3,No,High School,Near,Female,73,16+ hours,4,90-100%,4,1+ sessions,Within 0-100
5956,25,62,Medium,Low,No,6,61,High,Yes,1,Medium,Medium,Public,Positive,4,No,Postgraduate,Moderate,Female,64,16+ hours,4,60-69%,1,1+ sessions,Within 0-100
5957,19,66,Medium,Medium,No,8,83,Medium,Yes,2,Medium,High,Public,Neutral,3,No,High School,Near,Female,65,16+ hours,4,60-69%,1,1+ sessions,Within 0-100
5958,24,77,High,High,Yes,9,99,Medium,Yes,1,Low,Medium,Public,Positive,1,No,High School,Near,Male,70,16+ hours,4,70-79%,2,1+ sessions,Within 0-100
5959,17,67,Medium,Medium,Yes,6,84,High,Yes,1,High,High,Public,Neutral,3,No,Postgraduate,Moderate,Female,66,16+ hours,4,60-69%,1,1+ sessions,Within 0-100
5960,32,75,Low,High,No,5,91,Low,Yes,1,High,Medium,Public,Positive,2,No,College,Moderate,Female,70,16+ hours,4,70-79%,2,1+ sessions,Within 0-100
5961,15,65,Medium,High,Yes,6,55,Low,Yes,2,Medium,Medium,Private,Positive,3,No,High School,Near,Female,63,11-15 hours,3,60-69%,1,1+ sessions,Within 0-100
5962,33,78,Low,Low,No,7,86,Medium,Yes,1,Low,High,Public,Positive,4,No,High School,Near,Male,69,16+ hours,4,70-79%,2,1+ sessions,Within 0-100
5963,20,71,High,Medium,Yes,8,60,Low,Yes,0,Medium,Medium,Public,Neutral,2,No,High School,Near,Male,64,16+ hours,4,70-79%,2,No tutoring,Within 0-100
5964,12,74,Low,Medium,No,8,54,Medium,Yes,2,Medium,Medium,Private,Positive,5,No,Postgraduate,Moderate,Female,63,11-15 hours,3,70-79%,2,1+ sessions,Within 0-100
5965,28,64,Medium,Medium,No,8,78,Low,Yes,2,Medium,Medium,Private,Negative,3,No,Postgraduate,Near,Male,66,16+ hours,4,60-69%,1,1+ sessions,Within 0-100
5966,21,77,Medium,Medium,Yes,8,88,Low,Yes,2,High,Medium,Private,Positive,1,No,College,Moderate,Female,68,16+ hours,4,70-79%,2,1+ sessions,Within 0-100
5967,25,99,Medium,Medium,Yes,7,77,Medium,Yes,0,High,High,Public,Neutral,3,No,High School,Near,Male,97,16+ hours,4,90-100%,4,No tutoring,Within 0-100
5968,27,73,Low,Low,No,9,97,Medium,Yes,2,Medium,High,Public,Neutral,1,No,High School,Near,Female,67,16+ hours,4,70-79%,2,1+ sessions,Within 0-100
5969,22,95,Medium,Medium,No,7,85,Medium,Yes,0,Medium,Medium,Private,Positive,4,No,College,Near,Male,71,16+ hours,4,90-100%,4,No tutoring,Within 0-100
5970,16,94,Low,Low,Yes,8,56,Low,Yes,2,Low,High,Public,Positive,2,No,College,Near,Female,66,16+ hours,4,90-100%,4,1+ sessions,Within 0-100
5971,26,98,Medium,Low,Yes,7,97,Medium,Yes,2,Low,Medium,Public,Neutral,2,Yes,Postgraduate,Moderate,Male,72,16+ hours,4,90-100%,4,1+ sessions,Within 0-100
5972,20,92,High,Medium,Yes,7,58,Low,Yes,2,Low,Low,Public,Neutral,4,No,Postgraduate,Near,Female,70,16+ hours,4,90-100%,4,1+ sessions,Within 0-100
5973,24,86,Medium,Medium,Yes,7,88,Medium,Yes,1,Low,Medium,Public,Neutral,3,No,High School,Far,Male,69,16+ hours,4,80-89%,3,1+ sessions,Within 0-100
5974,7,94,Medium,Low,Yes,9,57,High,Yes,2,Medium,Medium,Public,Negative,3,No,Postgraduate,Near,Female,66,6-10 hours,2,90-100%,4,1+ sessions,Within 0-100
5975,23,63,High,High,No,7,100,Low,Yes,2,Medium,High,Private,Positive,3,No,Postgraduate,Near,Female,69,16+ hours,4,60-69%,1,1+ sessions,Within 0-100
5976,16,79,Medium,Medium,Yes,6,67,Low,No,2,Medium,High,Private,Positive,3,No,College,Near,Male,65,16+ hours,4,70-79%,2,1+ sessions,Within 0-100
5977,30,100,High,High,No,6,75,Medium,Yes,0,Low,Medium,Public,Neutral,4,No,College,Moderate,Female,75,16+ hours,4,90-100%,4,No tutoring,Within 0-100
5978,24,91,Low,Medium,No,8,73,Medium,Yes,2,Low,High,Private,Positive,2,No,Postgraduate,Moderate,Male,70,16+ hours,4,90-100%,4,1+ sessions,Within 0-100
5979,21,98,High,Low,Yes,6,55,Low,Yes,1,Medium,Medium,Public,Positive,3,No,High School,Near,Male,70,16+ hours,4,90-100%,4,1+ sessions,Within 0-100
5980,23,91,Medium,High,Yes,7,75,Low,Yes,2,Low,High,Public,Negative,2,No,High School,Far,Male,69,16+ hours,4,90-100%,4,1+ sessions,Within 0-100
5981,14,95,High,Medium,No,7,57,Medium,Yes,2,Low,Low,Public,Neutral,2,No,College,Near,Female,68,11-15 hours,3,90-100%,4,1+ sessions,Within 0-100
5982,30,88,Low,Medium,Yes,6,90,High,Yes,4,High,Medium,Private,Negative,2,No,College,Moderate,Male,73,16+ hours,4,80-89%,3,1+ sessions,Within 0-100
5983,32,90,Medium,Medium,Yes,5,98,High,Yes,0,Medium,High,Public,Neutral,3,No,College,Moderate,Male,74,16+ hours,4,90-100%,4,No tutoring,Within 0-100
5984,22,81,Low,Low,No,5,90,Medium,Yes,0,High,Medium,Public,Positive,2,No,College,Moderate,Female,66,16+ hours,4,80-89%,3,No tutoring,Within 0-100
5985,30,97,High,Medium,Yes,6,72,High,Yes,1,Low,High,Public,Positive,2,No,High School,Far,Female,74,16+ hours,4,90-100%,4,1+ sessions,Within 0-100
5986,17,93,Medium,Low,Yes,5,50,Low,Yes,3,High,Medium,Public,Positive,2,No,High School,Moderate,Male,67,16+ hours,4,90-100%,4,1+ sessions,Within 0-100
5987,15,94,High,Medium,Yes,8,52,Low,Yes,1,Medium,Medium,Private,Positive,2,No,College,Far,Female,67,11-15 hours,3,90-100%,4,1+ sessions,Within 0-100
5988,20,87,Medium,High,No,10,75,Low,Yes,3,Medium,Medium,Private,Neutral,2,No,College,Near,Female,70,16+ hours,4,80-89%,3,1+ sessions,Within 0-100
5989,23,72,Low,High,Yes,6,84,Medium,Yes,1,High,High,Public,Neutral,2,No,High School,Near,Male,67,16+ hours,4,70-79%,2,1+ sessions,Within 0-100
5990,18,61,Medium,Low,Yes,6,91,High,Yes,3,Medium,High,Public,Positive,3,No,College,Moderate,Female,80,16+ hours,4,60-69%,1,1+ sessions,Within 0-100
5991,23,97,Medium,High,Yes,6,80,Low,Yes,1,Low,Low,Public,Negative,2,No,College,Moderate,Male,70,16+ hours,4,90-100%,4,1+ sessions,Within 0-100
5992,22,83,High,Medium,No,8,99,Low,Yes,4,High,High,Public,Negative,4,Yes,High School,Near,Female,71,16+ hours,4,80-89%,3,1+ sessions,Within 0-100
5993,14,72,Medium,Low,No,8,75,High,Yes,4,High,Medium,Private,Positive,2,Yes,College,Near,Male,64,11-15 hours,3,70-79%,2,1+ sessions,Within 0-100
5994,23,66,High,High,Yes,7,80,Medium,Yes,1,Medium,Medium,Public,Positive,3,No,College,Moderate,Female,68,16+ hours,4,60-69%,1,1+ sessions,Within 0-100
5995,25,93,Medium,Medium,No,5,62,Medium,Yes,0,Low,Medium,Public,Neutral,3,No,High School,Far,Male,68,16+ hours,4,90-100%,4,No tutoring,Within 0-100
5996,21,93,Medium,Medium,Yes,6,67,Medium,No,1,High,Medium,Public,Positive,3,No,High School,Near,Female,69,16+ hours,4,90-100%,4,1+ sessions,Within 0-100
5997,27,93,High,Low,Yes,7,84,Low,Yes,1,Medium,Medium,Private,Neutral,2,No,Postgraduate,Near,Male,72,16+ hours,4,90-100%,4,1+ sessions,Within 0-100
5998,13,86,Medium,Medium,No,7,80,Medium,Yes,0,Low,Medium,Private,Negative,5,No,College,Near,Male,65,11-15 hours,3,80-89%,3,No tutoring,Within 0-100
5999,23,75,Low,Low,Yes,7,68,Medium,Yes,1,High,Low,Private,Neutral,4,Yes,High School,Near,Male,64,16+ hours,4,70-79%,2,1+ sessions,Within 0-100
6000,13,72,Medium,High,No,8,56,Low,Yes,1,Low,High,Public,Positive,4,No,Postgraduate,Moderate,Female,64,11-15 hours,3,70-79%,2,1+ sessions,Within 0-100
6001,13,60,Low,Medium,No,5,67,High,Yes,1,Low,Medium,Public,Positive,4,Yes,High School,Far,Male,58,11-15 hours,3,60-69%,1,1+ sessions,Within 0-100
6002,16,93,High,Medium,Yes,7,52,Low,Yes,2,Medium,High,Public,Neutral,3,No,High School,Near,Male,69,16+ hours,4,90-100%,4,1+ sessions,Within 0-100
6003,14,63,High,Low,No,7,79,Medium,Yes,1,Low,Medium,Public,Neutral,3,No,High School,Near,Male,61,11-15 hours,3,60-69%,1,1+ sessions,Within 0-100
6004,17,85,High,High,Yes,6,66,Medium,Yes,0,Medium,High,Public,Neutral,2,No,College,Moderate,Female,68,16+ hours,4,80-89%,3,No tutoring,Within 0-100
6005,19,80,High,Medium,Yes,6,69,Low,Yes,1,Low,Low,Private,Neutral,4,Yes,College,Near,Male,66,16+ hours,4,80-89%,3,1+ sessions,Within 0-100
6006,25,81,Medium,Medium,No,8,79,Low,Yes,1,Medium,Medium,Public,Neutral,4,No,College,Near,Female,68,16+ hours,4,80-89%,3,1+ sessions,Within 0-100
6007,18,97,Low,High,No,5,79,Low,Yes,2,Low,High,Public,Positive,3,No,College,Moderate,Male,70,16+ hours,4,90-100%,4,1+ sessions,Within 0-100
6008,10,61,High,Low,Yes,10,79,Medium,Yes,4,High,High,Public,Positive,2,Yes,College,Moderate,Male,62,6-10 hours,2,60-69%,1,1+ sessions,Within 0-100
6009,27,91,Medium,Medium,No,8,75,Low,Yes,2,Medium,High,Private,Neutral,3,No,High School,Near,Male,71,16+ hours,4,90-100%,4,1+ sessions,Within 0-100
6010,15,62,Medium,Medium,No,7,74,High,Yes,0,Low,High,Public,Negative,3,No,Postgraduate,Moderate,Female,61,11-15 hours,3,60-69%,1,No tutoring,Within 0-100
6011,20,62,High,Medium,Yes,7,91,Low,Yes,1,Medium,Low,Public,Negative,3,No,College,Near,Male,64,16+ hours,4,60-69%,1,1+ sessions,Within 0-100
6012,23,77,Medium,Low,No,8,73,Medium,Yes,1,Low,Low,Public,Positive,2,No,College,Near,Male,65,16+ hours,4,70-79%,2,1+ sessions,Within 0-100
6013,21,63,Low,Medium,Yes,6,77,Low,Yes,3,Medium,High,Public,Negative,1,No,High School,Near,Male,63,16+ hours,4,60-69%,1,1+ sessions,Within 0-100
6014,27,92,High,Medium,Yes,6,99,Low,Yes,4,Low,Low,Private,Positive,3,No,High School,Near,Female,74,16+ hours,4,90-100%,4,1+ sessions,Within 0-100
6015,23,81,Medium,High,No,9,59,Low,Yes,2,Medium,High,Public,Neutral,2,No,College,Near,Male,68,16+ hours,4,80-89%,3,1+ sessions,Within 0-100
6016,15,61,High,Medium,Yes,6,86,High,Yes,2,High,High,Public,Neutral,3,No,High School,Near,Female,65,11-15 hours,3,60-69%,1,1+ sessions,Within 0-100
6017,33,62,Medium,Medium,No,7,74,Low,Yes,2,Medium,Medium,Public,Neutral,2,No,College,Moderate,Male,66,16+ hours,4,60-69%,1,1+ sessions,Within 0-100
6018,21,85,Medium,High,Yes,6,92,Medium,Yes,1,Medium,High,Public,Neutral,2,Yes,High School,Moderate,Male,69,16+ hours,4,80-89%,3,1+ sessions,Within 0-100
6019,19,92,Low,Medium,Yes,7,70,Low,Yes,2,High,Medium,Private,Positive,2,No,College,Near,Male,69,16+ hours,4,90-100%,4,1+ sessions,Within 0-100
6020,26,78,High,Medium,No,8,65,Medium,Yes,3,Medium,Medium,Public,Positive,3,No,College,Near,Female,70,16+ hours,4,70-79%,2,1+ sessions,Within 0-100
6021,21,82,Medium,Medium,Yes,10,60,High,Yes,3,High,High,Public,Positive,4,No,High School,Near,Female,70,16+ hours,4,80-89%,3,1+ sessions,Within 0-100
6022,22,92,Medium,Medium,Yes,6,94,Medium,Yes,1,Medium,Medium,Public,Positive,3,No,High School,Near,Male,71,16+ hours,4,90-100%,4,1+ sessions,Within 0-100
6023,35,84,Medium,Medium,No,5,86,Medium,Yes,1,Medium,Medium,Public,Neutral,3,No,High School,Near,Female,72,16+ hours,4,80-89%,3,1+ sessions,Within 0-100
6024,18,69,Medium,Low,No,7,54,Medium,Yes,1,Low,High,Public,Neutral,4,No,High School,Moderate,Male,61,16+ hours,4,60-69%,1,1+ sessions,Within 0-100
6025,18,85,Medium,High,Yes,6,86,High,No,1,Medium,Medium,Private,Neutral,3,No,High School,Near,Female,68,16+ hours,4,80-89%,3,1+ sessions,Within 0-100
6026,21,85,Medium,Low,Yes,7,52,Medium,Yes,3,Low,Medium,Private,Neutral,3,No,High School,Near,Male,66,16+ hours,4,80-89%,3,1+ sessions,Within 0-100
6027,26,89,Medium,Medium,Yes,8,59,Low,Yes,1,Low,High,Public,Neutral,4,No,High School,Near,Male,70,16+ hours,4,80-89%,3,1+ sessions,Within 0-100
6028,11,85,Medium,Low,No,10,80,Low,No,0,Low,High,Public,Positive,3,No,College,Near,Female,63,11-15 hours,3,80-89%,3,No tutoring,Within 0-100
6029,8,99,Medium,High,Yes,6,73,Medium,Yes,1,Medium,Unknown,Public,Positive,3,No,High School,Far,Female,68,6-10 hours,2,90-100%,4,1+ sessions,Within 0-100
6030,16,68,Low,Medium,Yes,4,92,Medium,No,1,Medium,Medium,Public,Negative,4,No,College,Near,Male,62,16+ hours,4,60-69%,1,1+ sessions,Within 0-100
6031,10,98,Medium,High,No,7,80,Low,Yes,3,Medium,Medium,Private,Neutral,3,No,College,Near,Male,69,6-10 hours,2,90-100%,4,1+ sessions,Within 0-100
6032,17,82,Medium,Medium,Yes,8,98,Medium,Yes,3,Medium,High,Public,Positive,4,No,High School,Moderate,Male,69,16+ hours,4,80-89%,3,1+ sessions,Within 0-100
6033,23,87,Medium,Low,Yes,6,93,Medium,Yes,1,High,High,Private,Positive,4,No,Postgraduate,Near,Female,72,16+ hours,4,80-89%,3,1+ sessions,Within 0-100
6034,15,64,High,Medium,Yes,7,67,Medium,Yes,2,Low,High,Public,Positive,3,No,High School,Near,Male,64,11-15 hours,3,60-69%,1,1+ sessions,Within 0-100
6035,11,75,Low,Medium,No,7,92,Medium,No,2,Low,High,Public,Positive,4,No,College,Moderate,Female,63,11-15 hours,3,70-79%,2,1+ sessions,Within 0-100
6036,20,91,Medium,Medium,Yes,7,93,High,Yes,1,Low,Medium,Public,Negative,3,No,Postgraduate,Moderate,Male,70,16+ hours,4,90-100%,4,1+ sessions,Within 0-100
6037,25,88,Low,Medium,Yes,8,98,Low,No,1,Low,Low,Private,Neutral,4,No,Postgraduate,Near,Male,69,16+ hours,4,80-89%,3,1+ sessions,Within 0-100
6038,10,62,High,High,No,7,51,Medium,Yes,1,Medium,High,Private,Positive,2,No,High School,Near,Male,61,6-10 hours,2,60-69%,1,1+ sessions,Within 0-100
6039,25,82,High,High,No,8,94,Low,Yes,2,Low,Medium,Public,Neutral,3,No,High School,Moderate,Male,70,16+ hours,4,80-89%,3,1+ sessions,Within 0-100
6040,25,64,Medium,Medium,Yes,4,53,Low,Yes,1,Medium,Medium,Public,Neutral,2,No,College,Near,Male,64,16+ hours,4,60-69%,1,1+ sessions,Within 0-100
6041,26,100,High,High,Yes,6,76,High,Yes,0,Medium,High,Public,Negative,4,No,Postgraduate,Near,Male,76,16+ hours,4,90-100%,4,No tutoring,Within 0-100
6042,27,96,Medium,Medium,Yes,6,71,Medium,Yes,2,Medium,Medium,Public,Neutral,2,No,College,Near,Female,73,16+ hours,4,90-100%,4,1+ sessions,Within 0-100
6043,33,61,Low,Low,Yes,5,96,Medium,Yes,2,Medium,Unknown,Public,Negative,3,No,High School,Near,Male,67,16+ hours,4,60-69%,1,1+ sessions,Within 0-100
6044,18,94,Medium,Medium,Yes,7,70,Medium,No,2,Medium,High,Public,Negative,3,No,College,Near,Female,69,16+ hours,4,90-100%,4,1+ sessions,Within 0-100
6045,21,97,Medium,Medium,Yes,6,80,Low,Yes,2,Medium,Medium,Private,Positive,4,No,College,Near,Male,72,16+ hours,4,90-100%,4,1+ sessions,Within 0-100
6046,18,74,Medium,Medium,No,6,85,Medium,Yes,4,Medium,Medium,Private,Negative,3,No,College,Moderate,Female,66,16+ hours,4,70-79%,2,1+ sessions,Within 0-100
6047,20,89,Medium,Medium,Yes,8,51,Medium,Yes,3,Medium,High,Public,Positive,3,No,Postgraduate,Near,Female,70,16+ hours,4,80-89%,3,1+ sessions,Within 0-100
6048,29,78,Medium,High,Yes,7,80,Medium,Yes,2,Medium,Medium,Public,Positive,4,No,Postgraduate,Near,Female,73,16+ hours,4,70-79%,2,1+ sessions,Within 0-100
6049,12,86,High,Medium,Yes,5,76,Low,No,2,High,Medium,Public,Positive,3,No,Postgraduate,Near,Female,68,11-15 hours,3,80-89%,3,1+ sessions,Within 0-100
6050,15,74,Medium,High,No,6,80,Medium,Yes,2,High,Medium,Public,Negative,3,No,Postgraduate,Moderate,Male,66,11-15 hours,3,70-79%,2,1+ sessions,Within 0-100
6051,28,73,Low,Medium,Yes,8,54,Medium,Yes,4,Medium,Medium,Private,Neutral,1,No,High School,Near,Female,67,16+ hours,4,70-79%,2,1+ sessions,Within 0-100
6052,26,77,Medium,Low,No,7,53,High,No,3,Medium,High,Private,Positive,3,No,High School,Near,Female,67,16+ hours,4,70-79%,2,1+ sessions,Within 0-100
6053,18,66,Medium,High,Yes,9,59,Medium,No,0,Low,Medium,Private,Positive,3,No,High School,Near,Male,62,16+ hours,4,60-69%,1,No tutoring,Within 0-100
6054,25,93,Low,Medium,No,8,93,Medium,Yes,2,Medium,Medium,Public,Positive,3,No,College,Near,Male,72,16+ hours,4,90-100%,4,1+ sessions,Within 0-100
6055,22,74,Low,High,Yes,6,68,Medium,Yes,0,Medium,Low,Public,Positive,4,No,High School,Far,Male,65,16+ hours,4,70-79%,2,No tutoring,Within 0-100
6056,29,76,Medium,Low,Yes,9,72,Medium,Yes,1,High,Medium,Public,Positive,3,No,High School,Near,Male,69,16+ hours,4,70-79%,2,1+ sessions,Within 0-100
6057,20,96,Medium,High,No,9,70,Medium,Yes,2,Low,Low,Public,Positive,2,Yes,High School,Near,Male,69,16+ hours,4,90-100%,4,1+ sessions,Within 0-100
6058,26,80,High,Medium,Yes,4,86,Medium,No,0,Low,Medium,Public,Positive,4,No,College,Moderate,Male,69,16+ hours,4,80-89%,3,No tutoring,Within 0-100
6059,36,82,Low,Low,Yes,7,63,Medium,Yes,0,Medium,Medium,Private,Positive,3,No,High School,Near,Male,69,16+ hours,4,80-89%,3,No tutoring,Within 0-100
6060,24,98,Low,Medium,Yes,6,53,Medium,Yes,1,Medium,Low,Public,Neutral,2,No,High School,Near,Female,69,16+ hours,4,90-100%,4,1+ sessions,Within 0-100
6061,20,95,Medium,High,Yes,7,69,Low,Yes,0,Medium,High,Public,Neutral,3,No,High School,Near,Male,70,16+ hours,4,90-100%,4,No tutoring,Within 0-100
6062,24,67,High,Low,No,6,86,Medium,Yes,6,Low,Medium,Private,Positive,3,Yes,Postgraduate,Moderate,Female,67,16+ hours,4,60-69%,1,1+ sessions,Within 0-100
6063,18,79,Medium,High,Yes,6,96,Medium,Yes,3,Medium,Low,Public,Positive,3,Yes,Postgraduate,Near,Male,69,16+ hours,4,70-79%,2,1+ sessions,Within 0-100
6064,34,99,Medium,Medium,Yes,8,53,Medium,Yes,0,Medium,High,Public,Neutral,5,No,College,Near,Male,75,16+ hours,4,90-100%,4,No tutoring,Within 0-100
6065,21,75,Low,Medium,Yes,5,91,Medium,Yes,2,Low,Low,Public,Neutral,3,No,High School,Near,Male,66,16+ hours,4,70-79%,2,1+ sessions,Within 0-100
6066,18,75,Medium,Low,Yes,7,53,Medium,Yes,0,High,High,Public,Neutral,2,No,High School,Near,Male,63,16+ hours,4,70-79%,2,No tutoring,Within 0-100
6067,15,68,Medium,Medium,Yes,5,67,Medium,Yes,3,Medium,High,Private,Negative,4,No,Postgraduate,Moderate,Male,64,11-15 hours,3,60-69%,1,1+ sessions,Within 0-100
6068,27,65,Medium,Medium,Yes,9,51,Medium,Yes,2,High,Medium,Private,Positive,2,No,Postgraduate,Moderate,Female,66,16+ hours,4,60-69%,1,1+ sessions,Within 0-100
6069,25,90,Medium,Medium,Yes,7,96,Medium,Yes,1,Medium,Medium,Public,Positive,4,No,College,Moderate,Male,72,16+ hours,4,90-100%,4,1+ sessions,Within 0-100
6070,17,91,Medium,High,No,8,85,High,Yes,3,Medium,High,Public,Neutral,4,No,College,Moderate,Female,71,16+ hours,4,90-100%,4,1+ sessions,Within 0-100
6071,23,99,Low,Medium,Yes,7,68,Medium,Yes,0,High,High,Private,Positive,2,No,High School,Far,Male,70,16+ hours,4,90-100%,4,No tutoring,Within 0-100
6072,11,91,High,Medium,No,7,69,Medium,Yes,2,Low,Medium,Private,Positive,2,No,College,Near,Male,67,11-15 hours,3,90-100%,4,1+ sessions,Within 0-100
6073,21,70,Medium,Low,No,7,82,High,Yes,0,High,High,Public,Positive,3,No,High School,Near,Female,65,16+ hours,4,70-79%,2,No tutoring,Within 0-100
6074,23,62,High,High,Yes,9,54,Low,Yes,3,Low,Medium,Private,Neutral,4,No,High School,Near,Male,65,16+ hours,4,60-69%,1,1+ sessions,Within 0-100
6075,30,99,Medium,Medium,Yes,6,57,Medium,Yes,0,Low,Medium,Public,Neutral,4,No,Postgraduate,Near,Male,73,16+ hours,4,90-100%,4,No tutoring,Within 0-100
6076,15,74,Medium,Medium,Yes,4,92,Low,Yes,1,Medium,Medium,Private,Positive,3,No,Postgraduate,Near,Male,66,11-15 hours,3,70-79%,2,1+ sessions,Within 0-100
6077,12,72,Low,Medium,Yes,6,60,High,Yes,0,Low,Medium,Public,Neutral,4,No,Postgraduate,Near,Male,62,11-15 hours,3,70-79%,2,No tutoring,Within 0-100
6078,15,96,Medium,High,No,5,86,Medium,Yes,2,High,Medium,Private,Positive,2,No,High School,Near,Male,71,11-15 hours,3,90-100%,4,1+ sessions,Within 0-100
6079,12,83,Medium,High,No,8,61,Medium,Yes,3,High,Medium,Public,Neutral,5,Yes,High School,Near,Male,66,11-15 hours,3,80-89%,3,1+ sessions,Within 0-100
6080,28,69,High,High,Yes,7,54,Low,No,1,Low,Medium,Public,Neutral,2,No,College,Far,Male,65,16+ hours,4,60-69%,1,1+ sessions,Within 0-100
6081,29,96,Medium,High,Yes,8,95,Medium,Yes,0,High,Medium,Private,Positive,2,No,High School,Near,Female,75,16+ hours,4,90-100%,4,No tutoring,Within 0-100
6082,22,100,High,Medium,No,7,95,Medium,Yes,2,Low,Medium,Public,Positive,4,No,College,Near,Male,74,16+ hours,4,90-100%,4,1+ sessions,Within 0-100
6083,27,63,Medium,Low,Yes,7,80,High,Yes,1,Medium,High,Private,Neutral,3,No,High School,Moderate,Male,65,16+ hours,4,60-69%,1,1+ sessions,Within 0-100
6084,21,94,Medium,Medium,No,7,73,Low,Yes,2,Low,Medium,Private,Positive,3,No,Postgraduate,Near,Female,71,16+ hours,4,90-100%,4,1+ sessions,Within 0-100
6085,19,76,High,Low,Yes,9,78,Low,Yes,1,Low,Medium,Public,Negative,1,No,Postgraduate,Near,Female,65,16+ hours,4,70-79%,2,1+ sessions,Within 0-100
6086,18,81,Medium,Low,Yes,7,70,High,Yes,0,Low,Medium,Private,Neutral,2,No,College,Near,Male,65,16+ hours,4,80-89%,3,No tutoring,Within 0-100
6087,18,97,Medium,Low,No,9,88,Medium,Yes,0,Low,Medium,Public,Neutral,4,No,High School,Moderate,Female,67,16+ hours,4,90-100%,4,No tutoring,Within 0-100
6088,11,99,Medium,Low,Yes,9,88,Medium,Yes,2,Low,Medium,Public,Neutral,2,No,High School,Moderate,Male,67,11-15 hours,3,90-100%,4,1+ sessions,Within 0-100
6089,22,70,Medium,Medium,No,7,91,Medium,Yes,2,Medium,Medium,Public,Positive,1,No,High School,Near,Male,66,16+ hours,4,70-79%,2,1+ sessions,Within 0-100
6090,20,69,High,Medium,Yes,7,76,High,Yes,1,Medium,Medium,Public,Positive,3,No,High School,Near,Female,67,16+ hours,4,60-69%,1,1+ sessions,Within 0-100
6091,24,63,Medium,Medium,No,6,90,Medium,No,2,Low,Medium,Private,Neutral,5,No,Postgraduate,Near,Female,66,16+ hours,4,60-69%,1,1+ sessions,Within 0-100
6092,21,82,Low,High,No,9,58,Medium,Yes,0,Medium,Medium,Public,Negative,2,No,High School,Near,Male,65,16+ hours,4,80-89%,3,No tutoring,Within 0-100
6093,19,61,High,Medium,Yes,6,52,Low,No,1,Low,Medium,Public,Neutral,3,No,High School,Far,Female,59,16+ hours,4,60-69%,1,1+ sessions,Within 0-100
6094,15,76,High,High,Yes,6,82,Medium,Yes,4,Low,High,Private,Positive,4,No,High School,Moderate,Female,69,11-15 hours,3,70-79%,2,1+ sessions,Within 0-100
6095,20,63,Medium,Medium,No,7,55,High,Yes,2,Low,High,Public,Negative,3,No,High School,Near,Male,63,16+ hours,4,60-69%,1,1+ sessions,Within 0-100
6096,24,76,Low,Medium,No,5,78,High,Yes,1,Medium,Medium,Private,Neutral,4,Yes,High School,Moderate,Male,65,16+ hours,4,70-79%,2,1+ sessions,Within 0-100
6097,13,62,Medium,Low,No,6,86,High,Yes,2,Low,Medium,Public,Neutral,4,No,High School,Near,Male,61,11-15 hours,3,60-69%,1,1+ sessions,Within 0-100
6098,21,93,Low,Medium,No,9,70,Medium,Yes,0,Medium,High,Public,Neutral,1,No,Postgraduate,Far,Female,68,16+ hours,4,90-100%,4,No tutoring,Within 0-100
6099,21,68,Medium,High,Yes,8,52,Medium,Yes,3,Low,Medium,Public,Neutral,2,No,College,Moderate,Male,65,16+ hours,4,60-69%,1,1+ sessions,Within 0-100
6100,16,73,Low,Low,No,6,94,Medium,No,1,Low,Medium,Private,Negative,2,No,College,Unknown,Female,61,16+ hours,4,70-79%,2,1+ sessions,Within 0-100
6101,16,95,Medium,High,Yes,8,52,Medium,Yes,0,Low,Medium,Private,Positive,3,No,Postgraduate,Moderate,Male,69,16+ hours,4,90-100%,4,No tutoring,Within 0-100
6102,21,90,Low,Medium,Yes,10,95,High,Yes,2,High,High,Private,Neutral,4,No,College,Near,Male,72,16+ hours,4,90-100%,4,1+ sessions,Within 0-100
6103,13,69,Medium,Low,Yes,7,53,High,No,2,Medium,Medium,Private,Negative,3,Yes,High School,Near,Female,59,11-15 hours,3,60-69%,1,1+ sessions,Within 0-100
6104,22,63,Medium,Medium,No,9,87,Low,Yes,0,High,High,Public,Negative,2,No,College,Moderate,Female,63,16+ hours,4,60-69%,1,No tutoring,Within 0-100
6105,15,89,Medium,Medium,Yes,8,96,High,Yes,3,Low,High,Public,Negative,3,No,High School,Near,Male,69,11-15 hours,3,80-89%,3,1+ sessions,Within 0-100
6106,26,76,Low,Low,No,7,95,High,Yes,1,Low,High,Public,Neutral,1,No,Postgraduate,Near,Male,67,16+ hours,4,70-79%,2,1+ sessions,Within 0-100
6107,34,91,Low,Medium,No,7,95,Medium,No,1,Medium,Medium,Public,Negative,3,Yes,College,Moderate,Male,70,16+ hours,4,90-100%,4,1+ sessions,Within 0-100
6108,15,78,Medium,High,No,8,94,High,Yes,0,Low,Medium,Private,Positive,4,No,Postgraduate,Moderate,Male,67,11-15 hours,3,70-79%,2,No tutoring,Within 0-100
6109,23,74,Medium,Medium,Yes,6,76,Medium,No,1,Low,Medium,Public,Positive,2,No,College,Near,Male,66,16+ hours,4,70-79%,2,1+ sessions,Within 0-100
6110,16,78,Medium,Medium,Yes,4,78,Medium,Yes,5,High,Medium,Public,Positive,3,No,High School,Near,Female,68,16+ hours,4,70-79%,2,1+ sessions,Within 0-100
6111,26,90,Low,High,Yes,6,81,Medium,Yes,1,Low,Medium,Private,Neutral,3,No,Postgraduate,Near,Male,71,16+ hours,4,90-100%,4,1+ sessions,Within 0-100
6112,12,96,High,Medium,No,4,95,Medium,Yes,3,Medium,Medium,Private,Neutral,0,Yes,High School,Near,Male,69,11-15 hours,3,90-100%,4,1+ sessions,Within 0-100
6113,23,62,High,Medium,Yes,6,92,Low,Yes,0,High,Medium,Public,Neutral,2,No,Unknown,Moderate,Male,65,16+ hours,4,60-69%,1,No tutoring,Within 0-100
6114,15,81,Medium,Medium,No,4,89,High,Yes,0,Low,Medium,Private,Negative,3,No,Postgraduate,Near,Female,66,11-15 hours,3,80-89%,3,No tutoring,Within 0-100
6115,19,61,Medium,High,Yes,8,84,High,Yes,2,Medium,High,Public,Positive,4,No,High School,Near,Male,66,16+ hours,4,60-69%,1,1+ sessions,Within 0-100
6116,14,79,High,Medium,No,5,81,High,Yes,3,High,Medium,Public,Negative,3,No,High School,Near,Female,67,11-15 hours,3,70-79%,2,1+ sessions,Within 0-100
6117,25,95,High,Medium,Yes,8,96,Low,Yes,1,Medium,Medium,Public,Neutral,4,No,Postgraduate,Near,Male,74,16+ hours,4,90-100%,4,1+ sessions,Within 0-100
6118,15,74,High,High,No,8,60,Low,Yes,3,Low,Medium,Public,Positive,5,No,High School,Moderate,Male,66,11-15 hours,3,70-79%,2,1+ sessions,Within 0-100
6119,23,97,Medium,High,Yes,8,60,Medium,Yes,1,Medium,High,Public,Neutral,3,No,College,Near,Male,72,16+ hours,4,90-100%,4,1+ sessions,Within 0-100
6120,18,85,High,Low,Yes,4,99,High,Yes,0,Low,Medium,Private,Neutral,4,No,College,Near,Male,69,16+ hours,4,80-89%,3,No tutoring,Within 0-100
6121,19,97,Low,High,No,9,78,Medium,Yes,0,Medium,Medium,Private,Negative,4,No,High School,Moderate,Female,68,16+ hours,4,90-100%,4,No tutoring,Within 0-100
6122,21,90,Medium,High,Yes,8,74,Medium,Yes,4,Low,Medium,Private,Neutral,3,No,High School,Near,Male,71,16+ hours,4,90-100%,4,1+ sessions,Within 0-100
6123,15,64,Medium,Medium,No,8,93,Medium,Yes,0,Low,Medium,Public,Negative,2,No,High School,Near,Female,61,11-15 hours,3,60-69%,1,No tutoring,Within 0-100
6124,21,69,Medium,Medium,Yes,10,92,Low,Yes,2,Low,Medium,Private,Neutral,3,No,High School,Near,Male,65,16+ hours,4,60-69%,1,1+ sessions,Within 0-100
6125,29,76,Medium,High,Yes,8,59,Medium,Yes,4,Low,High,Public,Neutral,2,No,Postgraduate,Near,Male,71,16+ hours,4,70-79%,2,1+ sessions,Within 0-100
6126,15,67,Low,Medium,Yes,5,59,Low,Yes,0,Low,Medium,Private,Neutral,3,No,High School,Near,Male,59,11-15 hours,3,60-69%,1,No tutoring,Within 0-100
6127,27,80,High,Medium,No,8,90,Low,Yes,1,Medium,High,Public,Neutral,3,No,Postgraduate,Near,Female,71,16+ hours,4,80-89%,3,1+ sessions,Within 0-100
6128,29,79,Medium,High,No,5,89,Medium,Yes,0,High,High,Public,Neutral,3,No,Postgraduate,Near,Female,72,16+ hours,4,70-79%,2,No tutoring,Within 0-100
6129,15,98,High,High,Yes,7,61,Medium,Yes,1,Low,High,Private,Positive,3,No,College,Moderate,Female,71,11-15 hours,3,90-100%,4,1+ sessions,Within 0-100
6130,11,77,Low,Low,Yes,6,92,Low,Yes,0,Low,Medium,Public,Neutral,5,No,High School,Near,Male,61,11-15 hours,3,70-79%,2,No tutoring,Within 0-100
6131,22,91,Medium,Medium,No,7,74,Medium,Yes,1,Medium,Medium,Private,Negative,2,Yes,College,Moderate,Female,67,16+ hours,4,90-100%,4,1+ sessions,Within 0-100
6132,17,98,Medium,Medium,No,5,73,Low,Yes,0,Low,High,Public,Negative,2,No,College,Moderate,Male,67,16+ hours,4,90-100%,4,No tutoring,Within 0-100
6133,31,95,Medium,Medium,No,5,99,Medium,Yes,1,Medium,Medium,Private,Neutral,4,No,High School,Near,Female,74,16+ hours,4,90-100%,4,1+ sessions,Within 0-100
6134,20,68,High,High,No,6,76,Low,Yes,2,Medium,Medium,Public,Neutral,3,No,High School,Near,Female,66,16+ hours,4,60-69%,1,1+ sessions,Within 0-100
6135,15,80,Medium,Medium,Yes,7,57,Low,Yes,1,Low,Medium,Private,Negative,4,No,High School,Near,Male,63,11-15 hours,3,80-89%,3,1+ sessions,Within 0-100
6136,13,74,Medium,Medium,No,6,64,Low,Yes,4,High,High,Private,Neutral,3,Yes,High School,Near,Male,63,11-15 hours,3,70-79%,2,1+ sessions,Within 0-100
6137,27,76,High,High,No,9,67,Medium,Yes,1,Low,Medium,Public,Positive,4,No,High School,Far,Female,68,16+ hours,4,70-79%,2,1+ sessions,Within 0-100
6138,17,74,Medium,Low,Yes,8,98,Low,Yes,1,High,High,Public,Neutral,3,No,High School,Near,Female,65,16+ hours,4,70-79%,2,1+ sessions,Within 0-100
6139,20,93,Medium,Low,No,8,63,Medium,Yes,0,Low,High,Public,Negative,3,No,High School,Moderate,Male,66,16+ hours,4,90-100%,4,No tutoring,Within 0-100
6140,26,78,Medium,Medium,No,6,72,Medium,Yes,1,Low,Unknown,Private,Neutral,3,No,High School,Moderate,Female,67,16+ hours,4,70-79%,2,1+ sessions,Within 0-100
6141,17,81,Medium,Medium,No,5,87,High,Yes,0,Low,High,Private,Neutral,2,No,College,Near,Female,67,16+ hours,4,80-89%,3,No tutoring,Within 0-100
6142,20,99,Medium,Low,Yes,7,64,High,Yes,0,Medium,Medium,Public,Positive,4,No,High School,Near,Male,70,16+ hours,4,90-100%,4,No tutoring,Within 0-100
6143,20,62,Low,Medium,Yes,10,85,High,Yes,5,Low,Medium,Private,Neutral,4,No,High School,Near,Male,65,16+ hours,4,60-69%,1,1+ sessions,Within 0-100
6144,24,80,Medium,Medium,Yes,7,60,Medium,Yes,1,High,High,Public,Positive,3,No,High School,Moderate,Female,68,16+ hours,4,80-89%,3,1+ sessions,Within 0-100
6145,24,91,Medium,High,Yes,9,62,Low,Yes,3,Low,Medium,Public,Negative,4,No,College,Moderate,Male,70,16+ hours,4,90-100%,4,1+ sessions,Within 0-100
6146,19,66,High,Low,No,9,99,Medium,Yes,1,Medium,Medium,Public,Positive,3,No,College,Near,Male,66,16+ hours,4,60-69%,1,1+ sessions,Within 0-100
6147,20,84,High,Medium,Yes,8,68,Medium,Yes,0,Low,Medium,Private,Positive,4,No,Postgraduate,Near,Male,69,16+ hours,4,80-89%,3,No tutoring,Within 0-100
6148,18,70,Medium,Medium,No,7,86,Medium,Yes,1,High,Medium,Public,Positive,2,No,High School,Near,Female,65,16+ hours,4,70-79%,2,1+ sessions,Within 0-100
6149,11,95,Medium,Medium,Yes,6,92,Medium,No,2,Medium,Low,Public,Neutral,3,No,Postgraduate,Moderate,Female,68,11-15 hours,3,90-100%,4,1+ sessions,Within 0-100
6150,22,73,Low,Medium,Yes,7,67,Medium,Yes,3,High,Medium,Private,Positive,2,No,High School,Far,Male,65,16+ hours,4,70-79%,2,1+ sessions,Within 0-100
6151,31,73,Medium,High,Yes,6,68,High,Yes,1,Medium,Medium,Public,Positive,3,No,High School,Near,Female,70,16+ hours,4,70-79%,2,1+ sessions,Within 0-100
6152,15,84,Low,Low,Yes,7,89,High,Yes,1,Low,High,Public,Neutral,3,No,High School,Near,Female,65,11-15 hours,3,80-89%,3,1+ sessions,Within 0-100
6153,15,67,High,Medium,Yes,5,80,High,Yes,3,Medium,High,Public,Neutral,4,No,College,Near,Male,67,11-15 hours,3,60-69%,1,1+ sessions,Within 0-100
6154,15,71,High,Low,No,6,68,Low,No,5,Low,Medium,Public,Positive,4,No,College,Near,Female,64,11-15 hours,3,70-79%,2,1+ sessions,Within 0-100
6155,24,77,Medium,Medium,No,8,87,High,Yes,2,Low,Medium,Public,Positive,1,Yes,Postgraduate,Moderate,Female,68,16+ hours,4,70-79%,2,1+ sessions,Within 0-100
6156,23,74,Medium,High,Yes,6,93,Medium,Yes,4,High,Medium,Private,Neutral,3,No,High School,Near,Female,70,16+ hours,4,70-79%,2,1+ sessions,Within 0-100
6157,19,81,Low,High,Yes,6,62,Medium,No,1,Medium,Low,Public,Negative,3,No,High School,Moderate,Female,64,16+ hours,4,80-89%,3,1+ sessions,Within 0-100
6158,14,84,High,Medium,No,6,51,Low,Yes,4,High,Medium,Public,Neutral,3,No,High School,Near,Male,67,11-15 hours,3,80-89%,3,1+ sessions,Within 0-100
6159,21,83,High,High,No,7,64,Medium,Yes,2,Medium,Low,Private,Neutral,2,No,High School,Near,Male,68,16+ hours,4,80-89%,3,1+ sessions,Within 0-100
6160,11,86,Medium,Medium,Yes,4,84,Medium,Yes,5,Low,High,Public,Neutral,4,Yes,High School,Near,Male,67,11-15 hours,3,80-89%,3,1+ sessions,Within 0-100
6161,21,72,Medium,Low,Yes,6,96,Low,Yes,4,High,Medium,Public,Positive,2,Yes,College,Moderate,Female,66,16+ hours,4,70-79%,2,1+ sessions,Within 0-100
6162,25,65,Medium,High,Yes,8,93,Low,No,2,Medium,Medium,Public,Negative,3,No,College,Moderate,Female,66,16+ hours,4,60-69%,1,1+ sessions,Within 0-100
6163,12,90,Medium,Low,Yes,7,61,Medium,Yes,2,Low,High,Private,Positive,2,No,High School,Near,Male,66,11-15 hours,3,90-100%,4,1+ sessions,Within 0-100
6164,11,94,Low,Low,Yes,8,94,Medium,Yes,2,Low,Medium,Public,Positive,2,No,College,Near,Male,67,11-15 hours,3,90-100%,4,1+ sessions,Within 0-100
6165,29,70,Medium,Medium,Yes,4,91,Low,Yes,2,Low,Medium,Public,Positive,3,No,College,Near,Male,69,16+ hours,4,70-79%,2,1+ sessions,Within 0-100
6166,16,76,Low,Medium,No,6,87,Medium,Yes,3,Low,Medium,Private,Neutral,4,No,College,Near,Female,65,16+ hours,4,70-79%,2,1+ sessions,Within 0-100
6167,27,80,Low,Low,Yes,7,84,Low,Yes,4,Low,Medium,Public,Positive,3,No,College,Moderate,Male,68,16+ hours,4,80-89%,3,1+ sessions,Within 0-100
6168,19,81,Low,High,No,8,90,Medium,Yes,2,Low,Medium,Private,Neutral,3,No,High School,Near,Female,67,16+ hours,4,80-89%,3,1+ sessions,Within 0-100
6169,19,86,Medium,Medium,Yes,9,93,Low,Yes,1,Low,High,Public,Positive,3,No,College,Near,Male,69,16+ hours,4,80-89%,3,1+ sessions,Within 0-100
6170,23,62,Medium,Medium,No,8,91,High,No,3,High,Low,Public,Neutral,3,No,High School,Moderate,Male,64,16+ hours,4,60-69%,1,1+ sessions,Within 0-100
6171,15,89,Medium,Medium,No,6,56,Low,Yes,2,Medium,Medium,Public,Positive,4,No,College,Near,Male,67,11-15 hours,3,80-89%,3,1+ sessions,Within 0-100
6172,21,62,High,Medium,No,6,86,Medium,Yes,2,Medium,High,Private,Positive,4,No,High School,Near,Female,67,16+ hours,4,60-69%,1,1+ sessions,Within 0-100
6173,18,79,Medium,High,No,9,92,Low,Yes,1,Low,Medium,Private,Neutral,3,No,College,Near,Male,67,16+ hours,4,70-79%,2,1+ sessions,Within 0-100
6174,12,93,Medium,High,No,6,59,Medium,Yes,2,Low,Medium,Private,Positive,3,No,High School,Moderate,Female,67,11-15 hours,3,90-100%,4,1+ sessions,Within 0-100
6175,22,78,Medium,High,Yes,5,61,Low,Yes,2,Low,Medium,Public,Neutral,4,No,College,Near,Male,68,16+ hours,4,70-79%,2,1+ sessions,Within 0-100
6176,18,66,Medium,Medium,Yes,7,89,High,Yes,4,Low,Medium,Public,Positive,3,Yes,High School,Near,Male,65,16+ hours,4,60-69%,1,1+ sessions,Within 0-100
6177,19,99,Low,High,No,9,67,Low,Yes,3,High,Medium,Public,Neutral,1,No,College,Moderate,Male,70,16+ hours,4,90-100%,4,1+ sessions,Within 0-100
6178,13,96,Medium,Medium,No,6,70,Medium,Yes,1,Low,High,Public,Neutral,3,No,College,Near,Female,68,11-15 hours,3,90-100%,4,1+ sessions,Within 0-100
6179,30,91,High,Low,Yes,6,69,Medium,Yes,2,Medium,High,Public,Negative,4,No,High School,Moderate,Female,72,16+ hours,4,90-100%,4,1+ sessions,Within 0-100
6180,25,76,Medium,High,No,6,61,Medium,Yes,1,Medium,Medium,Public,Neutral,3,No,Postgraduate,Far,Male,67,16+ hours,4,70-79%,2,1+ sessions,Within 0-100
6181,26,67,High,Low,Yes,8,97,Medium,Yes,2,Medium,Medium,Public,Neutral,0,No,High School,Moderate,Female,66,16+ hours,4,60-69%,1,1+ sessions,Within 0-100
6182,18,98,Low,Low,Yes,7,90,Low,Yes,0,High,High,Private,Positive,1,No,High School,Moderate,Male,68,16+ hours,4,90-100%,4,No tutoring,Within 0-100
6183,10,81,Medium,High,No,8,63,Medium,Yes,1,Low,Low,Public,Neutral,2,No,Unknown,Near,Male,64,6-10 hours,2,80-89%,3,1+ sessions,Within 0-100
6184,32,94,Medium,High,Yes,9,55,High,Yes,4,Medium,Medium,Private,Positive,2,Yes,High School,Near,Male,75,16+ hours,4,90-100%,4,1+ sessions,Within 0-100
6185,20,74,High,Low,Yes,5,69,High,Yes,1,Medium,Medium,Public,Positive,4,No,College,Moderate,Female,66,16+ hours,4,70-79%,2,1+ sessions,Within 0-100
6186,16,73,High,High,Yes,6,71,Medium,Yes,0,Low,Medium,Public,Positive,4,No,Postgraduate,Near,Male,67,16+ hours,4,70-79%,2,No tutoring,Within 0-100
6187,23,99,High,High,No,6,50,Medium,No,1,High,Medium,Private,Neutral,5,Yes,High School,Near,Male,71,16+ hours,4,90-100%,4,1+ sessions,Within 0-100
6188,27,81,Low,High,No,7,94,Low,Yes,0,Low,Medium,Public,Neutral,4,No,College,Moderate,Male,68,16+ hours,4,80-89%,3,No tutoring,Within 0-100
6189,20,66,Medium,Medium,Yes,8,93,Medium,Yes,2,Low,High,Public,Neutral,3,No,High School,Near,Male,65,16+ hours,4,60-69%,1,1+ sessions,Within 0-100
6190,28,69,Low,High,Yes,6,93,Low,Yes,0,High,Low,Public,Negative,3,No,College,Near,Male,67,16+ hours,4,60-69%,1,No tutoring,Within 0-100
6191,26,79,Low,High,Yes,6,90,Low,No,0,High,Medium,Private,Negative,2,Yes,College,Moderate,Male,66,16+ hours,4,70-79%,2,No tutoring,Within 0-100
6192,14,62,Low,Medium,No,8,87,Medium,Yes,1,Medium,Medium,Public,Positive,1,No,High School,Moderate,Male,60,11-15 hours,3,60-69%,1,1+ sessions,Within 0-100
6193,16,79,Medium,Medium,No,8,82,Low,Yes,2,Low,Medium,Private,Neutral,3,Yes,Postgraduate,Moderate,Female,64,16+ hours,4,70-79%,2,1+ sessions,Within 0-100
6194,26,77,Medium,Medium,Yes,7,98,Low,Yes,0,High,Medium,Public,Neutral,1,No,Postgraduate,Unknown,Male,69,16+ hours,4,70-79%,2,No tutoring,Within 0-100
6195,4,91,Medium,Medium,No,4,86,Low,Yes,3,Low,Medium,Private,Neutral,4,Yes,College,Moderate,Male,64,1-5 hours,1,90-100%,4,1+ sessions,Within 0-100
6196,19,74,Medium,High,No,9,82,High,Yes,2,Low,Medium,Private,Neutral,3,No,High School,Moderate,Male,66,16+ hours,4,70-79%,2,1+ sessions,Within 0-100
6197,11,99,High,Medium,Yes,7,89,High,Yes,3,Low,Medium,Public,Positive,3,No,College,Near,Male,72,11-15 hours,3,90-100%,4,1+ sessions,Within 0-100
6198,17,67,Low,Low,Yes,7,62,Medium,Yes,0,Low,Medium,Public,Positive,4,No,High School,Moderate,Female,60,16+ hours,4,60-69%,1,No tutoring,Within 0-100
6199,18,84,Low,High,Yes,6,98,Low,Yes,3,Medium,Medium,Public,Positive,3,No,High School,Near,Male,69,16+ hours,4,80-89%,3,1+ sessions,Within 0-100
6200,18,64,Medium,Medium,Yes,6,51,Medium,Yes,2,Low,Medium,Public,Positive,1,No,High School,Near,Female,62,16+ hours,4,60-69%,1,1+ sessions,Within 0-100
6201,17,89,Medium,Medium,Yes,6,82,Medium,Yes,3,Medium,Medium,Private,Positive,3,No,College,Near,Female,70,16+ hours,4,80-89%,3,1+ sessions,Within 0-100
6202,13,100,Low,Low,Yes,4,54,Low,Yes,3,Low,Low,Public,Positive,2,No,High School,Near,Female,65,11-15 hours,3,90-100%,4,1+ sessions,Within 0-100
6203,34,93,High,Medium,Yes,6,93,High,Yes,2,Low,High,Public,Neutral,4,No,High School,Near,Male,77,16+ hours,4,90-100%,4,1+ sessions,Within 0-100
6204,31,82,Medium,High,Yes,5,98,Medium,Yes,0,Low,Low,Public,Neutral,3,No,High School,Near,Male,71,16+ hours,4,80-89%,3,No tutoring,Within 0-100
6205,13,79,Medium,High,No,7,70,High,Yes,4,Low,Medium,Public,Positive,3,Yes,High School,Near,Female,66,11-15 hours,3,70-79%,2,1+ sessions,Within 0-100
6206,29,93,Medium,Medium,No,5,93,Medium,Yes,2,Low,Medium,Public,Positive,3,No,Postgraduate,Near,Female,74,16+ hours,4,90-100%,4,1+ sessions,Within 0-100
6207,18,97,Medium,High,No,8,67,Medium,Yes,1,Medium,High,Public,Neutral,3,No,High School,Near,Male,70,16+ hours,4,90-100%,4,1+ sessions,Within 0-100
6208,21,100,Medium,Medium,No,5,58,Medium,Yes,2,Medium,Medium,Private,Neutral,2,No,High School,Moderate,Male,69,16+ hours,4,90-100%,4,1+ sessions,Within 0-100
6209,20,76,Medium,Medium,No,9,64,Low,Yes,2,Low,Medium,Public,Negative,2,No,College,Moderate,Male,64,16+ hours,4,70-79%,2,1+ sessions,Within 0-100
6210,16,100,Medium,Medium,Yes,8,65,High,Yes,1,High,Medium,Public,Positive,2,Yes,College,Moderate,Female,69,16+ hours,4,90-100%,4,1+ sessions,Within 0-100
6211,26,66,High,High,Yes,5,82,Medium,Yes,1,Low,Medium,Public,Neutral,3,No,High School,Near,Female,68,16+ hours,4,60-69%,1,1+ sessions,Within 0-100
6212,21,70,Medium,Low,Yes,7,90,Medium,No,1,Low,Medium,Public,Neutral,4,No,High School,Moderate,Male,63,16+ hours,4,70-79%,2,1+ sessions,Within 0-100
6213,17,64,Medium,Medium,Yes,6,60,Medium,Yes,1,Medium,Medium,Private,Positive,2,Yes,High School,Near,Male,61,16+ hours,4,60-69%,1,1+ sessions,Within 0-100
6214,12,71,Medium,Medium,No,8,54,Medium,Yes,0,Low,Low,Public,Positive,5,No,College,Near,Male,61,11-15 hours,3,70-79%,2,No tutoring,Within 0-100
6215,15,91,Medium,Low,Yes,10,61,Medium,Yes,0,Low,High,Public,Neutral,4,No,High School,Moderate,Male,65,11-15 hours,3,90-100%,4,No tutoring,Within 0-100
6216,10,94,Medium,High,No,9,65,Medium,Yes,3,Low,Low,Private,Negative,2,No,High School,Moderate,Female,65,6-10 hours,2,90-100%,4,1+ sessions,Within 0-100
6217,20,91,High,Medium,Yes,6,64,High,Yes,0,High,Medium,Private,Positive,3,Yes,High School,Moderate,Female,69,16+ hours,4,90-100%,4,No tutoring,Within 0-100
6218,13,85,High,High,Yes,7,61,High,Yes,3,Medium,High,Public,Positive,2,No,High School,Moderate,Female,69,11-15 hours,3,80-89%,3,1+ sessions,Within 0-100
6219,18,81,Low,Medium,No,9,73,Medium,Yes,1,High,Medium,Public,Negative,2,No,High School,Near,Male,65,16+ hours,4,80-89%,3,1+ sessions,Within 0-100
6220,28,88,Low,High,Yes,8,93,Medium,Yes,3,Low,Medium,Public,Negative,1,No,Postgraduate,Moderate,Female,72,16+ hours,4,80-89%,3,1+ sessions,Within 0-100
6221,27,76,High,High,Yes,9,55,Medium,Yes,3,Low,Medium,Private,Neutral,0,No,High School,Moderate,Female,69,16+ hours,4,70-79%,2,1+ sessions,Within 0-100
6222,20,94,High,Medium,Yes,8,93,Low,Yes,1,Medium,Medium,Public,Neutral,3,No,College,Moderate,Female,71,16+ hours,4,90-100%,4,1+ sessions,Within 0-100
6223,19,87,Medium,Medium,Yes,7,75,Medium,Yes,2,Low,Low,Public,Negative,3,No,High School,Moderate,Female,67,16+ hours,4,80-89%,3,1+ sessions,Within 0-100
6224,31,88,Medium,High,No,7,83,Medium,Yes,0,Low,Medium,Private,Neutral,2,No,High School,Near,Male,72,16+ hours,4,80-89%,3,No tutoring,Within 0-100
6225,23,81,High,High,No,5,91,Low,Yes,0,High,High,Public,Positive,3,Yes,High School,Near,Female,70,16+ hours,4,80-89%,3,No tutoring,Within 0-100
6226,18,95,Low,Medium,Yes,6,65,High,Yes,1,Low,High,Public,Negative,3,No,High School,Near,Female,68,16+ hours,4,90-100%,4,1+ sessions,Within 0-100
6227,11,70,Medium,Medium,No,6,98,Medium,Yes,3,High,Medium,Private,Neutral,4,No,Postgraduate,Near,Female,66,11-15 hours,3,70-79%,2,1+ sessions,Within 0-100
6228,22,75,Medium,High,No,6,54,Low,Yes,4,Low,High,Public,Positive,4,No,High School,Near,Male,68,16+ hours,4,70-79%,2,1+ sessions,Within 0-100
6229,25,91,High,Low,Yes,7,76,Low,Yes,1,Low,High,Private,Positive,3,No,College,Near,Female,71,16+ hours,4,90-100%,4,1+ sessions,Within 0-100
6230,16,80,Low,Medium,Yes,7,63,High,Yes,2,Low,Medium,Private,Neutral,3,No,Unknown,Far,Male,63,16+ hours,4,80-89%,3,1+ sessions,Within 0-100
6231,22,96,Medium,High,No,7,70,Medium,No,2,Medium,Medium,Private,Negative,4,No,College,Moderate,Male,70,16+ hours,4,90-100%,4,1+ sessions,Within 0-100
6232,18,74,Medium,High,No,8,72,High,Yes,1,Low,High,Public,Negative,2,No,College,Moderate,Male,65,16+ hours,4,70-79%,2,1+ sessions,Within 0-100
6233,19,75,High,High,Yes,6,96,Medium,Yes,2,Medium,Medium,Public,Positive,4,No,High School,Near,Female,70,16+ hours,4,70-79%,2,1+ sessions,Within 0-100
6234,5,96,Medium,Low,Yes,8,72,Low,Yes,3,Medium,Medium,Public,Negative,5,No,High School,Near,Male,65,1-5 hours,1,90-100%,4,1+ sessions,Within 0-100
6235,19,79,High,High,Yes,9,85,Medium,Yes,0,Medium,Medium,Public,Positive,2,No,High School,Moderate,Male,68,16+ hours,4,70-79%,2,No tutoring,Within 0-100
6236,26,81,High,Medium,Yes,8,98,Low,Yes,1,Medium,Low,Private,Neutral,2,Yes,High School,Near,Female,69,16+ hours,4,80-89%,3,1+ sessions,Within 0-100
6237,16,73,Medium,Medium,Yes,6,75,High,Yes,3,Medium,Medium,Public,Positive,3,No,High School,Moderate,Female,66,16+ hours,4,70-79%,2,1+ sessions,Within 0-100
6238,20,71,Low,Medium,No,8,70,Medium,Yes,0,Medium,High,Private,Neutral,3,No,High School,Far,Female,62,16+ hours,4,70-79%,2,No tutoring,Within 0-100
6239,15,86,Medium,High,No,8,99,High,Yes,2,Medium,Medium,Public,Neutral,5,No,High School,Near,Male,70,11-15 hours,3,80-89%,3,1+ sessions,Within 0-100
6240,22,65,High,Low,No,8,91,Medium,Yes,2,High,Medium,Public,Negative,2,No,College,Moderate,Female,65,16+ hours,4,60-69%,1,1+ sessions,Within 0-100
6241,19,95,Low,High,Yes,9,97,Low,Yes,0,Medium,Medium,Public,Neutral,2,No,Postgraduate,Near,Male,71,16+ hours,4,90-100%,4,No tutoring,Within 0-100
6242,14,91,Medium,High,Yes,8,70,Medium,Yes,2,Low,Medium,Private,Neutral,0,No,Postgraduate,Moderate,Male,68,11-15 hours,3,90-100%,4,1+ sessions,Within 0-100
6243,28,68,Low,Low,Yes,9,85,Medium,Yes,0,Medium,Medium,Public,Negative,3,No,Postgraduate,Near,Male,65,16+ hours,4,60-69%,1,No tutoring,Within 0-100
6244,26,88,Low,High,Yes,7,62,High,No,1,High,High,Private,Positive,2,No,High School,Near,Female,70,16+ hours,4,80-89%,3,1+ sessions,Within 0-100
6245,16,84,Medium,High,Yes,6,93,Medium,Yes,0,High,Medium,Public,Positive,3,No,High School,Moderate,Male,69,16+ hours,4,80-89%,3,No tutoring,Within 0-100
6246,23,67,Medium,Low,Yes,9,97,Medium,Yes,1,Medium,Medium,Private,Positive,3,No,College,Moderate,Male,66,16+ hours,4,60-69%,1,1+ sessions,Within 0-100
6247,23,71,Medium,Medium,Yes,6,63,Low,Yes,1,Low,High,Public,Positive,5,No,Unknown,Moderate,Male,66,16+ hours,4,70-79%,2,1+ sessions,Within 0-100
6248,24,76,High,Medium,No,10,55,Low,Yes,2,Low,Medium,Public,Positive,4,No,High School,Near,Male,67,16+ hours,4,70-79%,2,1+ sessions,Within 0-100
6249,10,88,Low,Medium,No,9,60,Medium,Yes,1,Low,Medium,Public,Positive,3,No,High School,Moderate,Female,63,6-10 hours,2,80-89%,3,1+ sessions,Within 0-100
6250,26,86,Low,High,Yes,7,82,Medium,Yes,2,Low,Medium,Private,Positive,3,No,High School,Moderate,Female,70,16+ hours,4,80-89%,3,1+ sessions,Within 0-100
6251,17,81,High,Medium,No,9,64,Medium,Yes,0,High,Medium,Public,Positive,3,Yes,High School,Far,Male,65,16+ hours,4,80-89%,3,No tutoring,Within 0-100
6252,18,91,Medium,High,No,8,82,Medium,Yes,3,Medium,Medium,Private,Positive,2,No,High School,Moderate,Male,70,16+ hours,4,90-100%,4,1+ sessions,Within 0-100
6253,36,90,Medium,High,Yes,5,68,Low,Yes,1,Low,High,Public,Positive,2,No,High School,Moderate,Male,74,16+ hours,4,90-100%,4,1+ sessions,Within 0-100
6254,22,85,High,Medium,Yes,6,96,Medium,Yes,0,Low,Medium,Public,Neutral,3,No,Unknown,Moderate,Female,69,16+ hours,4,80-89%,3,No tutoring,Within 0-100
6255,18,91,High,Medium,No,7,73,Low,Yes,0,Low,Medium,Public,Negative,4,No,College,Near,Male,68,16+ hours,4,90-100%,4,No tutoring,Within 0-100
6256,7,73,Medium,Medium,Yes,7,75,Medium,Yes,1,High,High,Private,Positive,3,No,College,Near,Male,64,6-10 hours,2,70-79%,2,1+ sessions,Within 0-100
6257,28,95,High,Medium,No,9,67,Low,Yes,2,Medium,Medium,Public,Neutral,3,No,High School,Near,Male,73,16+ hours,4,90-100%,4,1+ sessions,Within 0-100
6258,12,85,Medium,Medium,Yes,7,54,Medium,Yes,4,Low,High,Public,Positive,3,No,College,Moderate,Male,66,11-15 hours,3,80-89%,3,1+ sessions,Within 0-100
6259,14,93,Medium,Low,Yes,5,75,Low,Yes,0,Medium,High,Public,Negative,3,No,High School,Moderate,Male,65,11-15 hours,3,90-100%,4,No tutoring,Within 0-100
6260,18,82,High,Low,Yes,6,89,High,Yes,0,Medium,Medium,Private,Positive,1,Yes,College,Moderate,Male,66,16+ hours,4,80-89%,3,No tutoring,Within 0-100
6261,28,69,Medium,Low,No,8,98,Medium,Yes,0,Medium,Medium,Public,Positive,5,No,High School,Near,Male,67,16+ hours,4,60-69%,1,No tutoring,Within 0-100
6262,25,82,Medium,High,No,4,54,Medium,Yes,0,Medium,Medium,Public,Neutral,3,No,High School,Near,Male,67,16+ hours,4,80-89%,3,No tutoring,Within 0-100
6263,19,75,Medium,Medium,Yes,5,90,High,Yes,0,Medium,Unknown,Private,Negative,3,No,Postgraduate,Near,Female,66,16+ hours,4,70-79%,2,No tutoring,Within 0-100
6264,22,88,Medium,Low,Yes,6,63,Low,Yes,3,Low,Medium,Public,Positive,3,No,Postgraduate,Near,Male,69,16+ hours,4,80-89%,3,1+ sessions,Within 0-100
6265,16,79,Medium,Medium,Yes,8,91,Medium,Yes,4,High,Medium,Private,Positive,1,No,Postgraduate,Near,Male,69,16+ hours,4,70-79%,2,1+ sessions,Within 0-100
6266,21,93,Medium,Low,No,7,67,High,Yes,2,Low,Medium,Public,Neutral,3,No,College,Far,Female,68,16+ hours,4,90-100%,4,1+ sessions,Within 0-100
6267,20,87,Low,Low,No,8,56,Medium,No,1,High,Medium,Public,Negative,1,No,College,Near,Female,64,16+ hours,4,80-89%,3,1+ sessions,Within 0-100
6268,26,87,Medium,Medium,Yes,7,81,Medium,Yes,1,High,Medium,Public,Negative,2,No,High School,Near,Male,70,16+ hours,4,80-89%,3,1+ sessions,Within 0-100
6269,26,69,Medium,Medium,No,7,95,Medium,Yes,1,Low,Medium,Public,Negative,4,No,Postgraduate,Near,Female,67,16+ hours,4,60-69%,1,1+ sessions,Within 0-100
6270,23,99,Low,Low,No,6,59,Medium,Yes,1,Medium,Medium,Public,Positive,3,No,High School,Far,Male,68,16+ hours,4,90-100%,4,1+ sessions,Within 0-100
6271,18,94,Medium,Medium,Yes,8,51,Medium,Yes,0,High,Medium,Public,Positive,3,Yes,College,Moderate,Female,67,16+ hours,4,90-100%,4,No tutoring,Within 0-100
6272,24,92,High,Medium,Yes,5,94,Low,Yes,1,Medium,Medium,Public,Neutral,2,No,Postgraduate,Near,Female,73,16+ hours,4,90-100%,4,1+ sessions,Within 0-100
6273,19,73,Medium,Medium,Yes,7,85,Medium,Yes,1,Medium,Medium,Public,Neutral,3,No,High School,Far,Male,65,16+ hours,4,70-79%,2,1+ sessions,Within 0-100
6274,14,81,Medium,High,No,9,90,Medium,Yes,3,High,High,Public,Neutral,3,No,Postgraduate,Near,Male,69,11-15 hours,3,80-89%,3,1+ sessions,Within 0-100
6275,18,65,Medium,Medium,Yes,6,53,Medium,Yes,1,Medium,Medium,Private,Positive,3,Yes,Postgraduate,Near,Male,63,16+ hours,4,60-69%,1,1+ sessions,Within 0-100
6276,21,82,Medium,Medium,No,5,95,Medium,Yes,3,Low,Low,Public,Positive,4,No,High School,Near,Female,68,16+ hours,4,80-89%,3,1+ sessions,Within 0-100
6277,25,66,Medium,High,No,4,71,High,Yes,0,Medium,Medium,Public,Negative,3,Yes,High School,Near,Female,64,16+ hours,4,60-69%,1,No tutoring,Within 0-100
6278,19,82,Low,High,No,8,95,Medium,Yes,2,Low,High,Public,Neutral,4,Yes,Postgraduate,Moderate,Female,68,16+ hours,4,80-89%,3,1+ sessions,Within 0-100
6279,13,86,Medium,High,Yes,8,53,Medium,Yes,2,Low,High,Public,Positive,4,No,High School,Far,Male,66,11-15 hours,3,80-89%,3,1+ sessions,Within 0-100
6280,20,76,Medium,Medium,No,6,94,Low,Yes,2,Low,High,Public,Neutral,3,Yes,High School,Moderate,Male,65,16+ hours,4,70-79%,2,1+ sessions,Within 0-100
6281,21,80,Medium,Medium,Yes,5,84,Low,Yes,4,Low,Medium,Private,Neutral,2,No,Postgraduate,Near,Female,69,16+ hours,4,80-89%,3,1+ sessions,Within 0-100
6282,21,95,Low,Medium,No,7,78,High,Yes,2,Low,High,Public,Neutral,2,Yes,High School,Near,Male,69,16+ hours,4,90-100%,4,1+ sessions,Within 0-100
6283,26,64,Low,High,Yes,9,53,Medium,No,2,Low,High,Public,Negative,4,No,College,Near,Male,64,16+ hours,4,60-69%,1,1+ sessions,Within 0-100
6284,26,92,High,High,No,5,84,High,Yes,0,Medium,High,Public,Neutral,2,No,Postgraduate,Near,Male,74,16+ hours,4,90-100%,4,No tutoring,Within 0-100
6285,16,67,High,Medium,No,9,80,Medium,Yes,1,Low,High,Public,Neutral,3,No,High School,Near,Female,64,16+ hours,4,60-69%,1,1+ sessions,Within 0-100
6286,16,61,Medium,Low,No,4,86,Medium,Yes,3,Medium,High,Public,Positive,4,No,High School,Near,Female,63,16+ hours,4,60-69%,1,1+ sessions,Within 0-100
6287,14,67,High,Medium,Yes,5,86,Medium,No,0,High,Medium,Public,Positive,4,No,College,Moderate,Female,64,11-15 hours,3,60-69%,1,No tutoring,Within 0-100
6288,24,91,Medium,Medium,Yes,7,72,Medium,Yes,3,Medium,High,Public,Neutral,3,No,High School,Moderate,Male,71,16+ hours,4,90-100%,4,1+ sessions,Within 0-100
6289,29,76,Low,High,Yes,8,60,Medium,Yes,2,Medium,Medium,Public,Negative,3,No,High School,Near,Female,68,16+ hours,4,70-79%,2,1+ sessions,Within 0-100
6290,18,95,Medium,Medium,Yes,9,96,Low,Yes,4,Medium,Medium,Public,Negative,4,No,College,Near,Female,72,16+ hours,4,90-100%,4,1+ sessions,Within 0-100
6291,19,81,Medium,Low,Yes,8,96,High,Yes,1,Low,Medium,Private,Negative,4,No,Postgraduate,Near,Male,67,16+ hours,4,80-89%,3,1+ sessions,Within 0-100
6292,29,61,Medium,High,No,9,61,Medium,Yes,0,Low,Medium,Private,Negative,3,No,High School,Near,Male,64,16+ hours,4,60-69%,1,No tutoring,Within 0-100
6293,23,89,Medium,Low,No,7,82,Medium,Yes,2,High,High,Public,Positive,1,No,College,Near,Male,70,16+ hours,4,80-89%,3,1+ sessions,Within 0-100
6294,23,64,High,Medium,Yes,6,60,Low,Yes,2,Medium,Medium,Public,Negative,3,No,College,Near,Female,65,16+ hours,4,60-69%,1,1+ sessions,Within 0-100
6295,13,92,High,Medium,No,9,93,High,Yes,2,High,Medium,Public,Negative,2,No,College,Moderate,Male,69,11-15 hours,3,90-100%,4,1+ sessions,Within 0-100
6296,24,67,High,Medium,No,9,55,High,Yes,2,Low,Low,Public,Positive,2,No,College,Moderate,Male,65,16+ hours,4,60-69%,1,1+ sessions,Within 0-100
6297,14,74,High,Medium,No,8,100,Medium,Yes,1,Low,Medium,Public,Neutral,3,No,College,Near,Male,66,11-15 hours,3,70-79%,2,1+ sessions,Within 0-100
6298,13,90,High,Medium,No,8,81,Medium,Yes,0,Medium,Medium,Public,Positive,3,No,High School,Moderate,Female,67,11-15 hours,3,90-100%,4,No tutoring,Within 0-100
6299,18,98,Medium,Low,No,9,51,Medium,Yes,1,High,Medium,Public,Neutral,4,No,College,Near,Male,68,16+ hours,4,90-100%,4,1+ sessions,Within 0-100
6300,16,75,Medium,Medium,Yes,8,94,Medium,Yes,0,Medium,Medium,Private,Positive,3,No,High School,Moderate,Male,65,16+ hours,4,70-79%,2,No tutoring,Within 0-100
6301,19,93,Medium,Medium,No,7,84,High,No,0,Medium,Low,Public,Neutral,2,No,College,Near,Male,68,16+ hours,4,90-100%,4,No tutoring,Within 0-100
6302,11,68,Medium,High,Yes,8,85,High,No,2,Medium,Medium,Public,Negative,2,No,College,Near,Male,63,11-15 hours,3,60-69%,1,1+ sessions,Within 0-100
6303,26,92,Medium,Medium,No,8,64,Medium,Yes,1,Medium,Medium,Private,Positive,5,No,High School,Near,Male,71,16+ hours,4,90-100%,4,1+ sessions,Within 0-100
6304,27,86,High,Medium,No,8,67,Medium,Yes,1,Low,Medium,Public,Positive,4,No,College,Near,Male,71,16+ hours,4,80-89%,3,1+ sessions,Within 0-100
6305,8,68,High,Medium,Yes,7,96,Medium,Yes,2,Low,High,Public,Positive,3,No,Postgraduate,Near,Female,65,6-10 hours,2,60-69%,1,1+ sessions,Within 0-100
6306,26,72,Medium,Low,No,8,82,Medium,Yes,2,Medium,Low,Public,Negative,2,No,Postgraduate,Far,Female,65,16+ hours,4,70-79%,2,1+ sessions,Within 0-100
6307,15,65,Medium,Low,Yes,8,51,Medium,Yes,1,High,Medium,Public,Positive,3,No,High School,Moderate,Female,61,11-15 hours,3,60-69%,1,1+ sessions,Within 0-100
6308,25,75,High,High,Yes,7,66,Low,Yes,0,Low,High,Public,Negative,4,No,High School,Near,Male,68,16+ hours,4,70-79%,2,No tutoring,Within 0-100
6309,20,68,Low,Medium,Yes,6,80,Low,Yes,4,Low,Medium,Private,Neutral,4,No,College,Near,Female,65,16+ hours,4,60-69%,1,1+ sessions,Within 0-100
6310,20,86,Low,Medium,No,9,57,Medium,Yes,0,Medium,High,Public,Positive,4,No,High School,Moderate,Male,66,16+ hours,4,80-89%,3,No tutoring,Within 0-100
6311,19,100,High,Low,Yes,5,55,Low,Yes,2,Low,Medium,Public,Positive,4,No,High School,Moderate,Male,69,16+ hours,4,90-100%,4,1+ sessions,Within 0-100
6312,27,60,High,High,No,6,53,Low,Yes,3,Low,Low,Private,Positive,2,No,High School,Moderate,Female,65,16+ hours,4,60-69%,1,1+ sessions,Within 0-100
6313,13,82,Medium,High,No,7,82,Medium,Yes,1,Low,Low,Public,Positive,3,No,High School,Near,Female,65,11-15 hours,3,80-89%,3,1+ sessions,Within 0-100
6314,24,83,High,Medium,No,4,66,High,Yes,2,Medium,High,Private,Positive,4,Yes,Postgraduate,Moderate,Male,70,16+ hours,4,80-89%,3,1+ sessions,Within 0-100
6315,27,97,Medium,Medium,No,9,69,Medium,Yes,1,Low,Medium,Private,Neutral,2,No,High School,Moderate,Female,70,16+ hours,4,90-100%,4,1+ sessions,Within 0-100
6316,24,80,Medium,Medium,Yes,7,53,Medium,Yes,2,Low,Medium,Public,Positive,4,Yes,High School,Near,Female,67,16+ hours,4,80-89%,3,1+ sessions,Within 0-100
6317,34,82,Medium,High,Yes,9,87,High,Yes,3,Low,Medium,Public,Positive,4,No,High School,Near,Female,75,16+ hours,4,80-89%,3,1+ sessions,Within 0-100
6318,17,79,Low,Low,Yes,10,88,Low,Yes,3,Medium,High,Private,Neutral,3,No,High School,Moderate,Female,65,16+ hours,4,70-79%,2,1+ sessions,Within 0-100
6319,26,71,Medium,Medium,Yes,7,91,Medium,No,2,Low,Medium,Private,Neutral,3,No,High School,Moderate,Female,66,16+ hours,4,70-79%,2,1+ sessions,Within 0-100
6320,19,62,High,Medium,Yes,9,83,High,Yes,2,Medium,Medium,Public,Positive,3,No,College,Unknown,Male,67,16+ hours,4,60-69%,1,1+ sessions,Within 0-100
6321,27,76,Low,Medium,Yes,5,89,Low,Yes,0,Low,Unknown,Private,Positive,4,No,Postgraduate,Far,Male,67,16+ hours,4,70-79%,2,No tutoring,Within 0-100
6322,20,62,Low,Medium,No,8,79,High,Yes,2,Low,Medium,Public,Positive,1,No,High School,Near,Female,62,16+ hours,4,60-69%,1,1+ sessions,Within 0-100
6323,18,82,Medium,Medium,Yes,6,75,Medium,Yes,0,Low,Medium,Private,Negative,4,No,College,Near,Male,66,16+ hours,4,80-89%,3,No tutoring,Within 0-100
6324,28,72,Low,High,No,8,63,Low,Yes,1,Low,High,Public,Neutral,2,No,Unknown,Near,Male,66,16+ hours,4,70-79%,2,1+ sessions,Within 0-100
6325,17,81,High,Low,Yes,8,53,High,Yes,0,Medium,Medium,Public,Neutral,2,No,High School,Far,Male,64,16+ hours,4,80-89%,3,No tutoring,Within 0-100
6326,12,65,Low,Medium,No,7,65,Medium,Yes,2,Medium,Medium,Public,Neutral,2,No,High School,Near,Male,60,11-15 hours,3,60-69%,1,1+ sessions,Within 0-100
6327,17,97,Medium,Medium,Yes,8,84,Medium,No,3,Low,Low,Private,Neutral,3,No,Postgraduate,Near,Female,70,16+ hours,4,90-100%,4,1+ sessions,Within 0-100
6328,24,96,Medium,Medium,No,8,96,Medium,Yes,2,Low,Low,Public,Positive,3,No,College,Near,Female,72,16+ hours,4,90-100%,4,1+ sessions,Within 0-100
6329,28,68,High,Medium,Yes,7,63,Medium,Yes,0,Low,High,Public,Negative,2,No,College,Near,Male,67,16+ hours,4,60-69%,1,No tutoring,Within 0-100
6330,21,74,Medium,High,Yes,10,83,Low,Yes,1,High,Medium,Public,Neutral,3,No,High School,Moderate,Female,67,16+ hours,4,70-79%,2,1+ sessions,Within 0-100
6331,28,85,Medium,Medium,Yes,7,74,Medium,Yes,1,Medium,High,Public,Positive,3,No,Postgraduate,Near,Female,72,16+ hours,4,80-89%,3,1+ sessions,Within 0-100
6332,12,64,High,High,Yes,9,81,Medium,No,1,High,High,Public,Neutral,3,No,High School,Moderate,Male,63,11-15 hours,3,60-69%,1,1+ sessions,Within 0-100
6333,17,74,Low,Medium,No,9,50,Medium,Yes,0,Low,High,Public,Negative,2,No,High School,Far,Female,60,16+ hours,4,70-79%,2,No tutoring,Within 0-100
6334,18,70,Medium,Medium,Yes,4,56,Medium,Yes,1,High,High,Public,Neutral,4,No,High School,Near,Male,65,16+ hours,4,70-79%,2,1+ sessions,Within 0-100
6335,19,97,High,Medium,Yes,9,61,High,Yes,2,Medium,High,Public,Neutral,1,No,Postgraduate,Moderate,Male,72,16+ hours,4,90-100%,4,1+ sessions,Within 0-100
6336,21,94,Medium,High,No,9,95,Low,Yes,0,Medium,High,Private,Negative,3,No,High School,Near,Male,70,16+ hours,4,90-100%,4,No tutoring,Within 0-100
6337,24,83,High,Medium,Yes,7,52,High,Yes,1,Medium,High,Public,Positive,4,No,College,Near,Female,71,16+ hours,4,80-89%,3,1+ sessions,Within 0-100
6338,17,81,Low,Medium,Yes,8,78,Low,Yes,1,Low,High,Private,Positive,4,No,College,Moderate,Male,66,16+ hours,4,80-89%,3,1+ sessions,Within 0-100
6339,21,97,Low,Medium,Yes,8,96,High,Yes,2,Low,High,Public,Positive,4,No,College,Moderate,Female,72,16+ hours,4,90-100%,4,1+ sessions,Within 0-100
6340,20,97,Low,Medium,Yes,9,83,High,Yes,3,Medium,High,Public,Positive,3,No,Postgraduate,Near,Female,73,16+ hours,4,90-100%,4,1+ sessions,Within 0-100
6341,14,99,High,Medium,Yes,6,74,Medium,Yes,2,Medium,Medium,Public,Neutral,3,No,College,Near,Male,71,11-15 hours,3,90-100%,4,1+ sessions,Within 0-100
6342,19,65,High,Low,No,9,69,Medium,Yes,4,Low,High,Public,Neutral,2,No,College,Far,Male,64,16+ hours,4,60-69%,1,1+ sessions,Within 0-100
6343,19,66,Medium,High,Yes,5,81,Medium,Yes,1,High,Medium,Private,Positive,3,No,College,Moderate,Male,66,16+ hours,4,60-69%,1,1+ sessions,Within 0-100
6344,19,87,Medium,Medium,No,4,74,High,Yes,1,High,Medium,Public,Positive,3,No,College,Near,Male,69,16+ hours,4,80-89%,3,1+ sessions,Within 0-100
6345,20,82,Low,Medium,No,8,85,Low,Yes,1,Medium,High,Private,Neutral,3,Yes,Postgraduate,Near,Female,66,16+ hours,4,80-89%,3,1+ sessions,Within 0-100
6346,20,61,Medium,High,No,9,81,Medium,Yes,0,High,High,Public,Neutral,2,Yes,High School,Near,Male,63,16+ hours,4,60-69%,1,No tutoring,Within 0-100
6347,17,62,Medium,Medium,Yes,7,78,Medium,Yes,0,Medium,High,Public,Negative,3,No,High School,Near,Male,62,16+ hours,4,60-69%,1,No tutoring,Within 0-100
6348,28,96,High,Low,Yes,4,98,High,Yes,1,High,High,Public,Positive,3,No,High School,Near,Male,98,16+ hours,4,90-100%,4,1+ sessions,Within 0-100
6349,13,95,High,High,Yes,5,92,Low,Yes,1,Medium,Medium,Private,Positive,2,No,College,Near,Female,71,11-15 hours,3,90-100%,4,1+ sessions,Within 0-100
6350,16,74,High,Medium,No,8,80,Medium,Yes,0,Low,Medium,Public,Positive,4,No,Postgraduate,Near,Female,66,16+ hours,4,70-79%,2,No tutoring,Within 0-100
6351,37,96,Medium,Medium,No,7,77,Medium,Yes,2,Medium,Medium,Public,Positive,3,No,High School,Moderate,Female,75,16+ hours,4,90-100%,4,1+ sessions,Within 0-100
6352,14,84,High,Medium,Yes,9,86,High,Yes,1,Low,Medium,Private,Positive,4,No,High School,Near,Female,68,11-15 hours,3,80-89%,3,1+ sessions,Within 0-100
6353,12,92,High,Medium,No,7,90,Medium,Yes,2,Medium,High,Public,Negative,5,No,High School,Near,Male,69,11-15 hours,3,90-100%,4,1+ sessions,Within 0-100
6354,24,77,Medium,Low,Yes,6,65,High,Yes,2,Medium,High,Private,Positive,3,No,High School,Near,Male,68,16+ hours,4,70-79%,2,1+ sessions,Within 0-100
6355,8,65,Medium,Medium,No,7,83,Low,Yes,3,Medium,Medium,Public,Negative,4,No,High School,Near,Female,60,6-10 hours,2,60-69%,1,1+ sessions,Within 0-100
6356,19,77,Medium,Low,No,9,57,Low,Yes,4,Medium,Medium,Public,Neutral,3,Yes,High School,Near,Female,64,16+ hours,4,70-79%,2,1+ sessions,Within 0-100
6357,33,78,Medium,Medium,No,9,72,Medium,Yes,4,Medium,Medium,Public,Positive,3,No,High School,Moderate,Male,71,16+ hours,4,70-79%,2,1+ sessions,Within 0-100
6358,11,82,High,High,No,7,97,Low,Yes,2,High,Medium,Public,Positive,3,No,College,Near,Male,69,11-15 hours,3,80-89%,3,1+ sessions,Within 0-100
6359,8,64,Medium,Medium,Yes,7,66,Medium,Yes,1,Low,Medium,Private,Positive,3,No,College,Near,Male,60,6-10 hours,2,60-69%,1,1+ sessions,Within 0-100
6360,11,100,High,High,Yes,8,58,High,Yes,1,Low,Medium,Private,Positive,3,No,College,Near,Female,70,11-15 hours,3,90-100%,4,1+ sessions,Within 0-100
6361,25,70,Low,Medium,Yes,6,57,Medium,Yes,4,Medium,Medium,Private,Neutral,3,No,High School,Near,Male,66,16+ hours,4,70-79%,2,1+ sessions,Within 0-100
6362,27,68,High,Medium,No,8,70,High,Yes,0,Medium,Medium,Private,Positive,3,No,Postgraduate,Near,Male,68,16+ hours,4,60-69%,1,No tutoring,Within 0-100
6363,17,81,High,Low,No,7,61,Medium,Yes,2,High,Medium,Public,Positive,2,No,College,Near,Female,67,16+ hours,4,80-89%,3,1+ sessions,Within 0-100
6364,24,81,Medium,Medium,Yes,7,71,High,Yes,1,Medium,High,Public,Neutral,3,No,College,Near,Male,70,16+ hours,4,80-89%,3,1+ sessions,Within 0-100
6365,28,78,High,Medium,Yes,7,86,Low,Yes,0,Low,High,Public,Neutral,2,No,College,Moderate,Male,69,16+ hours,4,70-79%,2,No tutoring,Within 0-100
6366,31,91,Medium,High,Yes,7,94,High,Yes,2,High,High,Public,Negative,3,No,High School,Far,Male,75,16+ hours,4,90-100%,4,1+ sessions,Within 0-100
6367,19,81,Medium,Low,Yes,10,56,Low,Yes,1,Medium,High,Public,Positive,3,No,High School,Near,Male,65,16+ hours,4,80-89%,3,1+ sessions,Within 0-100
6368,6,84,Medium,Medium,Yes,6,88,Medium,Yes,1,Low,Medium,Private,Positive,5,No,Postgraduate,Moderate,Male,65,6-10 hours,2,80-89%,3,1+ sessions,Within 0-100
6369,15,89,Medium,Low,No,6,55,Medium,Yes,1,Medium,Medium,Public,Positive,4,No,Postgraduate,Moderate,Male,66,11-15 hours,3,80-89%,3,1+ sessions,Within 0-100
6370,17,61,High,Medium,Yes,9,69,High,Yes,1,Medium,High,Public,Positive,3,No,High School,Far,Male,64,16+ hours,4,60-69%,1,1+ sessions,Within 0-100
6371,18,83,Low,Medium,No,8,100,Medium,Yes,1,Low,High,Private,Negative,2,No,High School,Near,Female,66,16+ hours,4,80-89%,3,1+ sessions,Within 0-100
6372,19,95,Medium,High,Yes,8,53,Medium,Yes,3,Low,Medium,Public,Positive,1,No,High School,Moderate,Female,70,16+ hours,4,90-100%,4,1+ sessions,Within 0-100
6373,27,61,High,Low,No,5,51,High,Yes,1,Low,Medium,Private,Positive,1,No,College,Far,Male,63,16+ hours,4,60-69%,1,1+ sessions,Within 0-100
6374,28,76,Low,Low,No,7,67,High,Yes,1,High,Low,Public,Negative,4,No,College,Near,Male,66,16+ hours,4,70-79%,2,1+ sessions,Within 0-100
6375,19,97,Low,Medium,Yes,8,98,Low,Yes,1,Medium,Medium,Public,Positive,3,No,College,Near,Female,71,16+ hours,4,90-100%,4,1+ sessions,Within 0-100
6376,27,74,Medium,High,No,6,51,High,Yes,2,Medium,Medium,Private,Positive,4,No,High School,Far,Male,68,16+ hours,4,70-79%,2,1+ sessions,Within 0-100
6377,22,78,Medium,Medium,Yes,8,61,Medium,Yes,2,High,Medium,Public,Positive,5,No,High School,Moderate,Male,68,16+ hours,4,70-79%,2,1+ sessions,Within 0-100
6378,20,99,Low,Medium,No,7,80,High,Yes,0,Medium,High,Public,Negative,3,No,Postgraduate,Near,Male,71,16+ hours,4,90-100%,4,No tutoring,Within 0-100
6379,25,68,Low,Medium,No,6,62,Low,Yes,1,Low,High,Private,Negative,4,No,College,Moderate,Female,63,16+ hours,4,60-69%,1,1+ sessions,Within 0-100
6380,20,63,Low,Low,No,9,53,Low,Yes,1,Medium,Medium,Public,Positive,4,No,High School,Near,Male,60,16+ hours,4,60-69%,1,1+ sessions,Within 0-100
6381,32,94,Medium,High,Yes,9,53,Medium,Yes,1,Medium,Medium,Public,Neutral,3,No,High School,Near,Female,73,16+ hours,4,90-100%,4,1+ sessions,Within 0-100
6382,11,95,Medium,Medium,Yes,7,78,Low,Yes,4,Medium,Medium,Private,Negative,4,No,High School,Near,Female,68,11-15 hours,3,90-100%,4,1+ sessions,Within 0-100
6383,17,79,High,High,Yes,8,78,Medium,Yes,2,High,Medium,Public,Positive,5,No,High School,Near,Female,70,16+ hours,4,70-79%,2,1+ sessions,Within 0-100
6384,19,81,Medium,Medium,Yes,9,85,Medium,Yes,1,Low,Medium,Public,Neutral,1,No,High School,Moderate,Male,66,16+ hours,4,80-89%,3,1+ sessions,Within 0-100
6385,23,93,High,Medium,No,6,57,Medium,Yes,1,High,Medium,Public,Positive,2,No,Postgraduate,Near,Female,72,16+ hours,4,90-100%,4,1+ sessions,Within 0-100
6386,28,90,High,Low,Yes,8,75,Medium,Yes,1,Low,High,Public,Neutral,3,Yes,High School,Moderate,Male,70,16+ hours,4,90-100%,4,1+ sessions,Within 0-100
6387,20,71,High,High,Yes,6,80,Medium,Yes,2,High,Low,Public,Positive,3,No,High School,Near,Male,68,16+ hours,4,70-79%,2,1+ sessions,Within 0-100
6388,11,61,Medium,Medium,Yes,5,61,Medium,Yes,3,Medium,High,Public,Neutral,0,Yes,Postgraduate,Near,Male,60,11-15 hours,3,60-69%,1,1+ sessions,Within 0-100
6389,25,79,High,Medium,No,6,77,Low,No,2,Low,High,Public,Neutral,3,No,High School,Near,Male,68,16+ hours,4,70-79%,2,1+ sessions,Within 0-100
6390,25,94,High,High,No,5,85,High,Yes,1,Medium,Medium,Public,Neutral,2,No,College,Near,Female,74,16+ hours,4,90-100%,4,1+ sessions,Within 0-100
6391,8,96,Medium,Medium,Yes,8,100,High,Yes,1,High,Medium,Public,Negative,4,No,High School,Moderate,Male,68,6-10 hours,2,90-100%,4,1+ sessions,Within 0-100
6392,20,98,Low,Medium,Yes,6,80,Low,Yes,4,Medium,Medium,Public,Positive,4,No,College,Near,Male,72,16+ hours,4,90-100%,4,1+ sessions,Within 0-100
6393,10,95,Medium,High,Yes,5,93,High,Yes,0,Low,High,Public,Positive,3,No,High School,Moderate,Male,69,6-10 hours,2,90-100%,4,No tutoring,Within 0-100
6394,16,83,Low,Medium,Yes,8,92,Low,Yes,2,High,High,Public,Positive,4,No,Postgraduate,Near,Female,98,16+ hours,4,80-89%,3,1+ sessions,Within 0-100
6395,15,78,Medium,High,No,8,97,Medium,Yes,1,Medium,Medium,Public,Neutral,4,No,Postgraduate,Near,Male,68,11-15 hours,3,70-79%,2,1+ sessions,Within 0-100
6396,25,91,Medium,Low,No,7,86,Medium,Yes,0,Medium,Medium,Public,Neutral,5,No,High School,Near,Female,70,16+ hours,4,90-100%,4,No tutoring,Within 0-100
6397,21,90,Medium,Medium,No,8,61,Medium,Yes,1,High,Medium,Public,Positive,4,No,Postgraduate,Moderate,Female,69,16+ hours,4,90-100%,4,1+ sessions,Within 0-100
6398,12,82,High,Low,No,6,65,Low,Yes,3,Medium,Medium,Private,Negative,3,No,High School,Near,Female,64,11-15 hours,3,80-89%,3,1+ sessions,Within 0-100
6399,25,63,Medium,Low,No,6,89,High,Yes,1,Medium,High,Private,Neutral,4,No,High School,Moderate,Male,65,16+ hours,4,60-69%,1,1+ sessions,Within 0-100
6400,11,97,Medium,Medium,No,8,76,High,Yes,2,Medium,High,Public,Positive,2,No,High School,Moderate,Female,69,11-15 hours,3,90-100%,4,1+ sessions,Within 0-100
6401,22,78,Medium,Low,No,9,63,High,Yes,2,Medium,High,Public,Neutral,4,No,High School,Near,Male,67,16+ hours,4,70-79%,2,1+ sessions,Within 0-100
6402,15,75,Medium,High,No,6,83,Low,Yes,1,High,Medium,Private,Negative,2,No,High School,Near,Female,65,11-15 hours,3,70-79%,2,1+ sessions,Within 0-100
6403,18,85,Medium,High,Yes,6,95,High,Yes,2,Low,Low,Private,Positive,4,No,College,Near,Female,70,16+ hours,4,80-89%,3,1+ sessions,Within 0-100
6404,23,87,High,Low,No,8,68,Medium,Yes,0,High,High,Private,Neutral,3,No,College,Far,Male,68,16+ hours,4,80-89%,3,No tutoring,Within 0-100
6405,23,68,Medium,Medium,Yes,8,80,Medium,Yes,1,Medium,Low,Public,Neutral,1,No,High School,Near,Female,65,16+ hours,4,60-69%,1,1+ sessions,Within 0-100
6406,28,93,Medium,Medium,No,7,79,High,Yes,0,Medium,Medium,Public,Positive,4,No,Postgraduate,Near,Male,74,16+ hours,4,90-100%,4,No tutoring,Within 0-100
6407,20,72,Medium,Medium,Yes,9,56,Medium,Yes,4,High,Medium,Public,Negative,2,No,High School,Near,Male,65,16+ hours,4,70-79%,2,1+ sessions,Within 0-100
6408,22,67,High,High,Yes,10,55,Medium,Yes,1,Low,Medium,Public,Positive,2,No,High School,Moderate,Male,65,16+ hours,4,60-69%,1,1+ sessions,Within 0-100
6409,17,76,High,Medium,Yes,8,94,Medium,Yes,3,Medium,Medium,Public,Neutral,4,No,High School,Moderate,Female,68,16+ hours,4,70-79%,2,1+ sessions,Within 0-100
6410,21,89,Medium,Medium,No,6,97,Medium,No,1,Low,Medium,Private,Negative,3,No,Postgraduate,Far,Female,68,16+ hours,4,80-89%,3,1+ sessions,Within 0-100
6411,23,99,Medium,Medium,No,8,95,High,Yes,5,Medium,Medium,Public,Neutral,4,No,High School,Moderate,Female,74,16+ hours,4,90-100%,4,1+ sessions,Within 0-100
6412,19,92,High,Medium,No,6,70,High,Yes,2,Medium,Medium,Private,Negative,3,No,Unknown,Near,Female,71,16+ hours,4,90-100%,4,1+ sessions,Within 0-100
6413,9,98,High,Medium,Yes,9,64,Medium,Yes,1,Low,Medium,Private,Negative,3,No,High School,Near,Male,67,6-10 hours,2,90-100%,4,1+ sessions,Within 0-100
6414,22,66,Medium,Medium,Yes,6,97,Low,Yes,0,High,Low,Public,Neutral,3,No,High School,Moderate,Female,64,16+ hours,4,60-69%,1,No tutoring,Within 0-100
6415,22,63,Low,Low,Yes,7,94,Medium,Yes,0,Medium,Unknown,Public,Negative,3,Yes,High School,Far,Male,61,16+ hours,4,60-69%,1,No tutoring,Within 0-100
6416,16,82,Medium,Medium,No,6,91,Medium,Yes,0,Low,Medium,Public,Positive,3,No,High School,Near,Female,66,16+ hours,4,80-89%,3,No tutoring,Within 0-100
6417,12,72,Medium,Medium,No,7,67,Low,Yes,0,Low,Medium,Public,Positive,2,No,High School,Near,Female,61,11-15 hours,3,70-79%,2,No tutoring,Within 0-100
6418,29,93,Medium,High,No,7,82,Medium,Yes,5,Low,Medium,Public,Negative,3,No,High School,Moderate,Male,73,16+ hours,4,90-100%,4,1+ sessions,Within 0-100
6419,23,87,Low,Medium,No,8,88,High,Yes,2,Medium,High,Public,Neutral,3,No,High School,Near,Male,70,16+ hours,4,80-89%,3,1+ sessions,Within 0-100
6420,19,99,Low,Medium,No,7,79,Medium,Yes,2,Low,Medium,Private,Neutral,2,No,Postgraduate,Near,Male,70,16+ hours,4,90-100%,4,1+ sessions,Within 0-100
6421,13,70,Medium,Low,Yes,7,80,High,Yes,1,High,Medium,Public,Positive,4,No,College,Far,Female,63,11-15 hours,3,70-79%,2,1+ sessions,Within 0-100
6422,15,79,High,Medium,Yes,6,88,Medium,Yes,3,High,Medium,Public,Neutral,3,No,Postgraduate,Moderate,Male,69,11-15 hours,3,70-79%,2,1+ sessions,Within 0-100
6423,28,80,High,High,No,7,88,Medium,Yes,2,High,Medium,Public,Negative,2,No,High School,Near,Male,72,16+ hours,4,80-89%,3,1+ sessions,Within 0-100
6424,21,70,Medium,High,Yes,5,62,Medium,Yes,2,Low,High,Public,Neutral,2,No,Unknown,Near,Female,66,16+ hours,4,70-79%,2,1+ sessions,Within 0-100
6425,17,84,High,High,No,9,70,Medium,Yes,1,High,Medium,Public,Negative,4,No,High School,Near,Male,68,16+ hours,4,80-89%,3,1+ sessions,Within 0-100
6426,23,78,Medium,High,No,7,89,Medium,Yes,1,Medium,Low,Public,Neutral,3,No,High School,Far,Male,67,16+ hours,4,70-79%,2,1+ sessions,Within 0-100
6427,15,78,Medium,High,Yes,9,63,Medium,No,2,Medium,Medium,Private,Positive,3,No,Postgraduate,Far,Female,65,11-15 hours,3,70-79%,2,1+ sessions,Within 0-100
6428,29,75,Low,Medium,Yes,7,96,Low,Yes,2,Low,Unknown,Public,Positive,3,No,High School,Moderate,Male,68,16+ hours,4,70-79%,2,1+ sessions,Within 0-100
6429,28,61,High,Medium,Yes,4,92,Low,Yes,1,Medium,High,Private,Neutral,4,No,College,Near,Female,68,16+ hours,4,60-69%,1,1+ sessions,Within 0-100
6430,17,81,High,Medium,No,6,95,High,Yes,2,Medium,Medium,Private,Positive,3,No,High School,Near,Male,69,16+ hours,4,80-89%,3,1+ sessions,Within 0-100
6431,16,73,High,High,Yes,7,65,Low,Yes,1,Medium,Medium,Private,Positive,4,No,College,Moderate,Male,66,16+ hours,4,70-79%,2,1+ sessions,Within 0-100
6432,4,60,Medium,Medium,Yes,7,55,Medium,Yes,2,Low,Medium,Private,Neutral,2,No,Postgraduate,Near,Male,58,1-5 hours,1,60-69%,1,1+ sessions,Within 0-100
6433,11,72,High,Low,No,8,55,High,Yes,0,Medium,Low,Public,Neutral,3,Yes,College,Unknown,Male,60,11-15 hours,3,70-79%,2,No tutoring,Within 0-100
6434,12,71,High,High,Yes,7,78,High,Yes,3,Low,Medium,Public,Positive,4,No,College,Moderate,Female,67,11-15 hours,3,70-79%,2,1+ sessions,Within 0-100
6435,21,76,Medium,Medium,Yes,6,65,Low,Yes,2,Low,High,Public,Negative,2,No,High School,Near,Female,65,16+ hours,4,70-79%,2,1+ sessions,Within 0-100
6436,18,65,High,Medium,Yes,6,63,High,Yes,1,Low,Medium,Public,Negative,2,No,High School,Far,Male,62,16+ hours,4,60-69%,1,1+ sessions,Within 0-100
6437,12,80,Medium,High,Yes,6,61,Medium,Yes,0,High,High,Private,Neutral,2,No,High School,Near,Male,65,11-15 hours,3,80-89%,3,No tutoring,Within 0-100
6438,18,88,High,High,No,8,78,Medium,Yes,0,Medium,Medium,Public,Neutral,2,No,College,Moderate,Male,69,16+ hours,4,80-89%,3,No tutoring,Within 0-100
6439,23,85,Low,High,No,8,77,Medium,Yes,0,High,Medium,Public,Positive,4,No,College,Near,Male,70,16+ hours,4,80-89%,3,No tutoring,Within 0-100
6440,23,92,Low,High,Yes,6,71,High,Yes,2,Low,Medium,Public,Positive,2,No,High School,Moderate,Male,70,16+ hours,4,90-100%,4,1+ sessions,Within 0-100
6441,9,78,High,Medium,No,9,57,Low,Yes,1,Low,High,Public,Positive,5,No,High School,Moderate,Female,63,6-10 hours,2,70-79%,2,1+ sessions,Within 0-100
6442,19,81,Low,Medium,Yes,8,96,High,Yes,0,Medium,High,Public,Neutral,4,No,Postgraduate,Near,Male,69,16+ hours,4,80-89%,3,No tutoring,Within 0-100
6443,12,92,Low,Medium,No,6,71,Low,Yes,0,Medium,High,Private,Negative,4,No,High School,Near,Male,64,11-15 hours,3,90-100%,4,No tutoring,Within 0-100
6444,25,77,Medium,High,No,7,56,Medium,Yes,1,Low,Medium,Public,Positive,3,No,Postgraduate,Near,Male,69,16+ hours,4,70-79%,2,1+ sessions,Within 0-100
6445,25,88,High,Medium,Yes,8,52,Low,Yes,1,Medium,Medium,Public,Positive,2,No,High School,Near,Male,70,16+ hours,4,80-89%,3,1+ sessions,Within 0-100
6446,15,77,Medium,Medium,Yes,5,58,Medium,Yes,1,Low,Medium,Public,Positive,3,No,College,Moderate,Female,64,11-15 hours,3,70-79%,2,1+ sessions,Within 0-100
6447,15,77,High,Medium,Yes,5,65,Low,No,2,Low,Medium,Public,Positive,4,Yes,Postgraduate,Near,Male,65,11-15 hours,3,70-79%,2,1+ sessions,Within 0-100
6448,17,90,High,Medium,No,8,82,Medium,Yes,0,Medium,High,Public,Neutral,4,No,College,Near,Male,70,16+ hours,4,90-100%,4,No tutoring,Within 0-100
6449,6,67,Medium,Low,Yes,6,99,Low,Yes,0,Medium,Medium,Private,Neutral,2,No,College,Near,Male,60,6-10 hours,2,60-69%,1,No tutoring,Within 0-100
6450,22,74,Medium,High,Yes,9,64,High,Yes,3,Medium,Medium,Public,Neutral,3,No,High School,Near,Female,68,16+ hours,4,70-79%,2,1+ sessions,Within 0-100
6451,18,69,Low,Low,Yes,10,89,Low,Yes,2,Low,High,Public,Neutral,1,Yes,High School,Moderate,Male,61,16+ hours,4,60-69%,1,1+ sessions,Within 0-100
6452,26,74,Medium,Low,Yes,8,96,Medium,Yes,2,Medium,High,Private,Neutral,3,No,High School,Near,Female,68,16+ hours,4,70-79%,2,1+ sessions,Within 0-100
6453,13,69,Medium,Low,No,8,70,Medium,Yes,1,High,High,Private,Neutral,3,No,High School,Moderate,Male,61,11-15 hours,3,60-69%,1,1+ sessions,Within 0-100
6454,16,83,Low,Medium,No,5,63,Low,Yes,2,High,Medium,Private,Positive,3,Yes,High School,Moderate,Female,64,16+ hours,4,80-89%,3,1+ sessions,Within 0-100
6455,11,92,Medium,Medium,No,5,75,Medium,Yes,2,Medium,Medium,Public,Negative,3,No,High School,Near,Female,66,11-15 hours,3,90-100%,4,1+ sessions,Within 0-100
6456,14,91,Medium,Medium,Yes,7,95,Medium,Yes,2,High,High,Public,Positive,2,No,High School,Moderate,Male,70,11-15 hours,3,90-100%,4,1+ sessions,Within 0-100
6457,13,75,High,High,Yes,5,51,Medium,Yes,3,Medium,Medium,Private,Negative,3,No,High School,Near,Female,65,11-15 hours,3,70-79%,2,1+ sessions,Within 0-100
6458,26,100,Medium,High,Yes,7,74,High,Yes,1,Medium,Medium,Public,Neutral,2,No,High School,Near,Female,74,16+ hours,4,90-100%,4,1+ sessions,Within 0-100
6459,16,84,High,High,No,6,88,Low,Yes,1,Medium,Medium,Private,Negative,1,Yes,High School,Near,Male,66,16+ hours,4,80-89%,3,1+ sessions,Within 0-100
6460,21,76,Low,Medium,Yes,7,80,High,Yes,3,Low,Medium,Public,Negative,2,Yes,College,Near,Male,65,16+ hours,4,70-79%,2,1+ sessions,Within 0-100
6461,18,93,Low,High,No,7,75,High,Yes,1,High,Medium,Private,Positive,1,No,College,Moderate,Female,69,16+ hours,4,90-100%,4,1+ sessions,Within 0-100
6462,12,89,Medium,High,Yes,8,78,Low,Yes,4,Low,Unknown,Public,Neutral,5,No,Postgraduate,Near,Female,69,11-15 hours,3,80-89%,3,1+ sessions,Within 0-100
6463,19,90,Low,High,No,7,81,Medium,Yes,2,Medium,Medium,Private,Positive,2,No,High School,Near,Female,69,16+ hours,4,90-100%,4,1+ sessions,Within 0-100
6464,24,68,High,Low,No,6,84,Medium,Yes,1,Low,High,Public,Positive,4,No,High School,Near,Female,66,16+ hours,4,60-69%,1,1+ sessions,Within 0-100
6465,13,79,Medium,Low,No,5,68,Medium,No,2,High,Medium,Private,Positive,3,No,High School,Near,Female,63,11-15 hours,3,70-79%,2,1+ sessions,Within 0-100
6466,25,94,Medium,Low,Yes,7,76,Medium,Yes,1,Low,High,Private,Neutral,2,Yes,High School,Moderate,Female,69,16+ hours,4,90-100%,4,1+ sessions,Within 0-100
6467,15,80,Medium,High,Yes,4,64,Medium,Yes,1,Medium,Medium,Public,Neutral,1,No,High School,Near,Male,65,11-15 hours,3,80-89%,3,1+ sessions,Within 0-100
6468,17,87,Medium,Medium,No,9,99,Medium,Yes,1,Medium,Low,Private,Neutral,3,No,High School,Moderate,Male,67,16+ hours,4,80-89%,3,1+ sessions,Within 0-100
6469,23,84,Medium,Medium,No,8,59,Low,Yes,1,Low,High,Public,Positive,4,Yes,Postgraduate,Far,Female,66,16+ hours,4,80-89%,3,1+ sessions,Within 0-100
6470,16,94,Low,Medium,Yes,8,58,Medium,Yes,2,Low,Medium,Public,Positive,3,Yes,College,Near,Male,67,16+ hours,4,90-100%,4,1+ sessions,Within 0-100
6471,20,71,Low,High,Yes,6,63,High,Yes,1,Low,Medium,Public,Positive,2,No,College,Moderate,Male,65,16+ hours,4,70-79%,2,1+ sessions,Within 0-100
6472,18,83,Medium,High,No,8,96,Low,Yes,0,Medium,High,Public,Positive,4,Yes,Postgraduate,Near,Female,69,16+ hours,4,80-89%,3,No tutoring,Within 0-100
6473,21,65,Low,High,No,6,83,Medium,Yes,3,Low,High,Public,Neutral,5,No,High School,Near,Male,65,16+ hours,4,60-69%,1,1+ sessions,Within 0-100
6474,6,88,High,High,Yes,7,73,Medium,Yes,3,Low,Medium,Private,Neutral,3,No,College,Near,Male,67,6-10 hours,2,80-89%,3,1+ sessions,Within 0-100
6475,9,89,Medium,Medium,Yes,6,96,Medium,Yes,0,High,Low,Public,Negative,4,No,High School,Near,Male,66,6-10 hours,2,80-89%,3,No tutoring,Within 0-100
6476,24,62,Low,Medium,No,7,95,Medium,Yes,1,High,Low,Public,Positive,3,No,College,Far,Female,64,16+ hours,4,60-69%,1,1+ sessions,Within 0-100
6477,26,87,Medium,High,No,5,70,Low,Yes,1,Low,Medium,Private,Positive,2,No,High School,Near,Female,70,16+ hours,4,80-89%,3,1+ sessions,Within 0-100
6478,15,77,Medium,High,Yes,7,78,Medium,Yes,0,Low,High,Public,Neutral,3,No,High School,Moderate,Male,65,11-15 hours,3,70-79%,2,No tutoring,Within 0-100
6479,19,65,Low,Medium,Yes,5,95,Medium,Yes,2,Medium,High,Private,Neutral,4,No,College,Near,Male,65,16+ hours,4,60-69%,1,1+ sessions,Within 0-100
6480,22,77,Low,Low,No,10,66,Medium,Yes,2,Low,Medium,Public,Positive,3,No,College,Moderate,Male,64,16+ hours,4,70-79%,2,1+ sessions,Within 0-100
6481,24,68,Medium,Low,Yes,7,70,Low,Yes,1,Low,Low,Public,Neutral,3,No,College,Near,Male,64,16+ hours,4,60-69%,1,1+ sessions,Within 0-100
6482,8,77,Medium,Low,Yes,7,90,Low,Yes,1,Medium,Medium,Public,Neutral,0,No,High School,Moderate,Male,61,6-10 hours,2,70-79%,2,1+ sessions,Within 0-100
6483,15,75,High,Medium,No,8,85,Medium,Yes,1,Low,High,Public,Neutral,3,No,High School,Near,Male,65,11-15 hours,3,70-79%,2,1+ sessions,Within 0-100
6484,18,90,High,Medium,Yes,5,52,Low,Yes,5,Medium,Medium,Private,Positive,3,Yes,High School,Moderate,Male,68,16+ hours,4,90-100%,4,1+ sessions,Within 0-100
6485,24,91,Low,High,Yes,6,56,Medium,Yes,1,Low,High,Public,Positive,2,No,College,Moderate,Male,70,16+ hours,4,90-100%,4,1+ sessions,Within 0-100
6486,35,84,Low,Medium,Yes,8,92,High,Yes,6,Low,High,Public,Negative,4,No,High School,Moderate,Male,74,16+ hours,4,80-89%,3,1+ sessions,Within 0-100
6487,19,61,Medium,Medium,No,7,51,Low,Yes,1,Low,High,Public,Neutral,1,No,High School,Near,Female,60,16+ hours,4,60-69%,1,1+ sessions,Within 0-100
6488,12,97,High,Low,Yes,6,96,Medium,Yes,2,Low,High,Public,Positive,2,No,Postgraduate,Near,Female,71,11-15 hours,3,90-100%,4,1+ sessions,Within 0-100
6489,22,87,High,High,Yes,8,64,Medium,No,2,Medium,High,Public,Negative,3,No,High School,Moderate,Female,70,16+ hours,4,80-89%,3,1+ sessions,Within 0-100
6490,28,61,Low,Medium,Yes,7,80,Low,Yes,2,Medium,Medium,Public,Positive,4,No,Postgraduate,Near,Female,67,16+ hours,4,60-69%,1,1+ sessions,Within 0-100
6491,21,93,Medium,Medium,Yes,8,78,Medium,No,0,Low,Medium,Private,Neutral,3,No,High School,Near,Male,68,16+ hours,4,90-100%,4,No tutoring,Within 0-100
6492,15,68,High,Medium,No,8,70,Medium,Yes,3,Medium,High,Public,Negative,3,No,High School,Near,Female,64,11-15 hours,3,60-69%,1,1+ sessions,Within 0-100
6493,26,83,High,Low,No,6,52,Medium,Yes,0,Low,High,Public,Negative,3,No,High School,Near,Male,67,16+ hours,4,80-89%,3,No tutoring,Within 0-100
6494,24,79,Low,Low,No,7,60,Low,Yes,0,Low,High,Public,Neutral,3,No,Postgraduate,Near,Female,65,16+ hours,4,70-79%,2,No tutoring,Within 0-100
6495,14,77,Medium,Medium,Yes,4,81,Low,Yes,3,Medium,Medium,Private,Neutral,3,No,College,Unknown,Female,66,11-15 hours,3,70-79%,2,1+ sessions,Within 0-100
6496,22,96,Medium,Medium,Yes,6,72,Low,Yes,1,High,Medium,Public,Positive,4,No,College,Near,Female,72,16+ hours,4,90-100%,4,1+ sessions,Within 0-100
6497,26,77,Low,Medium,Yes,7,71,High,Yes,3,High,Medium,Public,Neutral,3,No,High School,Unknown,Female,69,16+ hours,4,70-79%,2,1+ sessions,Within 0-100
6498,27,63,Medium,Medium,Yes,8,55,Low,Yes,1,Medium,Medium,Private,Neutral,3,No,Postgraduate,Near,Female,65,16+ hours,4,60-69%,1,1+ sessions,Within 0-100
6499,20,98,Low,High,Yes,8,67,Medium,Yes,0,High,Medium,Public,Positive,3,No,High School,Near,Female,71,16+ hours,4,90-100%,4,No tutoring,Within 0-100
6500,18,97,High,High,Yes,6,76,Medium,Yes,0,Medium,High,Public,Neutral,5,No,High School,Moderate,Male,72,16+ hours,4,90-100%,4,No tutoring,Within 0-100
6501,27,87,High,Medium,No,6,54,Medium,Yes,0,Medium,Medium,Private,Positive,2,No,High School,Near,Female,70,16+ hours,4,80-89%,3,No tutoring,Within 0-100
6502,13,79,High,Medium,No,9,53,Medium,No,1,Medium,Medium,Private,Positive,2,No,College,Moderate,Male,63,11-15 hours,3,70-79%,2,1+ sessions,Within 0-100
6503,23,64,Medium,Medium,No,7,75,Medium,Yes,2,Medium,High,Public,Positive,2,No,Unknown,Near,Female,66,16+ hours,4,60-69%,1,1+ sessions,Within 0-100
6504,12,92,Low,Low,Yes,7,78,High,Yes,3,Medium,High,Public,Negative,2,No,College,Near,Male,67,11-15 hours,3,90-100%,4,1+ sessions,Within 0-100
6505,26,63,Medium,High,No,8,63,Low,Yes,1,High,High,Public,Neutral,3,No,Postgraduate,Near,Male,67,16+ hours,4,60-69%,1,1+ sessions,Within 0-100
6506,18,63,Medium,Medium,Yes,7,66,Low,Yes,2,Medium,Medium,Private,Negative,2,No,College,Near,Female,62,16+ hours,4,60-69%,1,1+ sessions,Within 0-100
6507,28,81,Medium,High,Yes,7,90,High,Yes,3,Medium,Medium,Private,Negative,3,No,High School,Moderate,Male,72,16+ hours,4,80-89%,3,1+ sessions,Within 0-100
6508,23,66,Medium,High,Yes,7,93,High,Yes,1,High,High,Public,Positive,1,No,High School,Near,Female,69,16+ hours,4,60-69%,1,1+ sessions,Within 0-100
6509,13,60,Medium,Medium,Yes,6,66,Medium,Yes,1,Medium,High,Public,Positive,5,Yes,College,Moderate,Male,61,11-15 hours,3,60-69%,1,1+ sessions,Within 0-100
6510,29,77,Medium,Low,Yes,7,68,High,Yes,1,Medium,Medium,Public,Positive,3,No,High School,Far,Female,67,16+ hours,4,70-79%,2,1+ sessions,Within 0-100
6511,29,65,Low,Medium,Yes,4,92,Medium,No,0,Medium,Medium,Private,Positive,4,No,High School,Near,Female,66,16+ hours,4,60-69%,1,No tutoring,Within 0-100
6512,25,66,Medium,Medium,Yes,6,99,Medium,Yes,2,Medium,Medium,Public,Positive,3,No,College,Near,Female,68,16+ hours,4,60-69%,1,1+ sessions,Within 0-100
6513,15,63,Medium,High,No,8,66,High,Yes,1,Low,Medium,Private,Negative,4,No,College,Near,Male,62,11-15 hours,3,60-69%,1,1+ sessions,Within 0-100
6514,18,68,High,Low,Yes,8,89,Medium,Yes,0,Medium,Low,Public,Negative,3,No,College,Far,Male,63,16+ hours,4,60-69%,1,No tutoring,Within 0-100
6515,21,89,Medium,Medium,Yes,9,74,High,Yes,3,Low,Medium,Private,Positive,4,No,High School,Moderate,Female,70,16+ hours,4,80-89%,3,1+ sessions,Within 0-100
6516,16,92,Low,High,Yes,8,63,Medium,Yes,2,Low,Medium,Public,Neutral,4,No,College,Moderate,Male,68,16+ hours,4,90-100%,4,1+ sessions,Within 0-100
6517,30,78,Medium,High,Yes,8,84,Medium,Yes,1,High,Low,Private,Negative,1,No,College,Near,Male,71,16+ hours,4,70-79%,2,1+ sessions,Within 0-100
6518,21,80,High,Low,No,7,73,Medium,Yes,0,Medium,Low,Private,Neutral,2,No,High School,Moderate,Female,65,16+ hours,4,80-89%,3,No tutoring,Within 0-100
6519,4,61,Low,High,Yes,6,63,Medium,Yes,4,Medium,Medium,Public,Neutral,3,No,High School,Moderate,Male,59,1-5 hours,1,60-69%,1,1+ sessions,Within 0-100
6520,22,63,High,Low,Yes,8,55,Medium,Yes,2,Medium,Medium,Private,Neutral,4,No,High School,Near,Male,64,16+ hours,4,60-69%,1,1+ sessions,Within 0-100
6521,18,70,Medium,High,No,7,93,Medium,Yes,0,Medium,High,Public,Positive,3,No,College,Near,Male,67,16+ hours,4,70-79%,2,No tutoring,Within 0-100
6522,20,82,Medium,Medium,No,6,94,Medium,Yes,3,Low,Medium,Private,Positive,2,No,High School,Near,Male,68,16+ hours,4,80-89%,3,1+ sessions,Within 0-100
6523,18,90,High,High,Yes,6,54,Low,Yes,1,Medium,High,Public,Negative,3,No,High School,Near,Female,95,16+ hours,4,90-100%,4,1+ sessions,Within 0-100
6524,25,84,Medium,Medium,Yes,7,83,High,Yes,1,Low,Medium,Public,Positive,3,No,High School,Moderate,Male,70,16+ hours,4,80-89%,3,1+ sessions,Within 0-100
6525,27,76,Medium,Medium,No,9,58,Medium,Yes,1,Medium,Medium,Public,Positive,3,No,College,Near,Female,68,16+ hours,4,70-79%,2,1+ sessions,Within 0-100
6526,22,65,Low,Medium,No,7,82,Medium,Yes,2,Medium,High,Public,Positive,4,Yes,College,Near,Male,65,16+ hours,4,60-69%,1,1+ sessions,Within 0-100
6527,18,91,Low,Medium,No,7,95,Medium,Yes,2,Low,High,Public,Positive,2,No,Postgraduate,Near,Male,70,16+ hours,4,90-100%,4,1+ sessions,Within 0-100
6528,20,75,Medium,Medium,No,8,63,Medium,Yes,4,Medium,Low,Public,Neutral,3,No,Postgraduate,Near,Male,67,16+ hours,4,70-79%,2,1+ sessions,Within 0-100
6529,20,89,Medium,High,No,8,67,Medium,Yes,2,Low,High,Public,Neutral,2,Yes,College,Near,Male,69,16+ hours,4,80-89%,3,1+ sessions,Within 0-100
6530,15,81,Medium,High,Yes,7,90,High,Yes,1,Low,Medium,Private,Positive,2,No,Postgraduate,Far,Female,68,11-15 hours,3,80-89%,3,1+ sessions,Within 0-100
6531,23,90,High,High,No,7,87,High,Yes,1,Low,Medium,Public,Neutral,2,No,High School,Near,Female,72,16+ hours,4,90-100%,4,1+ sessions,Within 0-100
6532,23,96,Medium,High,No,6,70,Medium,Yes,1,Medium,Medium,Public,Neutral,2,No,High School,Near,Male,71,16+ hours,4,90-100%,4,1+ sessions,Within 0-100
6533,29,97,Medium,High,Yes,9,92,Medium,Yes,2,Low,Medium,Public,Positive,4,No,High School,Moderate,Female,75,16+ hours,4,90-100%,4,1+ sessions,Within 0-100
6534,28,81,Medium,High,No,6,96,Medium,Yes,0,Medium,Medium,Public,Neutral,2,No,High School,Near,Male,70,16+ hours,4,80-89%,3,No tutoring,Within 0-100
6535,16,80,Medium,Medium,No,9,73,Medium,Yes,2,Medium,Medium,Private,Negative,4,No,College,Near,Male,66,16+ hours,4,80-89%,3,1+ sessions,Within 0-100
6536,25,71,Medium,High,Yes,7,52,High,Yes,3,Low,Medium,Private,Neutral,3,No,High School,Near,Male,67,16+ hours,4,70-79%,2,1+ sessions,Within 0-100
6537,14,97,Medium,Medium,Yes,7,75,High,Yes,1,Medium,Medium,Public,Positive,4,No,College,Near,Female,70,11-15 hours,3,90-100%,4,1+ sessions,Within 0-100
6538,24,78,High,High,Yes,8,87,Medium,Yes,2,Medium,Medium,Public,Neutral,3,No,High School,Near,Male,71,16+ hours,4,70-79%,2,1+ sessions,Within 0-100
6539,17,65,Medium,Medium,No,6,61,Medium,Yes,5,Low,Medium,Public,Positive,4,No,High School,Near,Female,64,16+ hours,4,60-69%,1,1+ sessions,Within 0-100
6540,14,77,Medium,Medium,No,8,55,High,Yes,2,High,High,Private,Neutral,4,No,High School,Near,Male,65,11-15 hours,3,70-79%,2,1+ sessions,Within 0-100
6541,22,65,Medium,Medium,Yes,7,64,High,Yes,1,Medium,High,Private,Negative,2,No,High School,Moderate,Male,64,16+ hours,4,60-69%,1,1+ sessions,Within 0-100
6542,4,80,Low,Medium,Yes,8,51,Medium,Yes,4,Medium,High,Public,Negative,5,No,High School,Near,Male,62,1-5 hours,1,80-89%,3,1+ sessions,Within 0-100
6543,9,82,High,Low,Yes,6,86,Medium,Yes,2,Low,High,Private,Negative,2,No,College,Far,Female,64,6-10 hours,2,80-89%,3,1+ sessions,Within 0-100
6544,19,74,Medium,High,Yes,6,57,High,Yes,1,Medium,Medium,Private,Positive,2,No,High School,Near,Female,66,16+ hours,4,70-79%,2,1+ sessions,Within 0-100
6545,20,63,Medium,Medium,Yes,4,86,Low,Yes,0,High,Medium,Public,Neutral,3,No,College,Near,Male,64,16+ hours,4,60-69%,1,No tutoring,Within 0-100
6546,18,98,High,Medium,Yes,6,62,Low,Yes,3,Medium,High,Public,Positive,3,No,High School,Far,Female,71,16+ hours,4,90-100%,4,1+ sessions,Within 0-100
6547,11,91,High,Low,Yes,6,100,Low,Yes,4,Low,Medium,Public,Negative,2,No,Postgraduate,Near,Male,68,11-15 hours,3,90-100%,4,1+ sessions,Within 0-100
6548,15,94,Medium,Medium,Yes,6,77,Low,Yes,3,High,High,Private,Neutral,4,No,College,Near,Female,70,11-15 hours,3,90-100%,4,1+ sessions,Within 0-100
6549,22,75,High,Medium,No,7,52,High,Yes,0,Low,Medium,Private,Neutral,3,No,College,Near,Female,66,16+ hours,4,70-79%,2,No tutoring,Within 0-100
6550,23,90,Medium,Medium,No,7,89,Low,Yes,2,High,Medium,Public,Positive,4,No,College,Moderate,Female,71,16+ hours,4,90-100%,4,1+ sessions,Within 0-100
6551,20,79,Medium,Medium,Yes,8,71,Medium,Yes,1,Medium,High,Public,Neutral,3,No,College,Near,Female,68,16+ hours,4,70-79%,2,1+ sessions,Within 0-100
6552,27,68,Low,Low,Yes,8,80,High,Yes,3,Medium,Medium,Public,Positive,4,Yes,High School,Near,Male,66,16+ hours,4,60-69%,1,1+ sessions,Within 0-100
6553,22,65,Low,Medium,No,8,98,High,Yes,4,Medium,Medium,Private,Neutral,3,No,High School,Near,Female,66,16+ hours,4,60-69%,1,1+ sessions,Within 0-100
6554,16,74,Low,High,No,8,76,Medium,Yes,5,Low,Medium,Public,Negative,3,No,College,Moderate,Male,65,16+ hours,4,70-79%,2,1+ sessions,Within 0-100
6555,18,66,Medium,Medium,Yes,7,90,Medium,Yes,0,Medium,Medium,Public,Negative,4,No,Postgraduate,Near,Male,64,16+ hours,4,60-69%,1,No tutoring,Within 0-100
6556,12,100,Low,Medium,Yes,7,65,Medium,Yes,1,Low,Medium,Private,Positive,2,No,High School,Near,Male,67,11-15 hours,3,90-100%,4,1+ sessions,Within 0-100
6557,19,62,Medium,Medium,Yes,8,86,Low,Yes,1,High,Medium,Public,Positive,3,No,College,Near,Male,65,16+ hours,4,60-69%,1,1+ sessions,Within 0-100
6558,27,78,Medium,Medium,Yes,8,55,Low,Yes,3,High,Medium,Public,Neutral,2,No,Postgraduate,Moderate,Male,69,16+ hours,4,70-79%,2,1+ sessions,Within 0-100
6559,24,78,High,Medium,Yes,5,95,Low,Yes,1,Low,Medium,Private,Positive,2,No,College,Near,Male,69,16+ hours,4,70-79%,2,1+ sessions,Within 0-100
6560,28,72,Low,Medium,Yes,7,60,Medium,Yes,4,High,Medium,Public,Neutral,3,No,Postgraduate,Near,Male,69,16+ hours,4,70-79%,2,1+ sessions,Within 0-100
6561,18,83,Medium,High,No,4,65,Low,Yes,3,Low,Medium,Public,Positive,4,No,College,Moderate,Male,68,16+ hours,4,80-89%,3,1+ sessions,Within 0-100
6562,28,66,Medium,Low,Yes,4,98,Medium,Yes,0,Medium,High,Public,Positive,3,No,High School,Near,Female,67,16+ hours,4,60-69%,1,No tutoring,Within 0-100
6563,19,91,Medium,Low,No,6,58,High,Yes,2,Low,High,Public,Positive,3,No,College,Moderate,Male,68,16+ hours,4,90-100%,4,1+ sessions,Within 0-100
6564,29,73,Low,Low,Yes,7,63,Medium,Yes,1,Low,Medium,Public,Negative,4,No,Postgraduate,Far,Female,65,16+ hours,4,70-79%,2,1+ sessions,Within 0-100
6565,20,84,High,Medium,Yes,6,79,Medium,Yes,3,Medium,Medium,Public,Negative,3,No,College,Moderate,Male,69,16+ hours,4,80-89%,3,1+ sessions,Within 0-100
6566,24,89,Medium,Low,No,4,99,High,Yes,1,High,High,Private,Positive,3,No,Postgraduate,Near,Male,73,16+ hours,4,80-89%,3,1+ sessions,Within 0-100
6567,29,96,High,Medium,No,8,85,Low,Yes,3,High,Medium,Public,Neutral,3,No,Postgraduate,Near,Male,76,16+ hours,4,90-100%,4,1+ sessions,Within 0-100
6568,19,93,Medium,High,Yes,6,56,Medium,Yes,0,Low,High,Private,Negative,3,No,College,Near,Male,69,16+ hours,4,90-100%,4,No tutoring,Within 0-100
6569,21,84,High,Low,Yes,8,87,Low,Yes,2,High,Medium,Public,Positive,1,No,Postgraduate,Far,Female,69,16+ hours,4,80-89%,3,1+ sessions,Within 0-100
6570,28,76,Medium,Medium,Yes,6,71,Medium,Yes,3,Low,Medium,Private,Positive,2,No,High School,Far,Female,68,16+ hours,4,70-79%,2,1+ sessions,Within 0-100
6571,19,80,High,High,Yes,6,100,Medium,Yes,1,Medium,Medium,Public,Positive,3,No,High School,Near,Male,70,16+ hours,4,80-89%,3,1+ sessions,Within 0-100
6572,12,91,Medium,Low,Yes,8,81,Low,Yes,0,Low,Low,Public,Positive,4,No,High School,Moderate,Male,64,11-15 hours,3,90-100%,4,No tutoring,Within 0-100
6573,33,95,Low,Low,Yes,6,77,Low,Yes,2,High,High,Private,Positive,3,No,High School,Moderate,Female,73,16+ hours,4,90-100%,4,1+ sessions,Within 0-100
6574,17,64,Medium,Medium,Yes,7,78,High,Yes,1,Medium,Medium,Public,Positive,3,No,High School,Near,Male,64,16+ hours,4,60-69%,1,1+ sessions,Within 0-100
6575,21,75,Medium,Low,Yes,7,82,Medium,Yes,1,Medium,Medium,Public,Negative,4,No,High School,Near,Male,65,16+ hours,4,70-79%,2,1+ sessions,Within 0-100
6576,27,91,Low,High,No,5,87,Medium,No,0,Medium,Medium,Public,Negative,3,No,High School,Near,Female,69,16+ hours,4,90-100%,4,No tutoring,Within 0-100
6577,16,77,Medium,Low,Yes,8,54,Medium,No,0,Medium,Medium,Public,Negative,3,No,Postgraduate,Near,Male,62,16+ hours,4,70-79%,2,No tutoring,Within 0-100
6578,14,73,High,Medium,Yes,6,57,High,Yes,2,Medium,Medium,Public,Neutral,4,No,High School,Moderate,Female,64,11-15 hours,3,70-79%,2,1+ sessions,Within 0-100
6579,22,76,Low,High,No,5,65,Low,Yes,0,Medium,High,Public,Neutral,3,No,High School,Far,Female,64,16+ hours,4,70-79%,2,No tutoring,Within 0-100
6580,9,84,Medium,Medium,No,6,74,Medium,Yes,5,High,Unknown,Public,Neutral,2,No,High School,Near,Male,67,6-10 hours,2,80-89%,3,1+ sessions,Within 0-100
6581,18,100,Medium,Low,Yes,8,66,High,No,3,Low,Medium,Public,Negative,3,No,College,Near,Male,69,16+ hours,4,90-100%,4,1+ sessions,Within 0-100
6582,21,80,Medium,Low,Yes,5,61,Medium,Yes,2,High,Medium,Public,Positive,3,No,High School,Near,Male,67,16+ hours,4,80-89%,3,1+ sessions,Within 0-100
6583,18,68,Low,High,No,8,96,Medium,Yes,1,High,Medium,Public,Neutral,3,No,High School,Moderate,Male,65,16+ hours,4,60-69%,1,1+ sessions,Within 0-100
6584,11,67,Medium,High,No,8,52,High,Yes,3,High,High,Public,Negative,3,No,College,Moderate,Female,63,11-15 hours,3,60-69%,1,1+ sessions,Within 0-100
6585,30,62,Low,Low,Yes,7,97,Medium,Yes,0,High,Medium,Private,Neutral,5,No,College,Near,Female,66,16+ hours,4,60-69%,1,No tutoring,Within 0-100
6586,21,82,Medium,High,No,7,95,High,Yes,1,High,Medium,Public,Negative,3,No,High School,Near,Male,70,16+ hours,4,80-89%,3,1+ sessions,Within 0-100
6587,29,82,Medium,High,No,7,84,Low,Yes,1,Low,Medium,Private,Positive,2,No,High School,Near,Male,70,16+ hours,4,80-89%,3,1+ sessions,Within 0-100
6588,18,68,High,High,Yes,8,52,High,Yes,0,High,High,Public,Positive,3,No,College,Near,Male,67,16+ hours,4,60-69%,1,No tutoring,Within 0-100
6589,15,88,Low,Medium,Yes,6,61,Medium,Yes,0,High,Medium,Public,Neutral,4,Yes,Postgraduate,Far,Male,65,11-15 hours,3,80-89%,3,No tutoring,Within 0-100
6590,22,90,Low,High,No,5,99,Medium,Yes,1,Low,Low,Private,Positive,2,No,College,Unknown,Female,70,16+ hours,4,90-100%,4,1+ sessions,Within 0-100
6591,19,70,Medium,Medium,Yes,7,95,High,No,0,Medium,High,Private,Positive,3,No,College,Near,Female,66,16+ hours,4,70-79%,2,No tutoring,Within 0-100
6592,13,74,Medium,High,Yes,8,98,High,Yes,1,High,High,Public,Negative,2,No,High School,Near,Male,66,11-15 hours,3,70-79%,2,1+ sessions,Within 0-100
6593,29,100,Medium,Low,Yes,8,100,Low,Yes,0,Low,Medium,Private,Neutral,5,Yes,High School,Near,Male,72,16+ hours,4,90-100%,4,No tutoring,Within 0-100
6594,16,75,High,Low,Yes,10,53,High,Yes,0,Low,Low,Public,Positive,4,No,College,Near,Female,64,16+ hours,4,70-79%,2,No tutoring,Within 0-100
6595,9,90,High,High,Yes,7,79,Low,Yes,4,High,High,Public,Positive,4,No,High School,Unknown,Male,70,6-10 hours,2,90-100%,4,1+ sessions,Within 0-100
6596,28,78,Medium,High,No,7,92,Low,Yes,1,Medium,High,Public,Positive,3,No,Postgraduate,Moderate,Female,71,16+ hours,4,70-79%,2,1+ sessions,Within 0-100
6597,17,92,Medium,Medium,No,7,66,Low,Yes,2,Low,Unknown,Public,Negative,3,No,High School,Near,Male,66,16+ hours,4,90-100%,4,1+ sessions,Within 0-100
6598,16,91,High,Medium,Yes,6,72,High,Yes,0,High,High,Public,Negative,2,No,Postgraduate,Near,Female,70,16+ hours,4,90-100%,4,No tutoring,Within 0-100
6599,9,87,Low,Medium,Yes,6,64,Medium,Yes,1,High,Medium,Public,Neutral,2,No,High School,Near,Female,64,6-10 hours,2,80-89%,3,1+ sessions,Within 0-100
6600,30,94,Medium,Low,No,5,52,Low,No,3,High,Medium,Private,Neutral,2,No,Postgraduate,Moderate,Female,70,16+ hours,4,90-100%,4,1+ sessions,Within 0-100
6601,12,98,Medium,Low,Yes,4,54,Medium,Yes,2,Medium,High,Private,Neutral,3,No,High School,Near,Female,67,11-15 hours,3,90-100%,4,1+ sessions,Within 0-100
6602,20,83,Medium,Low,No,6,51,Low,Yes,2,Medium,Medium,Public,Neutral,4,No,High School,Moderate,Female,65,16+ hours,4,80-89%,3,1+ sessions,Within 0-100
6603,25,69,High,Medium,No,7,76,Medium,Yes,1,High,Medium,Public,Positive,2,No,High School,Near,Female,68,16+ hours,4,60-69%,1,1+ sessions,Within 0-100
6604,23,76,High,Medium,No,8,81,Medium,Yes,3,Low,High,Public,Positive,2,No,High School,Near,Female,69,16+ hours,4,70-79%,2,1+ sessions,Within 0-100
6605,20,90,Medium,Low,Yes,6,65,Low,Yes,3,Low,Medium,Public,Negative,2,No,Postgraduate,Near,Female,68,16+ hours,4,90-100%,4,1+ sessions,Within 0-100
6606,10,86,High,High,Yes,6,91,High,Yes,2,Low,Medium,Private,Positive,3,No,High School,Far,Female,68,6-10 hours,2,80-89%,3,1+ sessions,Within 0-100
6607,15,67,Medium,Low,Yes,9,94,Medium,Yes,0,Medium,Medium,Public,Positive,4,No,Postgraduate,Near,Male,64,11-15 hours,3,60-69%,1,No tutoring,Within 0-100
